# Blender 4.2.16 LTS
# www.blender.org
mtllib box.mtl
o 큐브.012
v -0.709075 -0.747079 1.231543
v -0.709075 -0.711258 1.249983
v -0.727515 -0.711258 1.231543
v -0.709075 -0.744352 1.238600
v -0.709075 -0.736587 1.244582
v -0.716132 -0.744352 1.231543
v -0.716309 -0.741061 1.238776
v -0.715942 -0.734765 1.243644
v -0.719721 -0.731939 1.242189
v -0.716132 -0.711258 1.248579
v -0.722114 -0.711258 1.244582
v -0.709075 -0.724966 1.248579
v -0.716309 -0.725309 1.246885
v -0.721177 -0.724596 1.243644
v -0.726111 -0.724966 1.231543
v -0.722114 -0.736587 1.231543
v -0.726111 -0.711258 1.238600
v -0.724417 -0.725309 1.238776
v -0.721177 -0.734765 1.238409
v -0.709075 0.711258 1.249983
v -0.709075 0.747079 1.231543
v -0.727515 0.711258 1.231543
v -0.709075 0.724966 1.248579
v -0.709075 0.736587 1.244582
v -0.716132 0.711258 1.248579
v -0.716309 0.725309 1.246885
v -0.715942 0.734765 1.243644
v -0.719721 0.731939 1.242189
v -0.716132 0.744352 1.231543
v -0.722114 0.736587 1.231543
v -0.709075 0.744352 1.238600
v -0.716309 0.741061 1.238776
v -0.721177 0.734765 1.238409
v -0.726111 0.711258 1.238600
v -0.722114 0.711258 1.244582
v -0.726111 0.724966 1.231543
v -0.724417 0.725309 1.238776
v -0.721177 0.724596 1.243644
v -0.709075 -0.747079 -1.231543
v -0.727515 -0.711258 -1.231543
v -0.709075 -0.711258 -1.249983
v -0.716132 -0.744352 -1.231543
v -0.722114 -0.736587 -1.231543
v -0.709075 -0.744352 -1.238600
v -0.716309 -0.741061 -1.238776
v -0.721177 -0.734765 -1.238409
v -0.719721 -0.731939 -1.242189
v -0.726111 -0.711258 -1.238600
v -0.722114 -0.711258 -1.244582
v -0.726111 -0.724966 -1.231543
v -0.724417 -0.725309 -1.238776
v -0.721177 -0.724596 -1.243644
v -0.709075 -0.724966 -1.248579
v -0.709075 -0.736587 -1.244582
v -0.716132 -0.711258 -1.248579
v -0.716309 -0.725309 -1.246885
v -0.715942 -0.734765 -1.243644
v -0.709075 0.747079 -1.231543
v -0.709075 0.711258 -1.249983
v -0.727515 0.711258 -1.231543
v -0.709075 0.744352 -1.238600
v -0.709075 0.736587 -1.244582
v -0.716132 0.744352 -1.231543
v -0.716309 0.741061 -1.238776
v -0.715942 0.734765 -1.243644
v -0.719721 0.731939 -1.242189
v -0.716132 0.711258 -1.248579
v -0.722114 0.711258 -1.244582
v -0.709075 0.724966 -1.248579
v -0.716309 0.725309 -1.246885
v -0.721177 0.724596 -1.243644
v -0.726111 0.724966 -1.231543
v -0.722114 0.736587 -1.231543
v -0.726111 0.711258 -1.238600
v -0.724417 0.725309 -1.238776
v -0.721177 0.734765 -1.238409
v 0.709075 -0.747079 1.231543
v 0.727515 -0.711258 1.231543
v 0.709075 -0.711258 1.249983
v 0.716132 -0.744352 1.231543
v 0.722114 -0.736587 1.231543
v 0.709075 -0.744352 1.238600
v 0.716309 -0.741061 1.238776
v 0.721177 -0.734765 1.238409
v 0.719721 -0.731939 1.242189
v 0.726111 -0.711258 1.238600
v 0.722114 -0.711258 1.244582
v 0.726111 -0.724966 1.231543
v 0.724417 -0.725309 1.238776
v 0.721177 -0.724596 1.243644
v 0.709075 -0.724966 1.248579
v 0.709075 -0.736587 1.244582
v 0.716132 -0.711258 1.248579
v 0.716309 -0.725309 1.246885
v 0.715942 -0.734765 1.243644
v 0.709075 0.747079 1.231543
v 0.709075 0.711258 1.249983
v 0.727515 0.711258 1.231543
v 0.709075 0.744352 1.238600
v 0.709075 0.736587 1.244582
v 0.716132 0.744352 1.231543
v 0.716309 0.741061 1.238776
v 0.715942 0.734765 1.243644
v 0.719721 0.731939 1.242189
v 0.716132 0.711258 1.248579
v 0.722114 0.711258 1.244582
v 0.709075 0.724966 1.248579
v 0.716309 0.725309 1.246885
v 0.721177 0.724596 1.243644
v 0.726111 0.724966 1.231543
v 0.722114 0.736587 1.231543
v 0.726111 0.711258 1.238600
v 0.724417 0.725309 1.238776
v 0.721177 0.734765 1.238409
v 0.709075 -0.747079 -1.231543
v 0.709075 -0.711258 -1.249983
v 0.727515 -0.711258 -1.231543
v 0.709075 -0.744352 -1.238600
v 0.709075 -0.736587 -1.244582
v 0.716132 -0.744352 -1.231543
v 0.716309 -0.741061 -1.238776
v 0.715942 -0.734765 -1.243644
v 0.719721 -0.731939 -1.242189
v 0.716132 -0.711258 -1.248579
v 0.722114 -0.711258 -1.244582
v 0.709075 -0.724966 -1.248579
v 0.716309 -0.725309 -1.246885
v 0.721177 -0.724596 -1.243644
v 0.726111 -0.724966 -1.231543
v 0.722114 -0.736587 -1.231543
v 0.726111 -0.711258 -1.238600
v 0.724417 -0.725309 -1.238776
v 0.721177 -0.734765 -1.238409
v 0.709075 0.747079 -1.231543
v 0.727515 0.711258 -1.231543
v 0.709075 0.711258 -1.249983
v 0.716132 0.744352 -1.231543
v 0.722114 0.736587 -1.231543
v 0.709075 0.744352 -1.238600
v 0.716309 0.741061 -1.238776
v 0.721177 0.734765 -1.238409
v 0.719721 0.731939 -1.242189
v 0.726111 0.711258 -1.238600
v 0.722114 0.711258 -1.244582
v 0.726111 0.724966 -1.231543
v 0.724417 0.725309 -1.238776
v 0.721177 0.724596 -1.243644
v 0.709075 0.724966 -1.248579
v 0.709075 0.736587 -1.244582
v 0.716132 0.711258 -1.248579
v 0.716309 0.725309 -1.246885
v 0.715942 0.734765 -1.243644
v 0.531807 -0.747079 -1.231543
v 0.354538 -0.747079 -1.231543
v 0.177269 -0.747079 -1.231543
v 0.000000 -0.747079 -1.231543
v -0.177269 -0.747079 -1.231543
v -0.354538 -0.747079 -1.231543
v -0.531807 -0.747079 -1.231543
v -0.531807 -0.744352 -1.238600
v -0.354538 -0.744352 -1.238600
v -0.177269 -0.744352 -1.238600
v 0.000000 -0.744352 -1.238600
v 0.177269 -0.744352 -1.238600
v 0.354538 -0.744352 -1.238600
v 0.531807 -0.744352 -1.238600
v -0.531807 -0.736587 -1.244582
v -0.354538 -0.736587 -1.244582
v -0.177269 -0.736587 -1.244582
v 0.000000 -0.736587 -1.244582
v 0.177269 -0.736587 -1.244582
v 0.354538 -0.736587 -1.244582
v 0.531807 -0.736587 -1.244582
v -0.531807 -0.724966 -1.248579
v -0.354538 -0.724966 -1.248579
v -0.177269 -0.724966 -1.248579
v 0.000000 -0.724966 -1.248579
v 0.177269 -0.724966 -1.248579
v 0.354538 -0.724966 -1.248579
v 0.531807 -0.724966 -1.248579
v -0.531807 -0.711258 -1.249983
v -0.354538 -0.711258 -1.249983
v -0.177269 -0.711258 -1.249983
v 0.000000 -0.711258 -1.249983
v 0.177269 -0.711258 -1.249983
v 0.354538 -0.711258 -1.249983
v 0.531807 -0.711258 -1.249983
v -0.531807 0.747079 -1.231543
v -0.354538 0.747079 -1.231543
v -0.177269 0.747079 -1.231543
v 0.000000 0.747079 -1.231543
v 0.177269 0.747079 -1.231543
v 0.354538 0.747079 -1.231543
v 0.531807 0.747079 -1.231543
v 0.531807 0.744352 -1.238600
v 0.354538 0.744352 -1.238600
v 0.177269 0.744352 -1.238600
v 0.000000 0.744352 -1.238600
v -0.177269 0.744352 -1.238600
v -0.354538 0.744352 -1.238600
v -0.531807 0.744352 -1.238600
v 0.531807 0.736587 -1.244582
v 0.354538 0.736587 -1.244582
v 0.177269 0.736587 -1.244582
v 0.000000 0.736587 -1.244582
v -0.177269 0.736587 -1.244582
v -0.354538 0.736587 -1.244582
v -0.531807 0.736587 -1.244582
v 0.531807 0.724966 -1.248579
v 0.354538 0.724966 -1.248579
v 0.177269 0.724966 -1.248579
v 0.000000 0.724966 -1.248579
v -0.177269 0.724966 -1.248579
v -0.354538 0.724966 -1.248579
v -0.531807 0.724966 -1.248579
v 0.531807 0.711258 -1.249983
v 0.354538 0.711258 -1.249983
v 0.177269 0.711258 -1.249983
v 0.000000 0.711258 -1.249983
v -0.177269 0.711258 -1.249983
v -0.354538 0.711258 -1.249983
v -0.531807 0.711258 -1.249983
v -0.531807 -0.747079 1.231543
v -0.354538 -0.747079 1.231543
v -0.177269 -0.747079 1.231543
v 0.000000 -0.747079 1.231543
v 0.177269 -0.747079 1.231543
v 0.354538 -0.747079 1.231543
v 0.531807 -0.747079 1.231543
v 0.531807 -0.744352 1.238600
v 0.354538 -0.744352 1.238600
v 0.177269 -0.744352 1.238600
v 0.000000 -0.744352 1.238600
v -0.177269 -0.744352 1.238600
v -0.354538 -0.744352 1.238600
v -0.531807 -0.744352 1.238600
v 0.531807 -0.736587 1.244582
v 0.354538 -0.736587 1.244582
v 0.177269 -0.736587 1.244582
v 0.000000 -0.736587 1.244582
v -0.177269 -0.736587 1.244582
v -0.354538 -0.736587 1.244582
v -0.531807 -0.736587 1.244582
v 0.531807 -0.724966 1.248579
v 0.354538 -0.724966 1.248579
v 0.177269 -0.724966 1.248579
v 0.000000 -0.724966 1.248579
v -0.177269 -0.724966 1.248579
v -0.354538 -0.724966 1.248579
v -0.531807 -0.724966 1.248579
v 0.531807 -0.711258 1.249983
v 0.354538 -0.711258 1.249983
v 0.177269 -0.711258 1.249983
v 0.000000 -0.711258 1.249983
v -0.177269 -0.711258 1.249983
v -0.354538 -0.711258 1.249983
v -0.531807 -0.711258 1.249983
v 0.531807 0.747079 1.231543
v 0.354538 0.747079 1.231543
v 0.177269 0.747079 1.231543
v 0.000000 0.747079 1.231543
v -0.177269 0.747079 1.231543
v -0.354538 0.747079 1.231543
v -0.531807 0.747079 1.231543
v -0.531807 0.744352 1.238600
v -0.354538 0.744352 1.238600
v -0.177269 0.744352 1.238600
v 0.000000 0.744352 1.238600
v 0.177269 0.744352 1.238600
v 0.354538 0.744352 1.238600
v 0.531807 0.744352 1.238600
v -0.531807 0.736587 1.244582
v -0.354538 0.736587 1.244582
v -0.177269 0.736587 1.244582
v 0.000000 0.736587 1.244582
v 0.177269 0.736587 1.244582
v 0.354538 0.736587 1.244582
v 0.531807 0.736587 1.244582
v -0.531807 0.724966 1.248579
v -0.354538 0.724966 1.248579
v -0.177269 0.724966 1.248579
v 0.000000 0.724966 1.248579
v 0.177269 0.724966 1.248579
v 0.354538 0.724966 1.248579
v 0.531807 0.724966 1.248579
v -0.531807 0.711258 1.249983
v -0.354538 0.711258 1.249983
v -0.177269 0.711258 1.249983
v 0.000000 0.711258 1.249983
v 0.177269 0.711258 1.249983
v 0.354538 0.711258 1.249983
v 0.531807 0.711258 1.249983
v -0.709075 -0.426755 1.249983
v -0.709075 -0.142252 1.249983
v -0.709075 0.142252 1.249983
v -0.709075 0.426755 1.249983
v -0.716132 0.426755 1.248579
v -0.716132 0.142252 1.248579
v -0.716132 -0.142252 1.248579
v -0.716132 -0.426755 1.248579
v -0.722114 0.426755 1.244582
v -0.722114 0.142252 1.244582
v -0.722114 -0.142252 1.244582
v -0.722114 -0.426755 1.244582
v -0.726111 0.426755 1.238600
v -0.726111 0.142252 1.238600
v -0.726111 -0.142252 1.238600
v -0.726111 -0.426755 1.238600
v -0.727515 0.426755 1.231543
v -0.727515 0.142252 1.231543
v -0.727515 -0.142252 1.231543
v -0.727515 -0.426755 1.231543
v -0.709075 0.426755 -1.249983
v -0.709075 0.142252 -1.249983
v -0.709075 -0.142252 -1.249983
v -0.709075 -0.426755 -1.249983
v -0.716132 -0.426755 -1.248579
v -0.716132 -0.142252 -1.248579
v -0.716132 0.142252 -1.248579
v -0.716132 0.426755 -1.248579
v -0.722114 -0.426755 -1.244582
v -0.722114 -0.142252 -1.244582
v -0.722114 0.142252 -1.244582
v -0.722114 0.426755 -1.244582
v -0.726111 -0.426755 -1.238600
v -0.726111 -0.142252 -1.238600
v -0.726111 0.142252 -1.238600
v -0.726111 0.426755 -1.238600
v -0.727515 -0.426755 -1.231543
v -0.727515 -0.142252 -1.231543
v -0.727515 0.142252 -1.231543
v -0.727515 0.426755 -1.231543
v 0.727515 0.426755 -1.231543
v 0.727515 0.142252 -1.231543
v 0.727515 -0.142252 -1.231543
v 0.727515 -0.426755 -1.231543
v 0.726111 -0.426755 -1.238600
v 0.726111 -0.142252 -1.238600
v 0.726111 0.142252 -1.238600
v 0.726111 0.426755 -1.238600
v 0.722114 -0.426755 -1.244582
v 0.722114 -0.142252 -1.244582
v 0.722114 0.142252 -1.244582
v 0.722114 0.426755 -1.244582
v 0.716132 -0.426755 -1.248579
v 0.716132 -0.142252 -1.248579
v 0.716132 0.142252 -1.248579
v 0.716132 0.426755 -1.248579
v 0.709075 -0.426755 -1.249983
v 0.709075 -0.142252 -1.249983
v 0.709075 0.142252 -1.249983
v 0.709075 0.426755 -1.249983
v 0.709075 0.426755 1.249983
v 0.709075 0.142252 1.249983
v 0.709075 -0.142252 1.249983
v 0.709075 -0.426755 1.249983
v 0.716132 -0.426755 1.248579
v 0.716132 -0.142252 1.248579
v 0.716132 0.142252 1.248579
v 0.716132 0.426755 1.248579
v 0.722114 -0.426755 1.244582
v 0.722114 -0.142252 1.244582
v 0.722114 0.142252 1.244582
v 0.722114 0.426755 1.244582
v 0.726111 -0.426755 1.238600
v 0.726111 -0.142252 1.238600
v 0.726111 0.142252 1.238600
v 0.726111 0.426755 1.238600
v 0.727515 -0.426755 1.231543
v 0.727515 -0.142252 1.231543
v 0.727515 0.142252 1.231543
v 0.727515 0.426755 1.231543
v -0.531807 0.426755 -1.249983
v -0.531807 0.142252 -1.249983
v -0.531807 -0.142252 -1.249983
v -0.531807 -0.426755 -1.249983
v -0.354538 0.426755 -1.249983
v -0.354538 0.142252 -1.249983
v -0.354538 -0.142252 -1.249983
v -0.354538 -0.426755 -1.249983
v -0.177269 0.426755 -1.249983
v -0.177269 0.142252 -1.249983
v -0.177269 -0.142252 -1.249983
v -0.177269 -0.426755 -1.249983
v 0.000000 0.426755 -1.249983
v 0.000000 0.142252 -1.249983
v 0.000000 -0.142252 -1.249983
v 0.000000 -0.426755 -1.249983
v 0.177269 0.426755 -1.249983
v 0.177269 0.142252 -1.249983
v 0.177269 -0.142252 -1.249983
v 0.177269 -0.426755 -1.249983
v 0.354538 0.426755 -1.249983
v 0.354538 0.142252 -1.249983
v 0.354538 -0.142252 -1.249983
v 0.354538 -0.426755 -1.249983
v 0.531807 0.426755 -1.249983
v 0.531807 0.142252 -1.249983
v 0.531807 -0.142252 -1.249983
v 0.531807 -0.426755 -1.249983
v 0.531807 0.426755 1.249983
v 0.531807 0.142252 1.249983
v 0.531807 -0.142252 1.249983
v 0.531807 -0.426755 1.249983
v 0.354538 0.426755 1.249983
v 0.354538 0.142252 1.249983
v 0.354538 -0.142252 1.249983
v 0.354538 -0.426755 1.249983
v 0.177269 0.426755 1.249983
v 0.177269 0.142252 1.249983
v 0.177269 -0.142252 1.249983
v 0.177269 -0.426755 1.249983
v 0.000000 0.426755 1.249983
v 0.000000 0.142252 1.249983
v 0.000000 -0.142252 1.249983
v 0.000000 -0.426755 1.249983
v -0.177269 0.426755 1.249983
v -0.177269 0.142252 1.249983
v -0.177269 -0.142252 1.249983
v -0.177269 -0.426755 1.249983
v -0.354538 0.426755 1.249983
v -0.354538 0.142252 1.249983
v -0.354538 -0.142252 1.249983
v -0.354538 -0.426755 1.249983
v -0.531807 0.426755 1.249983
v -0.531807 0.142252 1.249983
v -0.531807 -0.142252 1.249983
v -0.531807 -0.426755 1.249983
v -0.709075 -0.747079 -1.055608
v -0.709075 -0.747079 -0.879674
v -0.709075 -0.747079 -0.703739
v -0.709075 -0.747079 -0.527804
v -0.709075 -0.747079 -0.351869
v -0.709075 -0.747079 -0.175935
v -0.709075 -0.747079 0.000000
v -0.709075 -0.747079 0.175935
v -0.709075 -0.747079 0.351870
v -0.709075 -0.747079 0.527804
v -0.709075 -0.747079 0.703739
v -0.709075 -0.747079 0.879674
v -0.709075 -0.747079 1.055608
v -0.716132 -0.744352 1.055608
v -0.716132 -0.744352 0.879674
v -0.716132 -0.744352 0.703739
v -0.716132 -0.744352 0.527804
v -0.716132 -0.744352 0.351869
v -0.716132 -0.744352 0.175935
v -0.716132 -0.744352 -0.000000
v -0.716132 -0.744352 -0.175935
v -0.716132 -0.744352 -0.351870
v -0.716132 -0.744352 -0.527804
v -0.716132 -0.744352 -0.703739
v -0.716132 -0.744352 -0.879674
v -0.716132 -0.744352 -1.055608
v -0.722114 -0.736587 1.055608
v -0.722114 -0.736587 0.879674
v -0.722114 -0.736587 0.703739
v -0.722114 -0.736587 0.527804
v -0.722114 -0.736587 0.351869
v -0.722114 -0.736587 0.175935
v -0.722114 -0.736587 -0.000000
v -0.722114 -0.736587 -0.175935
v -0.722114 -0.736587 -0.351870
v -0.722114 -0.736587 -0.527804
v -0.722114 -0.736587 -0.703739
v -0.722114 -0.736587 -0.879674
v -0.722114 -0.736587 -1.055608
v -0.726111 -0.724966 1.055608
v -0.726111 -0.724966 0.879674
v -0.726111 -0.724966 0.703739
v -0.726111 -0.724966 0.527804
v -0.726111 -0.724966 0.351869
v -0.726111 -0.724966 0.175935
v -0.726111 -0.724966 -0.000000
v -0.726111 -0.724966 -0.175935
v -0.726111 -0.724966 -0.351870
v -0.726111 -0.724966 -0.527804
v -0.726111 -0.724966 -0.703739
v -0.726111 -0.724966 -0.879674
v -0.726111 -0.724966 -1.055608
v -0.727515 -0.711258 1.055608
v -0.727515 -0.711258 0.879674
v -0.727515 -0.711258 0.703739
v -0.727515 -0.711258 0.527804
v -0.727515 -0.711258 0.351869
v -0.727515 -0.711258 0.175935
v -0.727515 -0.711258 -0.000000
v -0.727515 -0.711258 -0.175935
v -0.727515 -0.711258 -0.351870
v -0.727515 -0.711258 -0.527804
v -0.727515 -0.711258 -0.703739
v -0.727515 -0.711258 -0.879674
v -0.727515 -0.711258 -1.055608
v -0.709075 0.747079 1.055608
v -0.709075 0.747079 0.879674
v -0.709075 0.747079 0.703739
v -0.709075 0.747079 0.527804
v -0.709075 0.747079 0.351869
v -0.709075 0.747079 0.175935
v -0.709075 0.747079 -0.000000
v -0.709075 0.747079 -0.175935
v -0.709075 0.747079 -0.351870
v -0.709075 0.747079 -0.527804
v -0.709075 0.747079 -0.703739
v -0.709075 0.747079 -0.879674
v -0.709075 0.747079 -1.055608
v -0.716132 0.744352 -1.055608
v -0.716132 0.744352 -0.879674
v -0.716132 0.744352 -0.703739
v -0.716132 0.744352 -0.527804
v -0.716132 0.744352 -0.351869
v -0.716132 0.744352 -0.175935
v -0.716132 0.744352 0.000000
v -0.716132 0.744352 0.175935
v -0.716132 0.744352 0.351870
v -0.716132 0.744352 0.527804
v -0.716132 0.744352 0.703739
v -0.716132 0.744352 0.879674
v -0.716132 0.744352 1.055608
v -0.722114 0.736587 -1.055608
v -0.722114 0.736587 -0.879674
v -0.722114 0.736587 -0.703739
v -0.722114 0.736587 -0.527804
v -0.722114 0.736587 -0.351869
v -0.722114 0.736587 -0.175935
v -0.722114 0.736587 0.000000
v -0.722114 0.736587 0.175935
v -0.722114 0.736587 0.351870
v -0.722114 0.736587 0.527804
v -0.722114 0.736587 0.703739
v -0.722114 0.736587 0.879674
v -0.722114 0.736587 1.055608
v -0.726111 0.724966 -1.055608
v -0.726111 0.724966 -0.879674
v -0.726111 0.724966 -0.703739
v -0.726111 0.724966 -0.527804
v -0.726111 0.724966 -0.351869
v -0.726111 0.724966 -0.175935
v -0.726111 0.724966 0.000000
v -0.726111 0.724966 0.175935
v -0.726111 0.724966 0.351870
v -0.726111 0.724966 0.527804
v -0.726111 0.724966 0.703739
v -0.726111 0.724966 0.879674
v -0.726111 0.724966 1.055608
v -0.727515 0.711258 -1.055608
v -0.727515 0.711258 -0.879674
v -0.727515 0.711258 -0.703739
v -0.727515 0.711258 -0.527804
v -0.727515 0.711258 -0.351869
v -0.727515 0.711258 -0.175935
v -0.727515 0.711258 0.000000
v -0.727515 0.711258 0.175935
v -0.727515 0.711258 0.351870
v -0.727515 0.711258 0.527804
v -0.727515 0.711258 0.703739
v -0.727515 0.711258 0.879674
v -0.727515 0.711258 1.055608
v 0.709075 -0.747079 1.055608
v 0.709075 -0.747079 0.879674
v 0.709075 -0.747079 0.703739
v 0.709075 -0.747079 0.527804
v 0.709075 -0.747079 0.351869
v 0.709075 -0.747079 0.175935
v 0.709075 -0.747079 -0.000000
v 0.709075 -0.747079 -0.175935
v 0.709075 -0.747079 -0.351870
v 0.709075 -0.747079 -0.527804
v 0.709075 -0.747079 -0.703739
v 0.709075 -0.747079 -0.879674
v 0.709075 -0.747079 -1.055608
v 0.716132 -0.744352 -1.055608
v 0.716132 -0.744352 -0.879674
v 0.716132 -0.744352 -0.703739
v 0.716132 -0.744352 -0.527804
v 0.716132 -0.744352 -0.351869
v 0.716132 -0.744352 -0.175935
v 0.716132 -0.744352 0.000000
v 0.716132 -0.744352 0.175935
v 0.716132 -0.744352 0.351870
v 0.716132 -0.744352 0.527804
v 0.716132 -0.744352 0.703739
v 0.716132 -0.744352 0.879674
v 0.716132 -0.744352 1.055608
v 0.722114 -0.736587 -1.055608
v 0.722114 -0.736587 -0.879674
v 0.722114 -0.736587 -0.703739
v 0.722114 -0.736587 -0.527804
v 0.722114 -0.736587 -0.351869
v 0.722114 -0.736587 -0.175935
v 0.722114 -0.736587 0.000000
v 0.722114 -0.736587 0.175935
v 0.722114 -0.736587 0.351870
v 0.722114 -0.736587 0.527804
v 0.722114 -0.736587 0.703739
v 0.722114 -0.736587 0.879674
v 0.722114 -0.736587 1.055608
v 0.726111 -0.724966 -1.055608
v 0.726111 -0.724966 -0.879674
v 0.726111 -0.724966 -0.703739
v 0.726111 -0.724966 -0.527804
v 0.726111 -0.724966 -0.351869
v 0.726111 -0.724966 -0.175935
v 0.726111 -0.724966 0.000000
v 0.726111 -0.724966 0.175935
v 0.726111 -0.724966 0.351870
v 0.726111 -0.724966 0.527804
v 0.726111 -0.724966 0.703739
v 0.726111 -0.724966 0.879674
v 0.726111 -0.724966 1.055608
v 0.727515 -0.711258 -1.055608
v 0.727515 -0.711258 -0.879674
v 0.727515 -0.711258 -0.703739
v 0.727515 -0.711258 -0.527804
v 0.727515 -0.711258 -0.351869
v 0.727515 -0.711258 -0.175935
v 0.727515 -0.711258 0.000000
v 0.727515 -0.711258 0.175935
v 0.727515 -0.711258 0.351870
v 0.727515 -0.711258 0.527804
v 0.727515 -0.711258 0.703739
v 0.727515 -0.711258 0.879674
v 0.727515 -0.711258 1.055608
v 0.709075 0.747079 -1.055608
v 0.709075 0.747079 -0.879674
v 0.709075 0.747079 -0.703739
v 0.709075 0.747079 -0.527804
v 0.709075 0.747079 -0.351869
v 0.709075 0.747079 -0.175935
v 0.709075 0.747079 0.000000
v 0.709075 0.747079 0.175935
v 0.709075 0.747079 0.351870
v 0.709075 0.747079 0.527804
v 0.709075 0.747079 0.703739
v 0.709075 0.747079 0.879674
v 0.709075 0.747079 1.055608
v 0.716132 0.744352 1.055608
v 0.716132 0.744352 0.879674
v 0.716132 0.744352 0.703739
v 0.716132 0.744352 0.527804
v 0.716132 0.744352 0.351869
v 0.716132 0.744352 0.175935
v 0.716132 0.744352 -0.000000
v 0.716132 0.744352 -0.175935
v 0.716132 0.744352 -0.351870
v 0.716132 0.744352 -0.527804
v 0.716132 0.744352 -0.703739
v 0.716132 0.744352 -0.879674
v 0.716132 0.744352 -1.055608
v 0.722114 0.736587 1.055608
v 0.722114 0.736587 0.879674
v 0.722114 0.736587 0.703739
v 0.722114 0.736587 0.527804
v 0.722114 0.736587 0.351869
v 0.722114 0.736587 0.175935
v 0.722114 0.736587 -0.000000
v 0.722114 0.736587 -0.175935
v 0.722114 0.736587 -0.351870
v 0.722114 0.736587 -0.527804
v 0.722114 0.736587 -0.703739
v 0.722114 0.736587 -0.879674
v 0.722114 0.736587 -1.055608
v 0.726111 0.724966 1.055608
v 0.726111 0.724966 0.879674
v 0.726111 0.724966 0.703739
v 0.726111 0.724966 0.527804
v 0.726111 0.724966 0.351869
v 0.726111 0.724966 0.175935
v 0.726111 0.724966 -0.000000
v 0.726111 0.724966 -0.175935
v 0.726111 0.724966 -0.351870
v 0.726111 0.724966 -0.527804
v 0.726111 0.724966 -0.703739
v 0.726111 0.724966 -0.879674
v 0.726111 0.724966 -1.055608
v 0.727515 0.711258 1.055608
v 0.727515 0.711258 0.879674
v 0.727515 0.711258 0.703739
v 0.727515 0.711258 0.527804
v 0.727515 0.711258 0.351869
v 0.727515 0.711258 0.175935
v 0.727515 0.711258 -0.000000
v 0.727515 0.711258 -0.175935
v 0.727515 0.711258 -0.351870
v 0.727515 0.711258 -0.527804
v 0.727515 0.711258 -0.703739
v 0.727515 0.711258 -0.879674
v 0.727515 0.711258 -1.055608
v -0.531807 -0.747079 -1.055608
v -0.531807 -0.747079 -0.879674
v -0.531807 -0.747079 -0.703739
v -0.531807 -0.747079 -0.527804
v -0.531807 -0.747079 -0.351869
v -0.531807 -0.747079 -0.175935
v -0.531807 -0.747079 0.000000
v -0.531807 -0.747079 0.175935
v -0.531807 -0.747079 0.351870
v -0.531807 -0.747079 0.527804
v -0.531807 -0.747079 0.703739
v -0.531807 -0.747079 0.879674
v -0.531807 -0.747079 1.055608
v -0.354538 -0.747079 -1.055608
v -0.354538 -0.747079 -0.879674
v -0.354538 -0.747079 -0.703739
v -0.354538 -0.747079 -0.527804
v -0.354538 -0.747079 -0.351869
v -0.354538 -0.747079 -0.175935
v -0.354538 -0.747079 0.000000
v -0.354538 -0.747079 0.175935
v -0.354538 -0.747079 0.351870
v -0.354538 -0.747079 0.527804
v -0.354538 -0.747079 0.703739
v -0.354538 -0.747079 0.879674
v -0.354538 -0.747079 1.055608
v -0.177269 -0.747079 -1.055608
v -0.177269 -0.747079 -0.879674
v -0.177269 -0.747079 -0.703739
v -0.177269 -0.747079 -0.527804
v -0.177269 -0.747079 -0.351869
v -0.177269 -0.747079 -0.175935
v -0.177269 -0.747079 0.000000
v -0.177269 -0.747079 0.175935
v -0.177269 -0.747079 0.351870
v -0.177269 -0.747079 0.527804
v -0.177269 -0.747079 0.703739
v -0.177269 -0.747079 0.879674
v -0.177269 -0.747079 1.055608
v 0.000000 -0.747079 -1.055608
v 0.000000 -0.747079 -0.879674
v 0.000000 -0.747079 -0.703739
v 0.000000 -0.747079 -0.527804
v 0.000000 -0.747079 -0.351869
v 0.000000 -0.747079 -0.175935
v 0.000000 -0.747079 0.000000
v 0.000000 -0.747079 0.175935
v 0.000000 -0.747079 0.351870
v 0.000000 -0.747079 0.527804
v 0.000000 -0.747079 0.703739
v 0.000000 -0.747079 0.879674
v 0.000000 -0.747079 1.055608
v 0.177269 -0.747079 -1.055608
v 0.177269 -0.747079 -0.879674
v 0.177269 -0.747079 -0.703739
v 0.177269 -0.747079 -0.527804
v 0.177269 -0.747079 -0.351869
v 0.177269 -0.747079 -0.175935
v 0.177269 -0.747079 0.000000
v 0.177269 -0.747079 0.175935
v 0.177269 -0.747079 0.351870
v 0.177269 -0.747079 0.527804
v 0.177269 -0.747079 0.703739
v 0.177269 -0.747079 0.879674
v 0.177269 -0.747079 1.055608
v 0.354538 -0.747079 -1.055608
v 0.354538 -0.747079 -0.879674
v 0.354538 -0.747079 -0.703739
v 0.354538 -0.747079 -0.527804
v 0.354538 -0.747079 -0.351869
v 0.354538 -0.747079 -0.175935
v 0.354538 -0.747079 0.000000
v 0.354538 -0.747079 0.175935
v 0.354538 -0.747079 0.351870
v 0.354538 -0.747079 0.527804
v 0.354538 -0.747079 0.703739
v 0.354538 -0.747079 0.879674
v 0.354538 -0.747079 1.055608
v 0.531807 -0.747079 -1.055608
v 0.531807 -0.747079 -0.879674
v 0.531807 -0.747079 -0.703739
v 0.531807 -0.747079 -0.527804
v 0.531807 -0.747079 -0.351869
v 0.531807 -0.747079 -0.175935
v 0.531807 -0.747079 0.000000
v 0.531807 -0.747079 0.175935
v 0.531807 -0.747079 0.351870
v 0.531807 -0.747079 0.527804
v 0.531807 -0.747079 0.703739
v 0.531807 -0.747079 0.879674
v 0.531807 -0.747079 1.055608
v 0.531807 0.747079 -1.055608
v 0.531807 0.747079 -0.879674
v 0.531807 0.747079 -0.703739
v 0.531807 0.747079 -0.527804
v 0.531807 0.747079 -0.351869
v 0.531807 0.747079 -0.175935
v 0.531807 0.747079 0.000000
v 0.531807 0.747079 0.175935
v 0.531807 0.747079 0.351870
v 0.531807 0.747079 0.527804
v 0.531807 0.747079 0.703739
v 0.531807 0.747079 0.879674
v 0.531807 0.747079 1.055608
v 0.354538 0.747079 -1.055608
v 0.354538 0.747079 -0.879674
v 0.354538 0.747079 -0.703739
v 0.354538 0.747079 -0.527804
v 0.354538 0.747079 -0.351869
v 0.354538 0.747079 -0.175935
v 0.354538 0.747079 0.000000
v 0.354538 0.747079 0.175935
v 0.354538 0.747079 0.351870
v 0.354538 0.747079 0.527804
v 0.354538 0.747079 0.703739
v 0.354538 0.747079 0.879674
v 0.354538 0.747079 1.055608
v 0.177269 0.747079 -1.055608
v 0.177269 0.747079 -0.879674
v 0.177269 0.747079 -0.703739
v 0.177269 0.747079 -0.527804
v 0.177269 0.747079 -0.351869
v 0.177269 0.747079 -0.175935
v 0.177269 0.747079 0.000000
v 0.177269 0.747079 0.175935
v 0.177269 0.747079 0.351870
v 0.177269 0.747079 0.527804
v 0.177269 0.747079 0.703739
v 0.177269 0.747079 0.879674
v 0.177269 0.747079 1.055608
v 0.000000 0.747079 -1.055608
v 0.000000 0.747079 -0.879674
v 0.000000 0.747079 -0.703739
v 0.000000 0.747079 -0.527804
v 0.000000 0.747079 -0.351869
v 0.000000 0.747079 -0.175935
v 0.000000 0.747079 0.000000
v 0.000000 0.747079 0.175935
v 0.000000 0.747079 0.351870
v 0.000000 0.747079 0.527804
v 0.000000 0.747079 0.703739
v 0.000000 0.747079 0.879674
v 0.000000 0.747079 1.055608
v -0.177269 0.747079 -1.055608
v -0.177269 0.747079 -0.879674
v -0.177269 0.747079 -0.703739
v -0.177269 0.747079 -0.527804
v -0.177269 0.747079 -0.351869
v -0.177269 0.747079 -0.175935
v -0.177269 0.747079 0.000000
v -0.177269 0.747079 0.175935
v -0.177269 0.747079 0.351870
v -0.177269 0.747079 0.527804
v -0.177269 0.747079 0.703739
v -0.177269 0.747079 0.879674
v -0.177269 0.747079 1.055608
v -0.354538 0.747079 -1.055608
v -0.354538 0.747079 -0.879674
v -0.354538 0.747079 -0.703739
v -0.354538 0.747079 -0.527804
v -0.354538 0.747079 -0.351869
v -0.354538 0.747079 -0.175935
v -0.354538 0.747079 0.000000
v -0.354538 0.747079 0.175935
v -0.354538 0.747079 0.351870
v -0.354538 0.747079 0.527804
v -0.354538 0.747079 0.703739
v -0.354538 0.747079 0.879674
v -0.354538 0.747079 1.055608
v -0.531807 0.747079 -1.055608
v -0.531807 0.747079 -0.879674
v -0.531807 0.747079 -0.703739
v -0.531807 0.747079 -0.527804
v -0.531807 0.747079 -0.351869
v -0.531807 0.747079 -0.175935
v -0.531807 0.747079 0.000000
v -0.531807 0.747079 0.175935
v -0.531807 0.747079 0.351870
v -0.531807 0.747079 0.527804
v -0.531807 0.747079 0.703739
v -0.531807 0.747079 0.879674
v -0.531807 0.747079 1.055608
v -0.727515 -0.426755 1.055608
v -0.727515 -0.426755 0.879674
v -0.727515 -0.426755 0.703739
v -0.727515 -0.426755 0.527804
v -0.727515 -0.426755 0.351869
v -0.727515 -0.426755 0.175935
v -0.727515 -0.426755 -0.000000
v -0.727515 -0.426755 -0.175935
v -0.727515 -0.426755 -0.351870
v -0.727515 -0.426755 -0.527804
v -0.727515 -0.426755 -0.703739
v -0.727515 -0.426755 -0.879674
v -0.727515 -0.426755 -1.055608
v -0.727515 -0.142252 1.055608
v -0.727515 -0.142252 0.879674
v -0.727515 -0.142252 0.703739
v -0.727515 -0.142252 0.527804
v -0.727515 -0.142252 0.351869
v -0.727515 -0.142252 0.175935
v -0.727515 -0.142252 -0.000000
v -0.727515 -0.142252 -0.175935
v -0.727515 -0.142252 -0.351870
v -0.727515 -0.142252 -0.527804
v -0.727515 -0.142252 -0.703739
v -0.727515 -0.142252 -0.879674
v -0.727515 -0.142252 -1.055608
v -0.727515 0.142252 1.055608
v -0.727515 0.142252 0.879674
v -0.727515 0.142252 0.703739
v -0.727515 0.142252 0.527804
v -0.727515 0.142252 0.351869
v -0.727515 0.142252 0.175935
v -0.727515 0.142252 -0.000000
v -0.727515 0.142252 -0.175935
v -0.727515 0.142252 -0.351870
v -0.727515 0.142252 -0.527804
v -0.727515 0.142252 -0.703739
v -0.727515 0.142252 -0.879674
v -0.727515 0.142252 -1.055608
v -0.727515 0.426755 1.055608
v -0.727515 0.426755 0.879674
v -0.727515 0.426755 0.703739
v -0.727515 0.426755 0.527804
v -0.727515 0.426755 0.351869
v -0.727515 0.426755 0.175935
v -0.727515 0.426755 -0.000000
v -0.727515 0.426755 -0.175935
v -0.727515 0.426755 -0.351870
v -0.727515 0.426755 -0.527804
v -0.727515 0.426755 -0.703739
v -0.727515 0.426755 -0.879674
v -0.727515 0.426755 -1.055608
v 0.727515 -0.426755 -1.055608
v 0.727515 -0.426755 -0.879674
v 0.727515 -0.426755 -0.703739
v 0.727515 -0.426755 -0.527804
v 0.727515 -0.426755 -0.351869
v 0.727515 -0.426755 -0.175935
v 0.727515 -0.426755 0.000000
v 0.727515 -0.426755 0.175935
v 0.727515 -0.426755 0.351870
v 0.727515 -0.426755 0.527804
v 0.727515 -0.426755 0.703739
v 0.727515 -0.426755 0.879674
v 0.727515 -0.426755 1.055608
v 0.727515 -0.142252 -1.055608
v 0.727515 -0.142252 -0.879674
v 0.727515 -0.142252 -0.703739
v 0.727515 -0.142252 -0.527804
v 0.727515 -0.142252 -0.351869
v 0.727515 -0.142252 -0.175935
v 0.727515 -0.142252 0.000000
v 0.727515 -0.142252 0.175935
v 0.727515 -0.142252 0.351870
v 0.727515 -0.142252 0.527804
v 0.727515 -0.142252 0.703739
v 0.727515 -0.142252 0.879674
v 0.727515 -0.142252 1.055608
v 0.727515 0.142252 -1.055608
v 0.727515 0.142252 -0.879674
v 0.727515 0.142252 -0.703739
v 0.727515 0.142252 -0.527804
v 0.727515 0.142252 -0.351869
v 0.727515 0.142252 -0.175935
v 0.727515 0.142252 0.000000
v 0.727515 0.142252 0.175935
v 0.727515 0.142252 0.351870
v 0.727515 0.142252 0.527804
v 0.727515 0.142252 0.703739
v 0.727515 0.142252 0.879674
v 0.727515 0.142252 1.055608
v 0.727515 0.426755 -1.055608
v 0.727515 0.426755 -0.879674
v 0.727515 0.426755 -0.703739
v 0.727515 0.426755 -0.527804
v 0.727515 0.426755 -0.351869
v 0.727515 0.426755 -0.175935
v 0.727515 0.426755 0.000000
v 0.727515 0.426755 0.175935
v 0.727515 0.426755 0.351870
v 0.727515 0.426755 0.527804
v 0.727515 0.426755 0.703739
v 0.727515 0.426755 0.879674
v 0.727515 0.426755 1.055608
vn -0.1822 -0.9663 0.1822
vn -0.1011 -0.0524 0.9935
vn -0.9935 -0.0524 0.1011
vn -0.1608 -0.7983 0.5804
vn -0.1172 -0.4771 0.8710
vn -0.5804 -0.7983 0.1608
vn -0.5261 -0.6682 0.5261
vn -0.4120 -0.4345 0.8009
vn -0.6659 -0.3362 0.6660
vn -0.3834 -0.0513 0.9222
vn -0.7063 -0.0480 0.7063
vn -0.1040 -0.2131 0.9715
vn -0.3855 -0.2087 0.8988
vn -0.6953 -0.1821 0.6953
vn -0.9715 -0.2131 0.1040
vn -0.8710 -0.4771 0.1172
vn -0.9222 -0.0513 0.3834
vn -0.8988 -0.2087 0.3855
vn -0.8010 -0.4345 0.4120
vn -0.1011 0.0524 0.9935
vn -0.1822 0.9663 0.1822
vn -0.9935 0.0524 0.1011
vn -0.1040 0.2131 0.9715
vn -0.1172 0.4771 0.8710
vn -0.3834 0.0513 0.9222
vn -0.3855 0.2087 0.8988
vn -0.4120 0.4345 0.8009
vn -0.6660 0.3362 0.6659
vn -0.5804 0.7983 0.1608
vn -0.8710 0.4771 0.1172
vn -0.1608 0.7983 0.5804
vn -0.5261 0.6682 0.5261
vn -0.8010 0.4345 0.4120
vn -0.9222 0.0513 0.3834
vn -0.7063 0.0480 0.7063
vn -0.9715 0.2131 0.1040
vn -0.8988 0.2087 0.3855
vn -0.6953 0.1821 0.6953
vn -0.1822 -0.9663 -0.1822
vn -0.9935 -0.0524 -0.1011
vn -0.1011 -0.0524 -0.9935
vn -0.5804 -0.7983 -0.1608
vn -0.8710 -0.4771 -0.1172
vn -0.1608 -0.7983 -0.5804
vn -0.5261 -0.6682 -0.5261
vn -0.8010 -0.4345 -0.4120
vn -0.6660 -0.3362 -0.6659
vn -0.9222 -0.0513 -0.3834
vn -0.7063 -0.0480 -0.7063
vn -0.9715 -0.2131 -0.1040
vn -0.8988 -0.2087 -0.3855
vn -0.6953 -0.1821 -0.6953
vn -0.1040 -0.2131 -0.9715
vn -0.1172 -0.4771 -0.8710
vn -0.3834 -0.0513 -0.9222
vn -0.3855 -0.2087 -0.8988
vn -0.4120 -0.4345 -0.8009
vn -0.1822 0.9663 -0.1822
vn -0.1011 0.0524 -0.9935
vn -0.9935 0.0524 -0.1011
vn -0.1608 0.7983 -0.5804
vn -0.1172 0.4771 -0.8710
vn -0.5804 0.7983 -0.1608
vn -0.5261 0.6682 -0.5261
vn -0.4120 0.4345 -0.8009
vn -0.6659 0.3362 -0.6660
vn -0.3834 0.0513 -0.9222
vn -0.7063 0.0480 -0.7063
vn -0.1040 0.2131 -0.9715
vn -0.3855 0.2087 -0.8988
vn -0.6953 0.1821 -0.6953
vn -0.9715 0.2131 -0.1040
vn -0.8710 0.4771 -0.1172
vn -0.9222 0.0513 -0.3834
vn -0.8988 0.2087 -0.3855
vn -0.8010 0.4345 -0.4120
vn 0.1822 -0.9663 0.1822
vn 0.9935 -0.0524 0.1011
vn 0.1011 -0.0524 0.9935
vn 0.5804 -0.7983 0.1608
vn 0.8710 -0.4771 0.1172
vn 0.1608 -0.7983 0.5804
vn 0.5261 -0.6682 0.5261
vn 0.8010 -0.4345 0.4120
vn 0.6659 -0.3362 0.6659
vn 0.9222 -0.0513 0.3834
vn 0.7063 -0.0480 0.7063
vn 0.9715 -0.2131 0.1040
vn 0.8988 -0.2087 0.3855
vn 0.6953 -0.1821 0.6953
vn 0.1040 -0.2131 0.9715
vn 0.1172 -0.4771 0.8710
vn 0.3834 -0.0513 0.9222
vn 0.3855 -0.2087 0.8988
vn 0.4120 -0.4345 0.8009
vn 0.1822 0.9663 0.1822
vn 0.1011 0.0524 0.9935
vn 0.9935 0.0524 0.1011
vn 0.1608 0.7983 0.5804
vn 0.1172 0.4771 0.8710
vn 0.5804 0.7983 0.1608
vn 0.5261 0.6682 0.5261
vn 0.4120 0.4345 0.8009
vn 0.6659 0.3362 0.6660
vn 0.3834 0.0513 0.9222
vn 0.7063 0.0480 0.7063
vn 0.1040 0.2131 0.9715
vn 0.3855 0.2087 0.8988
vn 0.6953 0.1821 0.6953
vn 0.9715 0.2131 0.1040
vn 0.8710 0.4771 0.1172
vn 0.9222 0.0513 0.3834
vn 0.8988 0.2087 0.3855
vn 0.8010 0.4345 0.4120
vn 0.1822 -0.9663 -0.1822
vn 0.1011 -0.0524 -0.9935
vn 0.9935 -0.0524 -0.1011
vn 0.1608 -0.7983 -0.5804
vn 0.1172 -0.4771 -0.8710
vn 0.5804 -0.7983 -0.1608
vn 0.5261 -0.6682 -0.5261
vn 0.4120 -0.4345 -0.8009
vn 0.6659 -0.3362 -0.6660
vn 0.3834 -0.0513 -0.9222
vn 0.7063 -0.0480 -0.7063
vn 0.1040 -0.2131 -0.9715
vn 0.3855 -0.2087 -0.8988
vn 0.6953 -0.1821 -0.6953
vn 0.9715 -0.2131 -0.1040
vn 0.8710 -0.4771 -0.1172
vn 0.9222 -0.0513 -0.3834
vn 0.8988 -0.2087 -0.3855
vn 0.8010 -0.4345 -0.4120
vn 0.1822 0.9663 -0.1822
vn 0.9935 0.0524 -0.1011
vn 0.1011 0.0524 -0.9935
vn 0.5804 0.7983 -0.1608
vn 0.8710 0.4771 -0.1172
vn 0.1608 0.7983 -0.5804
vn 0.5261 0.6682 -0.5261
vn 0.8010 0.4345 -0.4120
vn 0.6659 0.3362 -0.6659
vn 0.9222 0.0513 -0.3834
vn 0.7063 0.0480 -0.7063
vn 0.9715 0.2131 -0.1040
vn 0.8988 0.2087 -0.3855
vn 0.6953 0.1821 -0.6953
vn 0.1040 0.2131 -0.9715
vn 0.1172 0.4771 -0.8710
vn 0.3834 0.0513 -0.9222
vn 0.3855 0.2087 -0.8988
vn 0.4120 0.4345 -0.8009
vn -0.0000 -0.9831 -0.1833
vn -0.0000 -0.8012 -0.5984
vn -0.0000 -0.4740 -0.8805
vn -0.0000 -0.2150 -0.9766
vn -0.0000 -0.0510 -0.9987
vn -0.0000 0.9831 -0.1833
vn -0.0000 0.8012 -0.5984
vn -0.0000 0.4740 -0.8805
vn -0.0000 0.2150 -0.9766
vn -0.0000 0.0510 -0.9987
vn -0.0000 -0.9831 0.1833
vn -0.0000 -0.8012 0.5984
vn -0.0000 -0.4740 0.8805
vn -0.0000 -0.2150 0.9766
vn -0.0000 -0.0510 0.9987
vn -0.0000 0.9831 0.1833
vn -0.0000 0.8012 0.5984
vn -0.0000 0.4740 0.8805
vn -0.0000 0.2150 0.9766
vn -0.0000 0.0510 0.9987
vn -0.0980 -0.0000 0.9952
vn -0.3827 -0.0000 0.9239
vn -0.7071 -0.0000 0.7071
vn -0.9239 -0.0000 0.3827
vn -0.9952 -0.0000 0.0980
vn -0.0980 -0.0000 -0.9952
vn -0.3827 -0.0000 -0.9239
vn -0.7071 -0.0000 -0.7071
vn -0.9239 -0.0000 -0.3827
vn -0.9952 -0.0000 -0.0980
vn 0.9952 -0.0000 -0.0980
vn 0.9239 -0.0000 -0.3827
vn 0.7071 -0.0000 -0.7071
vn 0.3827 -0.0000 -0.9239
vn 0.0980 -0.0000 -0.9952
vn 0.0980 -0.0000 0.9952
vn 0.3827 -0.0000 0.9239
vn 0.7071 -0.0000 0.7071
vn 0.9239 -0.0000 0.3827
vn 0.9952 -0.0000 0.0980
vn -0.0000 -0.0000 -1.0000
vn -0.0000 -0.0000 1.0000
vn -0.1833 -0.9831 -0.0000
vn -0.5984 -0.8012 -0.0000
vn -0.8805 -0.4740 -0.0000
vn -0.9766 -0.2150 -0.0000
vn -0.9987 -0.0510 -0.0000
vn -0.1833 0.9831 -0.0000
vn -0.5984 0.8012 -0.0000
vn -0.8805 0.4740 -0.0000
vn -0.9766 0.2150 -0.0000
vn -0.9987 0.0510 -0.0000
vn 0.1833 -0.9831 -0.0000
vn 0.5984 -0.8012 -0.0000
vn 0.8805 -0.4740 -0.0000
vn 0.9766 -0.2150 -0.0000
vn 0.9987 -0.0510 -0.0000
vn 0.1833 0.9831 -0.0000
vn 0.5984 0.8012 -0.0000
vn 0.8805 0.4740 -0.0000
vn 0.9766 0.2150 -0.0000
vn 0.9987 0.0510 -0.0000
vn -0.0000 -1.0000 -0.0000
vn -0.0000 1.0000 -0.0000
vn -1.0000 -0.0000 -0.0000
vn 1.0000 -0.0000 -0.0000
vt 0.315846 0.225292
vt 0.315846 0.281615
vt 0.280752 0.281615
vt 0.280752 0.225292
vt 0.795742 0.459361
vt 0.851874 0.459382
vt 0.850065 0.492328
vt 0.795563 0.494089
vt 0.315846 0.325044
vt 0.280752 0.325044
vt 0.280752 0.290215
vt 0.315846 0.290215
vt 0.627966 0.540639
vt 0.571834 0.540618
vt 0.573642 0.507672
vt 0.628145 0.505912
vt 0.035094 0.730109
vt 0.035094 0.786432
vt 0.000000 0.786432
vt 0.000000 0.730109
vt 0.858394 0.993213
vt 0.857726 0.994730
vt 0.856214 0.994161
vt 0.856944 0.992873
vt 0.856161 0.996251
vt 0.855120 0.995189
vt 0.854801 0.993858
vt 0.855151 0.992620
vt 0.854371 0.994639
vt 0.850856 0.998025
vt 0.850676 0.996597
vt 0.853360 0.995944
vt 0.853749 0.997450
vt 0.850523 0.995198
vt 0.853003 0.994891
vt 0.850381 0.992468
vt 0.852924 0.992479
vt 0.853016 0.993822
vt 0.850423 0.993832
vt 0.572860 0.998057
vt 0.569957 0.997486
vt 0.570345 0.995975
vt 0.573039 0.996626
vt 0.567532 0.996289
vt 0.568577 0.995220
vt 0.570701 0.994917
vt 0.573191 0.995222
vt 0.569328 0.994666
vt 0.565281 0.993236
vt 0.566744 0.992895
vt 0.567476 0.994189
vt 0.565956 0.994763
vt 0.568541 0.992642
vt 0.568895 0.993883
vt 0.573331 0.992483
vt 0.573289 0.993851
vt 0.570687 0.993844
vt 0.570776 0.992495
vt 0.858083 0.506905
vt 0.856631 0.507248
vt 0.855901 0.505963
vt 0.857410 0.505391
vt 0.854845 0.507503
vt 0.854491 0.506269
vt 0.854806 0.504940
vt 0.855843 0.503876
vt 0.854060 0.505491
vt 0.850075 0.507669
vt 0.850117 0.506305
vt 0.852709 0.506310
vt 0.852621 0.507653
vt 0.850215 0.504939
vt 0.852693 0.505242
vt 0.850548 0.502116
vt 0.853433 0.502687
vt 0.853048 0.504190
vt 0.850368 0.503541
vt 0.565672 0.506915
vt 0.566339 0.505411
vt 0.567839 0.505979
vt 0.567112 0.507257
vt 0.567895 0.503902
vt 0.568929 0.504959
vt 0.569244 0.506283
vt 0.568893 0.507512
vt 0.569672 0.505506
vt 0.573167 0.502137
vt 0.573349 0.503559
vt 0.570678 0.504209
vt 0.570292 0.502712
vt 0.573502 0.504952
vt 0.571033 0.505256
vt 0.571109 0.507658
vt 0.571020 0.506321
vt 0.573601 0.506313
vt 0.565624 0.493095
vt 0.567077 0.492752
vt 0.567806 0.494037
vt 0.566297 0.494609
vt 0.568863 0.492497
vt 0.569217 0.493730
vt 0.568902 0.495060
vt 0.567865 0.496123
vt 0.569648 0.494509
vt 0.573632 0.492331
vt 0.573591 0.493695
vt 0.570999 0.493689
vt 0.571087 0.492347
vt 0.573493 0.495060
vt 0.571014 0.494758
vt 0.573160 0.497884
vt 0.570274 0.497313
vt 0.570660 0.495810
vt 0.573340 0.496459
vt 0.858036 0.493085
vt 0.857369 0.494589
vt 0.855869 0.494021
vt 0.856596 0.492743
vt 0.855813 0.496098
vt 0.854779 0.495041
vt 0.854464 0.493718
vt 0.854815 0.492488
vt 0.854035 0.494494
vt 0.850541 0.497863
vt 0.850359 0.496442
vt 0.853030 0.495791
vt 0.853416 0.497288
vt 0.850206 0.495049
vt 0.852674 0.494744
vt 0.852599 0.492343
vt 0.852688 0.493680
vt 0.850107 0.493688
vt 0.565315 0.006786
vt 0.565983 0.005270
vt 0.567494 0.005839
vt 0.566765 0.007127
vt 0.567547 0.003749
vt 0.568589 0.004811
vt 0.568908 0.006142
vt 0.568558 0.007379
vt 0.569338 0.005361
vt 0.572853 0.001975
vt 0.573033 0.003403
vt 0.570349 0.004056
vt 0.569960 0.002550
vt 0.573186 0.004802
vt 0.570706 0.005109
vt 0.573328 0.007532
vt 0.570785 0.007521
vt 0.570693 0.006178
vt 0.573285 0.006168
vt 0.858428 0.006764
vt 0.856965 0.007105
vt 0.856233 0.005811
vt 0.857753 0.005237
vt 0.855168 0.007359
vt 0.854814 0.006117
vt 0.855132 0.004781
vt 0.856177 0.003711
vt 0.854381 0.005334
vt 0.850378 0.007518
vt 0.850420 0.006149
vt 0.853022 0.006157
vt 0.852933 0.007505
vt 0.850518 0.004779
vt 0.853007 0.005083
vt 0.850849 0.001943
vt 0.853751 0.002514
vt 0.853364 0.004026
vt 0.850670 0.003375
vt 0.860532 0.959648
vt 0.859048 0.959584
vt 0.857128 0.959503
vt 0.854743 0.959408
vt 0.852079 0.959308
vt 0.627988 0.999739
vt 0.628012 0.998336
vt 0.628036 0.996930
vt 0.628059 0.995525
vt 0.628082 0.994123
vt 0.563426 0.540258
vt 0.564902 0.540326
vt 0.566812 0.540412
vt 0.569184 0.540513
vt 0.795601 0.500316
vt 0.795574 0.501716
vt 0.795548 0.503119
vt 0.795523 0.504520
vt 0.795498 0.505919
vt 0.245658 0.496217
vt 0.280752 0.496217
vt 0.280752 0.497715
vt 0.245658 0.497715
vt 0.280752 0.499656
vt 0.245658 0.499656
vt 0.280752 0.502088
vt 0.245658 0.502088
vt 0.280752 0.504817
vt 0.245658 0.504817
vt 0.035094 0.795031
vt 0.000000 0.795031
vt 0.000000 0.793534
vt 0.035094 0.793534
vt 0.000000 0.791593
vt 0.035094 0.791593
vt 0.000000 0.789160
vt 0.035094 0.789160
vt 0.628007 0.005876
vt 0.627984 0.004475
vt 0.627960 0.003071
vt 0.627936 0.001666
vt 0.627911 0.000264
vt 0.563177 0.040352
vt 0.564661 0.040416
vt 0.566580 0.040497
vt 0.568966 0.040592
vt 0.571630 0.040692
vt 0.860282 0.459742
vt 0.858806 0.459674
vt 0.856896 0.459589
vt 0.854524 0.459488
vt 0.628107 0.499683
vt 0.628134 0.498284
vt 0.628160 0.496881
vt 0.628185 0.495480
vt 0.628210 0.494081
vt 0.035094 0.008599
vt 0.000000 0.008599
vt 0.000000 0.007102
vt 0.035094 0.007102
vt 0.000000 0.005161
vt 0.035094 0.005161
vt 0.000000 0.002728
vt 0.035094 0.002728
vt 0.000000 0.000000
vt 0.035094 0.000000
vt 0.280752 0.288717
vt 0.315846 0.288717
vt 0.280752 0.286776
vt 0.315846 0.286776
vt 0.280752 0.284343
vt 0.315846 0.284343
vt 0.035094 0.043429
vt 0.000000 0.043429
vt 0.280752 0.043429
vt 0.245658 0.043429
vt 0.245658 0.008599
vt 0.280752 0.008599
vt 0.210564 0.043429
vt 0.210564 0.008599
vt 0.175470 0.043429
vt 0.175470 0.008599
vt 0.140376 0.043429
vt 0.140376 0.008599
vt 0.105282 0.043429
vt 0.105282 0.008599
vt 0.070188 0.043429
vt 0.070188 0.008599
vt 0.561504 0.284344
vt 0.526410 0.284344
vt 0.526410 0.281616
vt 0.561504 0.281616
vt 0.491316 0.284344
vt 0.491316 0.281616
vt 0.456222 0.284344
vt 0.456222 0.281616
vt 0.421128 0.284344
vt 0.421128 0.281616
vt 0.386034 0.284343
vt 0.386034 0.281615
vt 0.350940 0.284343
vt 0.350940 0.281615
vt 0.561504 0.286777
vt 0.526410 0.286777
vt 0.491316 0.286776
vt 0.456222 0.286776
vt 0.421128 0.286776
vt 0.386034 0.286776
vt 0.350940 0.286776
vt 0.561504 0.288717
vt 0.526410 0.288717
vt 0.491316 0.288717
vt 0.456222 0.288717
vt 0.421128 0.288717
vt 0.386034 0.288717
vt 0.350940 0.288717
vt 0.561504 0.290215
vt 0.526410 0.290215
vt 0.491316 0.290215
vt 0.456222 0.290215
vt 0.421128 0.290215
vt 0.386034 0.290215
vt 0.350940 0.290215
vt 0.280752 0.002728
vt 0.245658 0.002728
vt 0.245658 0.000000
vt 0.280752 0.000000
vt 0.210564 0.002728
vt 0.210564 0.000000
vt 0.175470 0.002728
vt 0.175470 0.000000
vt 0.140376 0.002728
vt 0.140376 0.000000
vt 0.105282 0.002728
vt 0.105282 0.000000
vt 0.070188 0.002728
vt 0.070188 0.000000
vt 0.280752 0.005161
vt 0.245658 0.005161
vt 0.210564 0.005161
vt 0.175470 0.005161
vt 0.140376 0.005161
vt 0.105282 0.005161
vt 0.070188 0.005161
vt 0.280752 0.007102
vt 0.245658 0.007102
vt 0.210564 0.007102
vt 0.175470 0.007102
vt 0.140376 0.007102
vt 0.105282 0.007102
vt 0.070188 0.007102
vt 0.280752 0.789160
vt 0.245658 0.789160
vt 0.245658 0.786432
vt 0.280752 0.786432
vt 0.210564 0.789160
vt 0.210564 0.786432
vt 0.175470 0.789160
vt 0.175470 0.786432
vt 0.140376 0.789160
vt 0.140376 0.786432
vt 0.105282 0.789160
vt 0.105282 0.786432
vt 0.070188 0.789160
vt 0.070188 0.786432
vt 0.280752 0.791593
vt 0.245658 0.791593
vt 0.210564 0.791593
vt 0.175470 0.791593
vt 0.140376 0.791593
vt 0.105282 0.791593
vt 0.070188 0.791593
vt 0.280752 0.793534
vt 0.245658 0.793534
vt 0.210564 0.793534
vt 0.175470 0.793534
vt 0.140376 0.793534
vt 0.105282 0.793534
vt 0.070188 0.793534
vt 0.280752 0.795032
vt 0.245658 0.795032
vt 0.210564 0.795032
vt 0.175470 0.795032
vt 0.140376 0.795032
vt 0.105282 0.795031
vt 0.070188 0.795031
vt 0.000000 0.502088
vt 0.035094 0.502088
vt 0.035094 0.504816
vt 0.000000 0.504816
vt 0.070188 0.502088
vt 0.070188 0.504816
vt 0.105282 0.502088
vt 0.105282 0.504816
vt 0.140376 0.502088
vt 0.140376 0.504816
vt 0.175470 0.502088
vt 0.175470 0.504816
vt 0.210564 0.502088
vt 0.210564 0.504816
vt 0.000000 0.499655
vt 0.035094 0.499655
vt 0.070188 0.499656
vt 0.105282 0.499656
vt 0.140376 0.499656
vt 0.175470 0.499656
vt 0.210564 0.499656
vt 0.000000 0.497715
vt 0.035094 0.497715
vt 0.070188 0.497715
vt 0.105282 0.497715
vt 0.140376 0.497715
vt 0.175470 0.497715
vt 0.210564 0.497715
vt 0.000000 0.496217
vt 0.035094 0.496217
vt 0.070188 0.496217
vt 0.105282 0.496217
vt 0.140376 0.496217
vt 0.175470 0.496217
vt 0.210564 0.496217
vt 0.280752 0.730109
vt 0.245658 0.730109
vt 0.210564 0.730109
vt 0.175470 0.730109
vt 0.140376 0.730109
vt 0.105282 0.730109
vt 0.070188 0.730109
vt 0.561504 0.325044
vt 0.526410 0.325044
vt 0.491316 0.325044
vt 0.456222 0.325044
vt 0.421128 0.325044
vt 0.386034 0.325044
vt 0.350940 0.325044
vt 0.561504 0.225293
vt 0.526410 0.225292
vt 0.491316 0.225292
vt 0.456222 0.225292
vt 0.421128 0.225292
vt 0.386034 0.225292
vt 0.350940 0.225292
vt 0.350940 0.000000
vt 0.350940 0.056323
vt 0.315846 0.056323
vt 0.315847 -0.000000
vt 0.350940 0.112646
vt 0.315846 0.112646
vt 0.350940 0.168969
vt 0.315846 0.168969
vt 0.386034 0.000000
vt 0.386034 0.056323
vt 0.386034 0.112646
vt 0.386034 0.168969
vt 0.421128 0.000000
vt 0.421128 0.056323
vt 0.421128 0.112646
vt 0.421128 0.168969
vt 0.456222 0.000000
vt 0.456222 0.056323
vt 0.456222 0.112646
vt 0.456222 0.168969
vt 0.491316 0.000000
vt 0.491316 0.056323
vt 0.491316 0.112646
vt 0.491316 0.168969
vt 0.526410 0.000000
vt 0.526410 0.056323
vt 0.526410 0.112646
vt 0.526410 0.168969
vt 0.561504 0.000000
vt 0.561504 0.056323
vt 0.561504 0.112646
vt 0.561504 0.168969
vt 0.070188 0.561140
vt 0.035094 0.561140
vt 0.070188 0.617463
vt 0.035094 0.617463
vt 0.070188 0.673786
vt 0.035094 0.673786
vt 0.105282 0.561140
vt 0.105282 0.617463
vt 0.105282 0.673786
vt 0.140376 0.561140
vt 0.140376 0.617463
vt 0.140376 0.673786
vt 0.175470 0.561140
vt 0.175470 0.617463
vt 0.175470 0.673786
vt 0.210564 0.561140
vt 0.210564 0.617463
vt 0.210564 0.673786
vt 0.245658 0.561140
vt 0.245658 0.617463
vt 0.245658 0.673786
vt 0.280752 0.561140
vt 0.280752 0.617463
vt 0.280752 0.673786
vt 0.795588 0.495486
vt 0.739900 0.495760
vt 0.739896 0.494347
vt 0.683881 0.495756
vt 0.683885 0.494344
vt 0.795613 0.496887
vt 0.739903 0.497173
vt 0.683878 0.497170
vt 0.795639 0.498288
vt 0.739907 0.498587
vt 0.683874 0.498583
vt 0.795666 0.499686
vt 0.739911 0.500000
vt 0.683870 0.499997
vt 0.795697 0.001664
vt 0.795721 0.000261
vt 0.739863 0.001416
vt 0.739866 -0.000000
vt 0.683755 0.001415
vt 0.683752 -0.000000
vt 0.795673 0.003070
vt 0.739860 0.002831
vt 0.683758 0.002831
vt 0.795649 0.004475
vt 0.739857 0.004247
vt 0.683761 0.004246
vt 0.795627 0.005877
vt 0.739854 0.005662
vt 0.683764 0.005661
vt 0.628120 0.504514
vt 0.683808 0.504240
vt 0.683811 0.505653
vt 0.739827 0.504243
vt 0.739823 0.505656
vt 0.628094 0.503114
vt 0.683805 0.502827
vt 0.739830 0.502830
vt 0.628068 0.501712
vt 0.683801 0.501414
vt 0.739834 0.501417
vt 0.628042 0.500314
vt 0.683797 0.500000
vt 0.739838 0.500003
vt 0.795725 0.995525
vt 0.795702 0.994124
vt 0.739948 0.995754
vt 0.739945 0.994339
vt 0.683852 0.995753
vt 0.683855 0.994338
vt 0.795749 0.996929
vt 0.739951 0.997169
vt 0.683849 0.997169
vt 0.795773 0.998334
vt 0.739954 0.998584
vt 0.683846 0.998584
vt 0.795798 0.999736
vt 0.739957 1.000000
vt 0.683843 1.000000
vt 0.000000 0.561140
vt 0.000000 0.617463
vt 0.000000 0.673786
vt 0.851841 0.540744
vt 0.795672 0.540651
vt 0.739798 0.540547
vt 0.683787 0.540545
vt 0.571867 0.459256
vt 0.628036 0.459349
vt 0.683910 0.459453
vt 0.739921 0.459456
vt 0.280753 0.056323
vt 0.280753 -0.000000
vt 0.280753 0.112646
vt 0.280752 0.168969
vt 0.795912 0.040686
vt 0.739849 0.040604
vt 0.796188 0.075389
vt 0.739904 0.075459
vt 0.796405 0.110183
vt 0.739976 0.110316
vt 0.796567 0.145076
vt 0.740041 0.145211
vt 0.796681 0.180043
vt 0.740093 0.180150
vt 0.796753 0.215054
vt 0.740129 0.215120
vt 0.796784 0.250087
vt 0.740150 0.250105
vt 0.796769 0.285120
vt 0.740155 0.285087
vt 0.796705 0.320131
vt 0.740142 0.320046
vt 0.796579 0.355093
vt 0.740111 0.354964
vt 0.796378 0.389971
vt 0.740058 0.389829
vt 0.796089 0.424727
vt 0.739989 0.424645
vt 0.683724 0.040604
vt 0.683663 0.075470
vt 0.683610 0.110336
vt 0.683572 0.145236
vt 0.683551 0.180176
vt 0.683547 0.215148
vt 0.683559 0.250133
vt 0.683586 0.285115
vt 0.683630 0.320072
vt 0.683693 0.354988
vt 0.683772 0.389847
vt 0.683856 0.424654
vt 0.627710 0.040687
vt 0.627427 0.075418
vt 0.627210 0.110233
vt 0.627059 0.145142
vt 0.626967 0.180120
vt 0.626924 0.215138
vt 0.626926 0.250172
vt 0.626972 0.285202
vt 0.627064 0.320206
vt 0.627208 0.355158
vt 0.627416 0.390022
vt 0.627700 0.424753
vt 0.570911 0.075071
vt 0.570567 0.109875
vt 0.570362 0.144876
vt 0.570238 0.179963
vt 0.570179 0.215087
vt 0.570182 0.250221
vt 0.570245 0.285350
vt 0.570368 0.320457
vt 0.570549 0.355513
vt 0.570797 0.390453
vt 0.571161 0.425134
vt 0.627797 0.959315
vt 0.683859 0.959396
vt 0.627521 0.924611
vt 0.683804 0.924541
vt 0.627304 0.889818
vt 0.683733 0.889684
vt 0.627142 0.854924
vt 0.683667 0.854789
vt 0.627027 0.819957
vt 0.683616 0.819850
vt 0.626955 0.784946
vt 0.683579 0.784880
vt 0.626925 0.749913
vt 0.683559 0.749895
vt 0.626939 0.714880
vt 0.683554 0.714913
vt 0.627003 0.679869
vt 0.683566 0.679954
vt 0.627129 0.644907
vt 0.683598 0.645036
vt 0.627330 0.610029
vt 0.683650 0.610171
vt 0.627619 0.575274
vt 0.683719 0.575355
vt 0.739985 0.959396
vt 0.740045 0.924529
vt 0.740099 0.889664
vt 0.740137 0.854764
vt 0.740157 0.819823
vt 0.740161 0.784852
vt 0.740150 0.749866
vt 0.740122 0.714885
vt 0.740078 0.679928
vt 0.740015 0.645012
vt 0.739936 0.610153
vt 0.739852 0.575346
vt 0.795998 0.959312
vt 0.796281 0.924582
vt 0.796498 0.889767
vt 0.796649 0.854858
vt 0.796742 0.819880
vt 0.796785 0.784862
vt 0.796782 0.749828
vt 0.796736 0.714798
vt 0.796644 0.679793
vt 0.796500 0.644841
vt 0.796292 0.609978
vt 0.796008 0.575247
vt 0.852797 0.924928
vt 0.853142 0.890125
vt 0.853346 0.855124
vt 0.853471 0.820036
vt 0.853529 0.784913
vt 0.853526 0.749779
vt 0.853463 0.714649
vt 0.853340 0.679543
vt 0.853159 0.644487
vt 0.852911 0.609546
vt 0.852547 0.574866
vt 0.350940 0.777832
vt 0.315846 0.777832
vt 0.315846 0.743002
vt 0.350940 0.743002
vt 0.315846 0.708172
vt 0.350940 0.708172
vt 0.315846 0.673343
vt 0.350940 0.673343
vt 0.315846 0.638513
vt 0.350940 0.638513
vt 0.315846 0.603683
vt 0.350940 0.603683
vt 0.315846 0.568853
vt 0.350940 0.568853
vt 0.315846 0.534023
vt 0.350940 0.534023
vt 0.315846 0.499193
vt 0.350940 0.499193
vt 0.315846 0.464364
vt 0.350940 0.464364
vt 0.315846 0.429534
vt 0.350940 0.429534
vt 0.315846 0.394704
vt 0.350940 0.394704
vt 0.315846 0.359874
vt 0.350940 0.359874
vt 0.386034 0.777832
vt 0.386034 0.743002
vt 0.386034 0.708172
vt 0.386034 0.673343
vt 0.386034 0.638513
vt 0.386034 0.603683
vt 0.386034 0.568853
vt 0.386034 0.534023
vt 0.386034 0.499193
vt 0.386034 0.464364
vt 0.386034 0.429534
vt 0.386034 0.394704
vt 0.386034 0.359874
vt 0.421128 0.777832
vt 0.421128 0.743002
vt 0.421128 0.708172
vt 0.421128 0.673343
vt 0.421128 0.638513
vt 0.421128 0.603683
vt 0.421128 0.568853
vt 0.421128 0.534023
vt 0.421128 0.499194
vt 0.421128 0.464364
vt 0.421128 0.429534
vt 0.421128 0.394704
vt 0.421128 0.359874
vt 0.456222 0.777832
vt 0.456222 0.743002
vt 0.456222 0.708172
vt 0.456222 0.673343
vt 0.456222 0.638513
vt 0.456222 0.603683
vt 0.456222 0.568853
vt 0.456222 0.534023
vt 0.456222 0.499194
vt 0.456222 0.464364
vt 0.456222 0.429534
vt 0.456222 0.394704
vt 0.456222 0.359874
vt 0.491316 0.777832
vt 0.491316 0.743002
vt 0.491316 0.708172
vt 0.491316 0.673343
vt 0.491316 0.638513
vt 0.491316 0.603683
vt 0.491316 0.568853
vt 0.491316 0.534023
vt 0.491316 0.499194
vt 0.491316 0.464364
vt 0.491316 0.429534
vt 0.491316 0.394704
vt 0.491316 0.359874
vt 0.526410 0.777832
vt 0.526410 0.743002
vt 0.526410 0.708173
vt 0.526410 0.673343
vt 0.526410 0.638513
vt 0.526410 0.603683
vt 0.526410 0.568853
vt 0.526410 0.534023
vt 0.526410 0.499194
vt 0.526410 0.464364
vt 0.526410 0.429534
vt 0.526410 0.394704
vt 0.526410 0.359874
vt 0.561504 0.777832
vt 0.561504 0.743002
vt 0.561504 0.708173
vt 0.561504 0.673343
vt 0.561504 0.638513
vt 0.561504 0.603683
vt 0.561504 0.568853
vt 0.561504 0.534023
vt 0.561504 0.499194
vt 0.561504 0.464364
vt 0.561504 0.429534
vt 0.561504 0.394704
vt 0.561504 0.359874
vt 0.035094 0.461387
vt 0.070188 0.461387
vt 0.035094 0.426558
vt 0.070188 0.426558
vt 0.035094 0.391728
vt 0.070188 0.391728
vt 0.035094 0.356898
vt 0.070188 0.356898
vt 0.035094 0.322068
vt 0.070188 0.322068
vt 0.035094 0.287238
vt 0.070188 0.287238
vt 0.035094 0.252408
vt 0.070188 0.252408
vt 0.035094 0.217578
vt 0.070188 0.217578
vt 0.035094 0.182748
vt 0.070188 0.182748
vt 0.035094 0.147919
vt 0.070188 0.147919
vt 0.035094 0.113089
vt 0.070188 0.113089
vt 0.035094 0.078259
vt 0.070188 0.078259
vt 0.105282 0.461387
vt 0.105282 0.426558
vt 0.105282 0.391728
vt 0.105282 0.356898
vt 0.105282 0.322068
vt 0.105282 0.287238
vt 0.105282 0.252408
vt 0.105282 0.217578
vt 0.105282 0.182748
vt 0.105282 0.147919
vt 0.105282 0.113089
vt 0.105282 0.078259
vt 0.140376 0.461387
vt 0.140376 0.426558
vt 0.140376 0.391728
vt 0.140376 0.356898
vt 0.140376 0.322068
vt 0.140376 0.287238
vt 0.140376 0.252408
vt 0.140376 0.217578
vt 0.140376 0.182748
vt 0.140376 0.147919
vt 0.140376 0.113089
vt 0.140376 0.078259
vt 0.175470 0.461387
vt 0.175470 0.426558
vt 0.175470 0.391728
vt 0.175470 0.356898
vt 0.175470 0.322068
vt 0.175470 0.287238
vt 0.175470 0.252408
vt 0.175470 0.217578
vt 0.175470 0.182748
vt 0.175470 0.147919
vt 0.175470 0.113089
vt 0.175470 0.078259
vt 0.210564 0.461387
vt 0.210564 0.426558
vt 0.210564 0.391728
vt 0.210564 0.356898
vt 0.210564 0.322068
vt 0.210564 0.287238
vt 0.210564 0.252408
vt 0.210564 0.217578
vt 0.210564 0.182748
vt 0.210564 0.147919
vt 0.210564 0.113089
vt 0.210564 0.078259
vt 0.245658 0.461387
vt 0.245658 0.426558
vt 0.245658 0.391728
vt 0.245658 0.356898
vt 0.245658 0.322068
vt 0.245658 0.287238
vt 0.245658 0.252408
vt 0.245658 0.217578
vt 0.245658 0.182749
vt 0.245658 0.147919
vt 0.245658 0.113089
vt 0.245658 0.078259
vt 0.280752 0.461388
vt 0.280752 0.426558
vt 0.280752 0.391728
vt 0.280752 0.356898
vt 0.280752 0.322068
vt 0.280752 0.287238
vt 0.280752 0.252408
vt 0.280752 0.217578
vt 0.280752 0.182749
vt 0.280752 0.147919
vt 0.280752 0.113089
vt 0.280752 0.078259
vt 0.000000 0.461387
vt 0.000000 0.426558
vt 0.000000 0.391728
vt 0.000000 0.356898
vt 0.000000 0.322068
vt 0.000000 0.287238
vt 0.000000 0.252408
vt 0.000000 0.217578
vt 0.000000 0.182748
vt 0.000000 0.147919
vt 0.000000 0.113089
vt 0.000000 0.078259
vt 0.854700 0.040712
vt 0.852039 0.040805
vt 0.855391 0.075024
vt 0.852685 0.075063
vt 0.855740 0.109783
vt 0.853009 0.109805
vt 0.855970 0.144754
vt 0.853227 0.144769
vt 0.856133 0.179823
vt 0.853384 0.179833
vt 0.856236 0.214938
vt 0.853485 0.214943
vt 0.856280 0.250074
vt 0.853528 0.250075
vt 0.856262 0.285214
vt 0.853510 0.285210
vt 0.856178 0.320344
vt 0.853428 0.320334
vt 0.856020 0.355433
vt 0.853275 0.355417
vt 0.855769 0.390424
vt 0.853037 0.390398
vt 0.855357 0.425188
vt 0.852651 0.425141
vt 0.857081 0.040624
vt 0.857806 0.074986
vt 0.858176 0.109762
vt 0.858416 0.144740
vt 0.858584 0.179813
vt 0.858690 0.214932
vt 0.858735 0.250073
vt 0.858716 0.285218
vt 0.858630 0.320352
vt 0.858468 0.355448
vt 0.858207 0.390448
vt 0.857772 0.425232
vt 0.858986 0.040550
vt 0.859733 0.074955
vt 0.860120 0.109744
vt 0.860368 0.144728
vt 0.860540 0.179805
vt 0.860647 0.214928
vt 0.860693 0.250072
vt 0.860674 0.285221
vt 0.860587 0.320359
vt 0.860421 0.355460
vt 0.860151 0.390467
vt 0.859700 0.425269
vt 0.860451 0.040490
vt 0.861222 0.074930
vt 0.861620 0.109731
vt 0.861874 0.144719
vt 0.862049 0.179799
vt 0.862158 0.214925
vt 0.862204 0.250071
vt 0.862186 0.285223
vt 0.862097 0.320365
vt 0.861928 0.355469
vt 0.861652 0.390483
vt 0.861188 0.425298
vt 0.569221 0.459354
vt 0.568463 0.425177
vt 0.568070 0.390479
vt 0.567808 0.355530
vt 0.567620 0.320469
vt 0.567495 0.285358
vt 0.567430 0.250224
vt 0.567427 0.215085
vt 0.567488 0.179956
vt 0.567617 0.144862
vt 0.567832 0.109852
vt 0.568198 0.075029
vt 0.566852 0.459448
vt 0.566055 0.425219
vt 0.565636 0.390503
vt 0.565362 0.355547
vt 0.565169 0.320481
vt 0.565041 0.285364
vt 0.564976 0.250226
vt 0.564973 0.215082
vt 0.565035 0.179949
vt 0.565168 0.144850
vt 0.565392 0.109831
vt 0.565776 0.074989
vt 0.564957 0.459527
vt 0.564133 0.425254
vt 0.563695 0.390523
vt 0.563412 0.355560
vt 0.563214 0.320490
vt 0.563084 0.285370
vt 0.563018 0.250228
vt 0.563015 0.215081
vt 0.563079 0.179944
vt 0.563215 0.144840
vt 0.563445 0.109814
vt 0.563843 0.074956
vt 0.563500 0.459590
vt 0.562649 0.425281
vt 0.562196 0.390538
vt 0.561906 0.355570
vt 0.561705 0.320497
vt 0.561573 0.285374
vt 0.561507 0.250230
vt 0.561504 0.215079
vt 0.561568 0.179939
vt 0.561707 0.144832
vt 0.561942 0.109800
vt 0.562350 0.074929
vt 0.569009 0.959288
vt 0.571669 0.959195
vt 0.568318 0.924976
vt 0.571024 0.924937
vt 0.567969 0.890217
vt 0.570700 0.890195
vt 0.567739 0.855246
vt 0.570481 0.855231
vt 0.567576 0.820178
vt 0.570324 0.820167
vt 0.567472 0.785063
vt 0.570223 0.785057
vt 0.567428 0.749927
vt 0.570180 0.749926
vt 0.567446 0.714786
vt 0.570198 0.714790
vt 0.567531 0.679657
vt 0.570280 0.679666
vt 0.567688 0.644567
vt 0.570433 0.644583
vt 0.567939 0.609577
vt 0.570671 0.609602
vt 0.568351 0.574812
vt 0.571057 0.574859
vt 0.566628 0.959376
vt 0.565903 0.925014
vt 0.565532 0.890238
vt 0.565292 0.855260
vt 0.565124 0.820187
vt 0.565018 0.785068
vt 0.564973 0.749928
vt 0.564992 0.714782
vt 0.565078 0.679648
vt 0.565240 0.644553
vt 0.565501 0.609553
vt 0.565936 0.574768
vt 0.564722 0.959450
vt 0.563975 0.925045
vt 0.563589 0.890256
vt 0.563340 0.855272
vt 0.563169 0.820195
vt 0.563061 0.785072
vt 0.563015 0.749928
vt 0.563034 0.714779
vt 0.563121 0.679641
vt 0.563287 0.644540
vt 0.563557 0.609533
vt 0.564008 0.574731
vt 0.563258 0.959510
vt 0.562487 0.925070
vt 0.562089 0.890270
vt 0.561834 0.855281
vt 0.561660 0.820201
vt 0.561550 0.785075
vt 0.561504 0.749929
vt 0.561523 0.714777
vt 0.561611 0.679635
vt 0.561780 0.644531
vt 0.562056 0.609517
vt 0.562520 0.574702
vt 0.854487 0.540645
vt 0.855245 0.574822
vt 0.855638 0.609521
vt 0.855900 0.644469
vt 0.856088 0.679530
vt 0.856214 0.714642
vt 0.856278 0.749776
vt 0.856281 0.784915
vt 0.856221 0.820044
vt 0.856092 0.855138
vt 0.855877 0.890147
vt 0.855511 0.924971
vt 0.856856 0.540552
vt 0.857653 0.574781
vt 0.858072 0.609497
vt 0.858346 0.644453
vt 0.858539 0.679519
vt 0.858667 0.714635
vt 0.858733 0.749774
vt 0.858735 0.784917
vt 0.858673 0.820051
vt 0.858540 0.855150
vt 0.858317 0.890168
vt 0.857933 0.925011
vt 0.858751 0.540473
vt 0.859575 0.574746
vt 0.860013 0.609477
vt 0.860297 0.644440
vt 0.860494 0.679510
vt 0.860624 0.714630
vt 0.860691 0.749772
vt 0.860693 0.784919
vt 0.860630 0.820056
vt 0.860494 0.855160
vt 0.860264 0.890186
vt 0.859866 0.925044
vt 0.860208 0.540410
vt 0.861059 0.574718
vt 0.861512 0.609461
vt 0.861802 0.644429
vt 0.862004 0.679503
vt 0.862135 0.714626
vt 0.862202 0.749770
vt 0.862204 0.784920
vt 0.862140 0.820060
vt 0.862002 0.855168
vt 0.861766 0.890199
vt 0.861358 0.925070
vt 0.280752 0.777832
vt 0.280752 0.743002
vt 0.280752 0.708172
vt 0.280752 0.673343
vt 0.280752 0.638513
vt 0.280752 0.603683
vt 0.280752 0.568853
vt 0.280752 0.534023
vt 0.280752 0.499193
vt 0.280752 0.464364
vt 0.280752 0.429534
vt 0.280752 0.394704
vt 0.280752 0.359874
s 1
usemtl box_03
f 425/1/194 286/2/172 20/3/20 296/4/173
f 974/5/218 676/6/214 98/7/98 372/8/192
f 870/9/216 494/10/200 21/11/21 264/12/168
f 922/13/217 546/14/204 60/15/60 332/16/182
f 397/17/193 216/18/162 136/19/136 352/20/187
f 1/21/1 4/22/4 7/23/7 6/24/6
f 4/22/4 5/25/5 8/26/8 7/23/7
f 6/24/6 7/23/7 19/27/19 16/28/16
f 7/23/7 8/26/8 9/29/9 19/27/19
f 2/30/2 10/31/10 13/32/13 12/33/12
f 10/31/10 11/34/11 14/35/14 13/32/13
f 12/33/12 13/32/13 8/26/8 5/25/5
f 13/32/13 14/35/14 9/29/9 8/26/8
f 3/36/3 15/37/15 18/38/18 17/39/17
f 15/37/15 16/28/16 19/27/19 18/38/18
f 17/39/17 18/38/18 14/35/14 11/34/11
f 18/38/18 19/27/19 9/29/9 14/35/14
f 20/40/20 23/41/23 26/42/26 25/43/25
f 23/41/23 24/44/24 27/45/27 26/42/26
f 25/43/25 26/42/26 38/46/38 35/47/35
f 26/42/26 27/45/27 28/48/28 38/46/38
f 21/49/21 29/50/29 32/51/32 31/52/31
f 29/50/29 30/53/30 33/54/33 32/51/32
f 31/52/31 32/51/32 27/45/27 24/44/24
f 32/51/32 33/54/33 28/48/28 27/45/27
f 22/55/22 34/56/34 37/57/37 36/58/36
f 34/56/34 35/47/35 38/46/38 37/57/37
f 36/58/36 37/57/37 33/54/33 30/53/30
f 37/57/37 38/46/38 28/48/28 33/54/33
f 39/59/39 42/60/42 45/61/45 44/62/44
f 42/60/42 43/63/43 46/64/46 45/61/45
f 44/62/44 45/61/45 57/65/57 54/66/54
f 45/61/45 46/64/46 47/67/47 57/65/57
f 40/68/40 48/69/48 51/70/51 50/71/50
f 48/69/48 49/72/49 52/73/52 51/70/51
f 50/71/50 51/70/51 46/64/46 43/63/43
f 51/70/51 52/73/52 47/67/47 46/64/46
f 41/74/41 53/75/53 56/76/56 55/77/55
f 53/75/53 54/66/54 57/65/57 56/76/56
f 55/77/55 56/76/56 52/73/52 49/72/49
f 56/76/56 57/65/57 47/67/47 52/73/52
f 58/78/58 61/79/61 64/80/64 63/81/63
f 61/79/61 62/82/62 65/83/65 64/80/64
f 63/81/63 64/80/64 76/84/76 73/85/73
f 64/80/64 65/83/65 66/86/66 76/84/76
f 59/87/59 67/88/67 70/89/70 69/90/69
f 67/88/67 68/91/68 71/92/71 70/89/70
f 69/90/69 70/89/70 65/83/65 62/82/62
f 70/89/70 71/92/71 66/86/66 65/83/65
f 60/15/60 72/93/72 75/94/75 74/95/74
f 72/93/72 73/85/73 76/84/76 75/94/75
f 74/95/74 75/94/75 71/92/71 68/91/68
f 75/94/75 76/84/76 66/86/66 71/92/71
f 77/96/77 80/97/80 83/98/83 82/99/82
f 80/97/80 81/100/81 84/101/84 83/98/83
f 82/99/82 83/98/83 95/102/95 92/103/92
f 83/98/83 84/101/84 85/104/85 95/102/95
f 78/105/78 86/106/86 89/107/89 88/108/88
f 86/106/86 87/109/87 90/110/90 89/107/89
f 88/108/88 89/107/89 84/101/84 81/100/81
f 89/107/89 90/110/90 85/104/85 84/101/84
f 79/111/79 91/112/91 94/113/94 93/114/93
f 91/112/91 92/103/92 95/102/95 94/113/94
f 93/114/93 94/113/94 90/110/90 87/109/87
f 94/113/94 95/102/95 85/104/85 90/110/90
f 96/115/96 99/116/99 102/117/102 101/118/101
f 99/116/99 100/119/100 103/120/103 102/117/102
f 101/118/101 102/117/102 114/121/114 111/122/111
f 102/117/102 103/120/103 104/123/104 114/121/114
f 97/124/97 105/125/105 108/126/108 107/127/107
f 105/125/105 106/128/106 109/129/109 108/126/108
f 107/127/107 108/126/108 103/120/103 100/119/100
f 108/126/108 109/129/109 104/123/104 103/120/103
f 98/7/98 110/130/110 113/131/113 112/132/112
f 110/130/110 111/122/111 114/121/114 113/131/113
f 112/132/112 113/131/113 109/129/109 106/128/106
f 113/131/113 114/121/114 104/123/104 109/129/109
f 115/133/115 118/134/118 121/135/121 120/136/120
f 118/134/118 119/137/119 122/138/122 121/135/121
f 120/136/120 121/135/121 133/139/133 130/140/130
f 121/135/121 122/138/122 123/141/123 133/139/133
f 116/142/116 124/143/124 127/144/127 126/145/126
f 124/143/124 125/146/125 128/147/128 127/144/127
f 126/145/126 127/144/127 122/138/122 119/137/119
f 127/144/127 128/147/128 123/141/123 122/138/122
f 117/148/117 129/149/129 132/150/132 131/151/131
f 129/149/129 130/140/130 133/139/133 132/150/132
f 131/151/131 132/150/132 128/147/128 125/146/125
f 132/150/132 133/139/133 123/141/123 128/147/128
f 134/152/134 137/153/137 140/154/140 139/155/139
f 137/153/137 138/156/138 141/157/141 140/154/140
f 139/155/139 140/154/140 152/158/152 149/159/149
f 140/154/140 141/157/141 142/160/142 152/158/152
f 135/161/135 143/162/143 146/163/146 145/164/145
f 143/162/143 144/165/144 147/166/147 146/163/146
f 145/164/145 146/163/146 141/157/141 138/156/138
f 146/163/146 147/166/147 142/160/142 141/157/141
f 136/167/136 148/168/148 151/169/151 150/170/150
f 148/168/148 149/159/149 152/158/152 151/169/151
f 150/170/150 151/169/151 147/166/147 144/165/144
f 151/169/151 152/158/152 142/160/142 147/166/147
f 441/171/195 1/21/1 6/24/6 442/172/196
f 442/172/196 6/24/6 16/28/16 455/173/197
f 455/173/197 16/28/16 15/37/15 468/174/198
f 468/174/198 15/37/15 3/36/3 481/175/199
f 296/176/173 20/40/20 25/43/25 297/177/174
f 297/177/174 25/43/25 35/47/35 301/178/175
f 301/178/175 35/47/35 34/56/34 305/179/176
f 305/179/176 34/56/34 22/55/22 309/180/177
f 506/181/200 58/78/58 63/81/63 507/182/201
f 507/182/201 63/81/63 73/85/73 520/183/202
f 520/183/202 73/85/73 72/93/72 533/184/203
f 533/184/203 72/93/72 60/15/60 546/14/204
f 316/185/178 41/74/41 55/77/55 317/186/179
f 317/186/179 55/77/55 49/72/49 321/187/180
f 321/187/180 49/72/49 48/69/48 325/188/181
f 325/188/181 48/69/48 40/68/40 329/189/182
f 159/190/153 39/191/39 44/192/44 160/193/154
f 160/193/154 44/192/44 54/194/54 167/195/155
f 167/195/155 54/194/54 53/196/53 174/197/156
f 174/197/156 53/196/53 41/198/41 181/199/157
f 194/200/158 134/201/134 139/202/139 195/203/159
f 195/203/159 139/202/139 149/204/149 202/205/160
f 202/205/160 149/204/149 148/206/148 209/207/161
f 209/207/161 148/206/148 136/19/136 216/18/162
f 336/208/183 117/148/117 131/151/131 337/209/184
f 337/209/184 131/151/131 125/146/125 341/210/185
f 341/210/185 125/146/125 124/143/124 345/211/186
f 345/211/186 124/143/124 116/142/116 349/212/187
f 571/213/205 115/133/115 120/136/120 572/214/206
f 572/214/206 120/136/120 130/140/130 585/215/207
f 585/215/207 130/140/130 129/149/129 598/216/208
f 598/216/208 129/149/129 117/148/117 611/217/209
f 636/218/210 96/115/96 101/118/101 637/219/211
f 637/219/211 101/118/101 111/122/111 650/220/212
f 650/220/212 111/122/111 110/130/110 663/221/213
f 663/221/213 110/130/110 98/7/98 676/6/214
f 356/222/188 79/111/79 93/114/93 357/223/189
f 357/223/189 93/114/93 87/109/87 361/224/190
f 361/224/190 87/109/87 86/106/86 365/225/191
f 365/225/191 86/106/86 78/105/78 369/226/192
f 229/227/163 77/228/77 82/229/82 230/230/164
f 230/230/164 82/229/82 92/231/92 237/232/165
f 237/232/165 92/231/92 91/233/91 244/234/166
f 244/234/166 91/233/91 79/235/79 251/236/167
f 264/12/168 21/11/21 31/237/31 265/238/169
f 265/238/169 31/237/31 24/239/24 272/240/170
f 272/240/170 24/239/24 23/241/23 279/242/171
f 279/242/171 23/241/23 20/3/20 286/2/172
f 779/243/215 559/244/205 77/228/77 229/227/163
f 441/245/195 701/246/215 223/247/163 1/248/1
f 701/246/215 714/249/215 224/250/163 223/247/163
f 714/249/215 727/251/215 225/252/163 224/250/163
f 727/251/215 740/253/215 226/254/163 225/252/163
f 740/253/215 753/255/215 227/256/163 226/254/163
f 753/255/215 766/257/215 228/258/163 227/256/163
f 766/257/215 779/243/215 229/227/163 228/258/163
f 107/259/107 285/260/171 292/261/172 97/262/97
f 285/260/171 284/263/171 291/264/172 292/261/172
f 284/263/171 283/265/171 290/266/172 291/264/172
f 283/265/171 282/267/171 289/268/172 290/266/172
f 282/267/171 281/269/171 288/270/172 289/268/172
f 281/269/171 280/271/171 287/272/172 288/270/172
f 280/271/171 279/242/171 286/2/172 287/272/172
f 100/273/100 278/274/170 285/260/171 107/259/107
f 278/274/170 277/275/170 284/263/171 285/260/171
f 277/275/170 276/276/170 283/265/171 284/263/171
f 276/276/170 275/277/170 282/267/171 283/265/171
f 275/277/170 274/278/170 281/269/171 282/267/171
f 274/278/170 273/279/170 280/271/171 281/269/171
f 273/279/170 272/240/170 279/242/171 280/271/171
f 99/280/99 271/281/169 278/274/170 100/273/100
f 271/281/169 270/282/169 277/275/170 278/274/170
f 270/282/169 269/283/169 276/276/170 277/275/170
f 269/283/169 268/284/169 275/277/170 276/276/170
f 268/284/169 267/285/169 274/278/170 275/277/170
f 267/285/169 266/286/169 273/279/170 274/278/170
f 266/286/169 265/238/169 272/240/170 273/279/170
f 96/287/96 258/288/168 271/281/169 99/280/99
f 258/288/168 259/289/168 270/282/169 271/281/169
f 259/289/168 260/290/168 269/283/169 270/282/169
f 260/290/168 261/291/168 268/284/169 269/283/169
f 261/291/168 262/292/168 267/285/169 268/284/169
f 262/292/168 263/293/168 266/286/169 267/285/169
f 263/293/168 264/12/168 265/238/169 266/286/169
f 12/294/12 250/295/166 257/296/167 2/297/2
f 250/295/166 249/298/166 256/299/167 257/296/167
f 249/298/166 248/300/166 255/301/167 256/299/167
f 248/300/166 247/302/166 254/303/167 255/301/167
f 247/302/166 246/304/166 253/305/167 254/303/167
f 246/304/166 245/306/166 252/307/167 253/305/167
f 245/306/166 244/234/166 251/236/167 252/307/167
f 5/308/5 243/309/165 250/295/166 12/294/12
f 243/309/165 242/310/165 249/298/166 250/295/166
f 242/310/165 241/311/165 248/300/166 249/298/166
f 241/311/165 240/312/165 247/302/166 248/300/166
f 240/312/165 239/313/165 246/304/166 247/302/166
f 239/313/165 238/314/165 245/306/166 246/304/166
f 238/314/165 237/232/165 244/234/166 245/306/166
f 4/315/4 236/316/164 243/309/165 5/308/5
f 236/316/164 235/317/164 242/310/165 243/309/165
f 235/317/164 234/318/164 241/311/165 242/310/165
f 234/318/164 233/319/164 240/312/165 241/311/165
f 233/319/164 232/320/164 239/313/165 240/312/165
f 232/320/164 231/321/164 238/314/165 239/313/165
f 231/321/164 230/230/164 237/232/165 238/314/165
f 1/248/1 223/247/163 236/316/164 4/315/4
f 223/247/163 224/250/163 235/317/164 236/316/164
f 224/250/163 225/252/163 234/318/164 235/317/164
f 225/252/163 226/254/163 233/319/164 234/318/164
f 226/254/163 227/256/163 232/320/164 233/319/164
f 227/256/163 228/258/163 231/321/164 232/320/164
f 228/258/163 229/227/163 230/230/164 231/321/164
f 69/322/69 215/323/161 222/324/162 59/325/59
f 215/323/161 214/326/161 221/327/162 222/324/162
f 214/326/161 213/328/161 220/329/162 221/327/162
f 213/328/161 212/330/161 219/331/162 220/329/162
f 212/330/161 211/332/161 218/333/162 219/331/162
f 211/332/161 210/334/161 217/335/162 218/333/162
f 210/334/161 209/207/161 216/18/162 217/335/162
f 62/336/62 208/337/160 215/323/161 69/322/69
f 208/337/160 207/338/160 214/326/161 215/323/161
f 207/338/160 206/339/160 213/328/161 214/326/161
f 206/339/160 205/340/160 212/330/161 213/328/161
f 205/340/160 204/341/160 211/332/161 212/330/161
f 204/341/160 203/342/160 210/334/161 211/332/161
f 203/342/160 202/205/160 209/207/161 210/334/161
f 61/343/61 201/344/159 208/337/160 62/336/62
f 201/344/159 200/345/159 207/338/160 208/337/160
f 200/345/159 199/346/159 206/339/160 207/338/160
f 199/346/159 198/347/159 205/340/160 206/339/160
f 198/347/159 197/348/159 204/341/160 205/340/160
f 197/348/159 196/349/159 203/342/160 204/341/160
f 196/349/159 195/203/159 202/205/160 203/342/160
f 58/350/58 188/351/158 201/344/159 61/343/61
f 188/351/158 189/352/158 200/345/159 201/344/159
f 189/352/158 190/353/158 199/346/159 200/345/159
f 190/353/158 191/354/158 198/347/159 199/346/159
f 191/354/158 192/355/158 197/348/159 198/347/159
f 192/355/158 193/356/158 196/349/159 197/348/159
f 193/356/158 194/200/158 195/203/159 196/349/159
f 126/357/126 180/358/156 187/359/157 116/360/116
f 180/358/156 179/361/156 186/362/157 187/359/157
f 179/361/156 178/363/156 185/364/157 186/362/157
f 178/363/156 177/365/156 184/366/157 185/364/157
f 177/365/156 176/367/156 183/368/157 184/366/157
f 176/367/156 175/369/156 182/370/157 183/368/157
f 175/369/156 174/197/156 181/199/157 182/370/157
f 119/371/119 173/372/155 180/358/156 126/357/126
f 173/372/155 172/373/155 179/361/156 180/358/156
f 172/373/155 171/374/155 178/363/156 179/361/156
f 171/374/155 170/375/155 177/365/156 178/363/156
f 170/375/155 169/376/155 176/367/156 177/365/156
f 169/376/155 168/377/155 175/369/156 176/367/156
f 168/377/155 167/195/155 174/197/156 175/369/156
f 118/378/118 166/379/154 173/372/155 119/371/119
f 166/379/154 165/380/154 172/373/155 173/372/155
f 165/380/154 164/381/154 171/374/155 172/373/155
f 164/381/154 163/382/154 170/375/155 171/374/155
f 163/382/154 162/383/154 169/376/155 170/375/155
f 162/383/154 161/384/154 168/377/155 169/376/155
f 161/384/154 160/193/154 167/195/155 168/377/155
f 115/385/115 153/386/153 166/379/154 118/378/118
f 153/386/153 154/387/153 165/380/154 166/379/154
f 154/387/153 155/388/153 164/381/154 165/380/154
f 155/388/153 156/389/153 163/382/154 164/381/154
f 156/389/153 157/390/153 162/383/154 163/382/154
f 157/390/153 158/391/153 161/384/154 162/383/154
f 158/391/153 159/190/153 160/193/154 161/384/154
f 313/392/178 59/325/59 222/324/162 373/393/193
f 373/393/193 222/324/162 221/327/162 377/394/193
f 377/394/193 221/327/162 220/329/162 381/395/193
f 381/395/193 220/329/162 219/331/162 385/396/193
f 385/396/193 219/331/162 218/333/162 389/397/193
f 389/397/193 218/333/162 217/335/162 393/398/193
f 393/398/193 217/335/162 216/18/162 397/17/193
f 636/399/210 792/400/216 258/288/168 96/287/96
f 792/400/216 805/401/216 259/289/168 258/288/168
f 805/401/216 818/402/216 260/290/168 259/289/168
f 818/402/216 831/403/216 261/291/168 260/290/168
f 831/403/216 844/404/216 262/292/168 261/291/168
f 844/404/216 857/405/216 263/293/168 262/292/168
f 857/405/216 870/9/216 264/12/168 263/293/168
f 353/406/188 97/262/97 292/261/172 401/407/194
f 401/407/194 292/261/172 291/264/172 405/408/194
f 405/408/194 291/264/172 290/266/172 409/409/194
f 409/409/194 290/266/172 289/268/172 413/410/194
f 413/410/194 289/268/172 288/270/172 417/411/194
f 417/411/194 288/270/172 287/272/172 421/412/194
f 421/412/194 287/272/172 286/2/172 425/1/194
f 256/413/167 424/414/194 428/415/194 257/416/167
f 424/414/194 423/417/194 427/418/194 428/415/194
f 423/417/194 422/419/194 426/420/194 427/418/194
f 422/419/194 421/412/194 425/1/194 426/420/194
f 255/421/167 420/422/194 424/414/194 256/413/167
f 420/422/194 419/423/194 423/417/194 424/414/194
f 419/423/194 418/424/194 422/419/194 423/417/194
f 418/424/194 417/411/194 421/412/194 422/419/194
f 254/425/167 416/426/194 420/422/194 255/421/167
f 416/426/194 415/427/194 419/423/194 420/422/194
f 415/427/194 414/428/194 418/424/194 419/423/194
f 414/428/194 413/410/194 417/411/194 418/424/194
f 253/429/167 412/430/194 416/426/194 254/425/167
f 412/430/194 411/431/194 415/427/194 416/426/194
f 411/431/194 410/432/194 414/428/194 415/427/194
f 410/432/194 409/409/194 413/410/194 414/428/194
f 252/433/167 408/434/194 412/430/194 253/429/167
f 408/434/194 407/435/194 411/431/194 412/430/194
f 407/435/194 406/436/194 410/432/194 411/431/194
f 406/436/194 405/408/194 409/409/194 410/432/194
f 251/437/167 404/438/194 408/434/194 252/433/167
f 404/438/194 403/439/194 407/435/194 408/434/194
f 403/439/194 402/440/194 406/436/194 407/435/194
f 402/440/194 401/407/194 405/408/194 406/436/194
f 79/441/79 356/442/188 404/438/194 251/437/167
f 356/442/188 355/443/188 403/439/194 404/438/194
f 355/443/188 354/444/188 402/440/194 403/439/194
f 354/444/188 353/406/188 401/407/194 402/440/194
f 186/362/157 396/445/193 400/446/193 187/359/157
f 396/445/193 395/447/193 399/448/193 400/446/193
f 395/447/193 394/449/193 398/450/193 399/448/193
f 394/449/193 393/398/193 397/17/193 398/450/193
f 185/364/157 392/451/193 396/445/193 186/362/157
f 392/451/193 391/452/193 395/447/193 396/445/193
f 391/452/193 390/453/193 394/449/193 395/447/193
f 390/453/193 389/397/193 393/398/193 394/449/193
f 184/366/157 388/454/193 392/451/193 185/364/157
f 388/454/193 387/455/193 391/452/193 392/451/193
f 387/455/193 386/456/193 390/453/193 391/452/193
f 386/456/193 385/396/193 389/397/193 390/453/193
f 183/368/157 384/457/193 388/454/193 184/366/157
f 384/457/193 383/458/193 387/455/193 388/454/193
f 383/458/193 382/459/193 386/456/193 387/455/193
f 382/459/193 381/395/193 385/396/193 386/456/193
f 182/370/157 380/460/193 384/457/193 183/368/157
f 380/460/193 379/461/193 383/458/193 384/457/193
f 379/461/193 378/462/193 382/459/193 383/458/193
f 378/462/193 377/394/193 381/395/193 382/459/193
f 181/199/157 376/463/193 380/460/193 182/370/157
f 376/463/193 375/464/193 379/461/193 380/460/193
f 375/464/193 374/465/193 378/462/193 379/461/193
f 374/465/193 373/393/193 377/394/193 378/462/193
f 41/198/41 316/466/178 376/463/193 181/199/157
f 316/466/178 315/467/178 375/464/193 376/463/193
f 315/467/178 314/468/178 374/465/193 375/464/193
f 314/468/178 313/392/178 373/393/193 374/465/193
f 112/132/112 368/469/191 372/8/192 98/7/98
f 368/469/191 367/470/191 371/471/192 372/8/192
f 367/470/191 366/472/191 370/473/192 371/471/192
f 366/472/191 365/225/191 369/226/192 370/473/192
f 106/128/106 364/474/190 368/469/191 112/132/112
f 364/474/190 363/475/190 367/470/191 368/469/191
f 363/475/190 362/476/190 366/472/191 367/470/191
f 362/476/190 361/224/190 365/225/191 366/472/191
f 105/125/105 360/477/189 364/474/190 106/128/106
f 360/477/189 359/478/189 363/475/190 364/474/190
f 359/478/189 358/479/189 362/476/190 363/475/190
f 358/479/189 357/223/189 361/224/190 362/476/190
f 97/124/97 353/480/188 360/477/189 105/125/105
f 353/480/188 354/481/188 359/478/189 360/477/189
f 354/481/188 355/482/188 358/479/189 359/478/189
f 355/482/188 356/222/188 357/223/189 358/479/189
f 150/170/150 348/483/186 352/484/187 136/167/136
f 348/483/186 347/485/186 351/486/187 352/484/187
f 347/485/186 346/487/186 350/488/187 351/486/187
f 346/487/186 345/211/186 349/212/187 350/488/187
f 144/165/144 344/489/185 348/483/186 150/170/150
f 344/489/185 343/490/185 347/485/186 348/483/186
f 343/490/185 342/491/185 346/487/186 347/485/186
f 342/491/185 341/210/185 345/211/186 346/487/186
f 143/162/143 340/492/184 344/489/185 144/165/144
f 340/492/184 339/493/184 343/490/185 344/489/185
f 339/493/184 338/494/184 342/491/185 343/490/185
f 338/494/184 337/209/184 341/210/185 342/491/185
f 135/161/135 333/495/183 340/492/184 143/162/143
f 333/495/183 334/496/183 339/493/184 340/492/184
f 334/496/183 335/497/183 338/494/184 339/493/184
f 335/497/183 336/208/183 337/209/184 338/494/184
f 74/95/74 328/498/181 332/16/182 60/15/60
f 328/498/181 327/499/181 331/500/182 332/16/182
f 327/499/181 326/501/181 330/502/182 331/500/182
f 326/501/181 325/188/181 329/189/182 330/502/182
f 68/91/68 324/503/180 328/498/181 74/95/74
f 324/503/180 323/504/180 327/499/181 328/498/181
f 323/504/180 322/505/180 326/501/181 327/499/181
f 322/505/180 321/187/180 325/188/181 326/501/181
f 67/88/67 320/506/179 324/503/180 68/91/68
f 320/506/179 319/507/179 323/504/180 324/503/180
f 319/507/179 318/508/179 322/505/180 323/504/180
f 318/508/179 317/186/179 321/187/180 322/505/180
f 59/87/59 313/509/178 320/506/179 67/88/67
f 313/509/178 314/510/178 319/507/179 320/506/179
f 314/510/178 315/511/178 318/508/179 319/507/179
f 315/511/178 316/185/178 317/186/179 318/508/179
f 17/39/17 308/512/176 312/513/177 3/36/3
f 308/512/176 307/514/176 311/515/177 312/513/177
f 307/514/176 306/516/176 310/517/177 311/515/177
f 306/516/176 305/179/176 309/180/177 310/517/177
f 11/34/11 304/518/175 308/512/176 17/39/17
f 304/518/175 303/519/175 307/514/176 308/512/176
f 303/519/175 302/520/175 306/516/176 307/514/176
f 302/520/175 301/178/175 305/179/176 306/516/176
f 10/31/10 300/521/174 304/518/175 11/34/11
f 300/521/174 299/522/174 303/519/175 304/518/175
f 299/522/174 298/523/174 302/520/175 303/519/175
f 298/523/174 297/177/174 301/178/175 302/520/175
f 2/30/2 293/524/173 300/521/174 10/31/10
f 293/524/173 294/525/173 299/522/174 300/521/174
f 294/525/173 295/526/173 298/523/174 299/522/174
f 295/526/173 296/176/173 297/177/174 298/523/174
f 187/359/157 400/446/193 349/527/187 116/360/116
f 400/446/193 399/448/193 350/528/187 349/527/187
f 399/448/193 398/450/193 351/529/187 350/528/187
f 398/450/193 397/17/193 352/20/187 351/529/187
f 493/530/199 883/531/217 329/189/182 40/68/40
f 883/531/217 896/532/217 330/502/182 329/189/182
f 896/532/217 909/533/217 331/500/182 330/502/182
f 909/533/217 922/13/217 332/16/182 331/500/182
f 623/534/209 935/535/218 369/226/192 78/105/78
f 935/535/218 948/536/218 370/473/192 369/226/192
f 948/536/218 961/537/218 371/471/192 370/473/192
f 961/537/218 974/5/218 372/8/192 371/471/192
f 257/416/167 428/415/194 293/538/173 2/539/2
f 428/415/194 427/418/194 294/540/173 293/538/173
f 427/418/194 426/420/194 295/541/173 294/540/173
f 426/420/194 425/1/194 296/4/173 295/541/173
f 334/496/183 333/495/183 962/542/218 949/543/218
f 949/543/218 962/542/218 963/544/218 950/545/218
f 950/545/218 963/544/218 964/546/218 951/547/218
f 951/547/218 964/546/218 965/548/218 952/549/218
f 952/549/218 965/548/218 966/550/218 953/551/218
f 953/551/218 966/550/218 967/552/218 954/553/218
f 954/553/218 967/552/218 968/554/218 955/555/218
f 955/555/218 968/554/218 969/556/218 956/557/218
f 956/557/218 969/556/218 970/558/218 957/559/218
f 957/559/218 970/558/218 971/560/218 958/561/218
f 958/561/218 971/560/218 972/562/218 959/563/218
f 959/563/218 972/562/218 973/564/218 960/565/218
f 960/565/218 973/564/218 974/5/218 961/537/218
f 335/497/183 334/496/183 949/543/218 936/566/218
f 936/566/218 949/543/218 950/545/218 937/567/218
f 937/567/218 950/545/218 951/547/218 938/568/218
f 938/568/218 951/547/218 952/549/218 939/569/218
f 939/569/218 952/549/218 953/551/218 940/570/218
f 940/570/218 953/551/218 954/553/218 941/571/218
f 941/571/218 954/553/218 955/555/218 942/572/218
f 942/572/218 955/555/218 956/557/218 943/573/218
f 943/573/218 956/557/218 957/559/218 944/574/218
f 944/574/218 957/559/218 958/561/218 945/575/218
f 945/575/218 958/561/218 959/563/218 946/576/218
f 946/576/218 959/563/218 960/565/218 947/577/218
f 947/577/218 960/565/218 961/537/218 948/536/218
f 336/208/183 335/497/183 936/566/218 923/578/218
f 923/578/218 936/566/218 937/567/218 924/579/218
f 924/579/218 937/567/218 938/568/218 925/580/218
f 925/580/218 938/568/218 939/569/218 926/581/218
f 926/581/218 939/569/218 940/570/218 927/582/218
f 927/582/218 940/570/218 941/571/218 928/583/218
f 928/583/218 941/571/218 942/572/218 929/584/218
f 929/584/218 942/572/218 943/573/218 930/585/218
f 930/585/218 943/573/218 944/574/218 931/586/218
f 931/586/218 944/574/218 945/575/218 932/587/218
f 932/587/218 945/575/218 946/576/218 933/588/218
f 933/588/218 946/576/218 947/577/218 934/589/218
f 934/589/218 947/577/218 948/536/218 935/535/218
f 117/148/117 336/208/183 923/578/218 611/217/209
f 611/217/209 923/578/218 924/579/218 612/590/209
f 612/590/209 924/579/218 925/580/218 613/591/209
f 613/591/209 925/580/218 926/581/218 614/592/209
f 614/592/209 926/581/218 927/582/218 615/593/209
f 615/593/209 927/582/218 928/583/218 616/594/209
f 616/594/209 928/583/218 929/584/218 617/595/209
f 617/595/209 929/584/218 930/585/218 618/596/209
f 618/596/209 930/585/218 931/586/218 619/597/209
f 619/597/209 931/586/218 932/587/218 620/598/209
f 620/598/209 932/587/218 933/588/218 621/599/209
f 621/599/209 933/588/218 934/589/218 622/600/209
f 622/600/209 934/589/218 935/535/218 623/534/209
f 310/517/177 309/180/177 910/601/217 897/602/217
f 897/602/217 910/601/217 911/603/217 898/604/217
f 898/604/217 911/603/217 912/605/217 899/606/217
f 899/606/217 912/605/217 913/607/217 900/608/217
f 900/608/217 913/607/217 914/609/217 901/610/217
f 901/610/217 914/609/217 915/611/217 902/612/217
f 902/612/217 915/611/217 916/613/217 903/614/217
f 903/614/217 916/613/217 917/615/217 904/616/217
f 904/616/217 917/615/217 918/617/217 905/618/217
f 905/618/217 918/617/217 919/619/217 906/620/217
f 906/620/217 919/619/217 920/621/217 907/622/217
f 907/622/217 920/621/217 921/623/217 908/624/217
f 908/624/217 921/623/217 922/13/217 909/533/217
f 311/515/177 310/517/177 897/602/217 884/625/217
f 884/625/217 897/602/217 898/604/217 885/626/217
f 885/626/217 898/604/217 899/606/217 886/627/217
f 886/627/217 899/606/217 900/608/217 887/628/217
f 887/628/217 900/608/217 901/610/217 888/629/217
f 888/629/217 901/610/217 902/612/217 889/630/217
f 889/630/217 902/612/217 903/614/217 890/631/217
f 890/631/217 903/614/217 904/616/217 891/632/217
f 891/632/217 904/616/217 905/618/217 892/633/217
f 892/633/217 905/618/217 906/620/217 893/634/217
f 893/634/217 906/620/217 907/622/217 894/635/217
f 894/635/217 907/622/217 908/624/217 895/636/217
f 895/636/217 908/624/217 909/533/217 896/532/217
f 312/513/177 311/515/177 884/625/217 871/637/217
f 871/637/217 884/625/217 885/626/217 872/638/217
f 872/638/217 885/626/217 886/627/217 873/639/217
f 873/639/217 886/627/217 887/628/217 874/640/217
f 874/640/217 887/628/217 888/629/217 875/641/217
f 875/641/217 888/629/217 889/630/217 876/642/217
f 876/642/217 889/630/217 890/631/217 877/643/217
f 877/643/217 890/631/217 891/632/217 878/644/217
f 878/644/217 891/632/217 892/633/217 879/645/217
f 879/645/217 892/633/217 893/634/217 880/646/217
f 880/646/217 893/634/217 894/635/217 881/647/217
f 881/647/217 894/635/217 895/636/217 882/648/217
f 882/648/217 895/636/217 896/532/217 883/531/217
f 3/36/3 312/513/177 871/637/217 481/175/199
f 481/175/199 871/637/217 872/638/217 482/649/199
f 482/649/199 872/638/217 873/639/217 483/650/199
f 483/650/199 873/639/217 874/640/217 484/651/199
f 484/651/199 874/640/217 875/641/217 485/652/199
f 485/652/199 875/641/217 876/642/217 486/653/199
f 486/653/199 876/642/217 877/643/217 487/654/199
f 487/654/199 877/643/217 878/644/217 488/655/199
f 488/655/199 878/644/217 879/645/217 489/656/199
f 489/656/199 879/645/217 880/646/217 490/657/199
f 490/657/199 880/646/217 881/647/217 491/658/199
f 491/658/199 881/647/217 882/648/217 492/659/199
f 492/659/199 882/648/217 883/531/217 493/530/199
f 189/660/158 188/661/158 858/662/216 845/663/216
f 845/663/216 858/662/216 859/664/216 846/665/216
f 846/665/216 859/664/216 860/666/216 847/667/216
f 847/667/216 860/666/216 861/668/216 848/669/216
f 848/669/216 861/668/216 862/670/216 849/671/216
f 849/671/216 862/670/216 863/672/216 850/673/216
f 850/673/216 863/672/216 864/674/216 851/675/216
f 851/675/216 864/674/216 865/676/216 852/677/216
f 852/677/216 865/676/216 866/678/216 853/679/216
f 853/679/216 866/678/216 867/680/216 854/681/216
f 854/681/216 867/680/216 868/682/216 855/683/216
f 855/683/216 868/682/216 869/684/216 856/685/216
f 856/685/216 869/684/216 870/9/216 857/405/216
f 190/686/158 189/660/158 845/663/216 832/687/216
f 832/687/216 845/663/216 846/665/216 833/688/216
f 833/688/216 846/665/216 847/667/216 834/689/216
f 834/689/216 847/667/216 848/669/216 835/690/216
f 835/690/216 848/669/216 849/671/216 836/691/216
f 836/691/216 849/671/216 850/673/216 837/692/216
f 837/692/216 850/673/216 851/675/216 838/693/216
f 838/693/216 851/675/216 852/677/216 839/694/216
f 839/694/216 852/677/216 853/679/216 840/695/216
f 840/695/216 853/679/216 854/681/216 841/696/216
f 841/696/216 854/681/216 855/683/216 842/697/216
f 842/697/216 855/683/216 856/685/216 843/698/216
f 843/698/216 856/685/216 857/405/216 844/404/216
f 191/699/158 190/686/158 832/687/216 819/700/216
f 819/700/216 832/687/216 833/688/216 820/701/216
f 820/701/216 833/688/216 834/689/216 821/702/216
f 821/702/216 834/689/216 835/690/216 822/703/216
f 822/703/216 835/690/216 836/691/216 823/704/216
f 823/704/216 836/691/216 837/692/216 824/705/216
f 824/705/216 837/692/216 838/693/216 825/706/216
f 825/706/216 838/693/216 839/694/216 826/707/216
f 826/707/216 839/694/216 840/695/216 827/708/216
f 827/708/216 840/695/216 841/696/216 828/709/216
f 828/709/216 841/696/216 842/697/216 829/710/216
f 829/710/216 842/697/216 843/698/216 830/711/216
f 830/711/216 843/698/216 844/404/216 831/403/216
f 192/712/158 191/699/158 819/700/216 806/713/216
f 806/713/216 819/700/216 820/701/216 807/714/216
f 807/714/216 820/701/216 821/702/216 808/715/216
f 808/715/216 821/702/216 822/703/216 809/716/216
f 809/716/216 822/703/216 823/704/216 810/717/216
f 810/717/216 823/704/216 824/705/216 811/718/216
f 811/718/216 824/705/216 825/706/216 812/719/216
f 812/719/216 825/706/216 826/707/216 813/720/216
f 813/720/216 826/707/216 827/708/216 814/721/216
f 814/721/216 827/708/216 828/709/216 815/722/216
f 815/722/216 828/709/216 829/710/216 816/723/216
f 816/723/216 829/710/216 830/711/216 817/724/216
f 817/724/216 830/711/216 831/403/216 818/402/216
f 193/725/158 192/712/158 806/713/216 793/726/216
f 793/726/216 806/713/216 807/714/216 794/727/216
f 794/727/216 807/714/216 808/715/216 795/728/216
f 795/728/216 808/715/216 809/716/216 796/729/216
f 796/729/216 809/716/216 810/717/216 797/730/216
f 797/730/216 810/717/216 811/718/216 798/731/216
f 798/731/216 811/718/216 812/719/216 799/732/216
f 799/732/216 812/719/216 813/720/216 800/733/216
f 800/733/216 813/720/216 814/721/216 801/734/216
f 801/734/216 814/721/216 815/722/216 802/735/216
f 802/735/216 815/722/216 816/723/216 803/736/216
f 803/736/216 816/723/216 817/724/216 804/737/216
f 804/737/216 817/724/216 818/402/216 805/401/216
f 194/738/158 193/725/158 793/726/216 780/739/216
f 780/739/216 793/726/216 794/727/216 781/740/216
f 781/740/216 794/727/216 795/728/216 782/741/216
f 782/741/216 795/728/216 796/729/216 783/742/216
f 783/742/216 796/729/216 797/730/216 784/743/216
f 784/743/216 797/730/216 798/731/216 785/744/216
f 785/744/216 798/731/216 799/732/216 786/745/216
f 786/745/216 799/732/216 800/733/216 787/746/216
f 787/746/216 800/733/216 801/734/216 788/747/216
f 788/747/216 801/734/216 802/735/216 789/748/216
f 789/748/216 802/735/216 803/736/216 790/749/216
f 790/749/216 803/736/216 804/737/216 791/750/216
f 791/750/216 804/737/216 805/401/216 792/400/216
f 134/751/134 194/738/158 780/739/216 624/752/210
f 624/752/210 780/739/216 781/740/216 625/753/210
f 625/753/210 781/740/216 782/741/216 626/754/210
f 626/754/210 782/741/216 783/742/216 627/755/210
f 627/755/210 783/742/216 784/743/216 628/756/210
f 628/756/210 784/743/216 785/744/216 629/757/210
f 629/757/210 785/744/216 786/745/216 630/758/210
f 630/758/210 786/745/216 787/746/216 631/759/210
f 631/759/210 787/746/216 788/747/216 632/760/210
f 632/760/210 788/747/216 789/748/216 633/761/210
f 633/761/210 789/748/216 790/749/216 634/762/210
f 634/762/210 790/749/216 791/750/216 635/763/210
f 635/763/210 791/750/216 792/400/216 636/399/210
f 154/387/153 153/386/153 767/764/215 754/765/215
f 754/765/215 767/764/215 768/766/215 755/767/215
f 755/767/215 768/766/215 769/768/215 756/769/215
f 756/769/215 769/768/215 770/770/215 757/771/215
f 757/771/215 770/770/215 771/772/215 758/773/215
f 758/773/215 771/772/215 772/774/215 759/775/215
f 759/775/215 772/774/215 773/776/215 760/777/215
f 760/777/215 773/776/215 774/778/215 761/779/215
f 761/779/215 774/778/215 775/780/215 762/781/215
f 762/781/215 775/780/215 776/782/215 763/783/215
f 763/783/215 776/782/215 777/784/215 764/785/215
f 764/785/215 777/784/215 778/786/215 765/787/215
f 765/787/215 778/786/215 779/243/215 766/257/215
f 155/388/153 154/387/153 754/765/215 741/788/215
f 741/788/215 754/765/215 755/767/215 742/789/215
f 742/789/215 755/767/215 756/769/215 743/790/215
f 743/790/215 756/769/215 757/771/215 744/791/215
f 744/791/215 757/771/215 758/773/215 745/792/215
f 745/792/215 758/773/215 759/775/215 746/793/215
f 746/793/215 759/775/215 760/777/215 747/794/215
f 747/794/215 760/777/215 761/779/215 748/795/215
f 748/795/215 761/779/215 762/781/215 749/796/215
f 749/796/215 762/781/215 763/783/215 750/797/215
f 750/797/215 763/783/215 764/785/215 751/798/215
f 751/798/215 764/785/215 765/787/215 752/799/215
f 752/799/215 765/787/215 766/257/215 753/255/215
f 156/389/153 155/388/153 741/788/215 728/800/215
f 728/800/215 741/788/215 742/789/215 729/801/215
f 729/801/215 742/789/215 743/790/215 730/802/215
f 730/802/215 743/790/215 744/791/215 731/803/215
f 731/803/215 744/791/215 745/792/215 732/804/215
f 732/804/215 745/792/215 746/793/215 733/805/215
f 733/805/215 746/793/215 747/794/215 734/806/215
f 734/806/215 747/794/215 748/795/215 735/807/215
f 735/807/215 748/795/215 749/796/215 736/808/215
f 736/808/215 749/796/215 750/797/215 737/809/215
f 737/809/215 750/797/215 751/798/215 738/810/215
f 738/810/215 751/798/215 752/799/215 739/811/215
f 739/811/215 752/799/215 753/255/215 740/253/215
f 157/390/153 156/389/153 728/800/215 715/812/215
f 715/812/215 728/800/215 729/801/215 716/813/215
f 716/813/215 729/801/215 730/802/215 717/814/215
f 717/814/215 730/802/215 731/803/215 718/815/215
f 718/815/215 731/803/215 732/804/215 719/816/215
f 719/816/215 732/804/215 733/805/215 720/817/215
f 720/817/215 733/805/215 734/806/215 721/818/215
f 721/818/215 734/806/215 735/807/215 722/819/215
f 722/819/215 735/807/215 736/808/215 723/820/215
f 723/820/215 736/808/215 737/809/215 724/821/215
f 724/821/215 737/809/215 738/810/215 725/822/215
f 725/822/215 738/810/215 739/811/215 726/823/215
f 726/823/215 739/811/215 740/253/215 727/251/215
f 158/391/153 157/390/153 715/812/215 702/824/215
f 702/824/215 715/812/215 716/813/215 703/825/215
f 703/825/215 716/813/215 717/814/215 704/826/215
f 704/826/215 717/814/215 718/815/215 705/827/215
f 705/827/215 718/815/215 719/816/215 706/828/215
f 706/828/215 719/816/215 720/817/215 707/829/215
f 707/829/215 720/817/215 721/818/215 708/830/215
f 708/830/215 721/818/215 722/819/215 709/831/215
f 709/831/215 722/819/215 723/820/215 710/832/215
f 710/832/215 723/820/215 724/821/215 711/833/215
f 711/833/215 724/821/215 725/822/215 712/834/215
f 712/834/215 725/822/215 726/823/215 713/835/215
f 713/835/215 726/823/215 727/251/215 714/249/215
f 159/190/153 158/391/153 702/824/215 689/836/215
f 689/836/215 702/824/215 703/825/215 690/837/215
f 690/837/215 703/825/215 704/826/215 691/838/215
f 691/838/215 704/826/215 705/827/215 692/839/215
f 692/839/215 705/827/215 706/828/215 693/840/215
f 693/840/215 706/828/215 707/829/215 694/841/215
f 694/841/215 707/829/215 708/830/215 695/842/215
f 695/842/215 708/830/215 709/831/215 696/843/215
f 696/843/215 709/831/215 710/832/215 697/844/215
f 697/844/215 710/832/215 711/833/215 698/845/215
f 698/845/215 711/833/215 712/834/215 699/846/215
f 699/846/215 712/834/215 713/835/215 700/847/215
f 700/847/215 713/835/215 714/249/215 701/246/215
f 39/191/39 159/190/153 689/836/215 429/848/195
f 429/848/195 689/836/215 690/837/215 430/849/195
f 430/849/195 690/837/215 691/838/215 431/850/195
f 431/850/195 691/838/215 692/839/215 432/851/195
f 432/851/195 692/839/215 693/840/215 433/852/195
f 433/852/195 693/840/215 694/841/215 434/853/195
f 434/853/195 694/841/215 695/842/215 435/854/195
f 435/854/195 695/842/215 696/843/215 436/855/195
f 436/855/195 696/843/215 697/844/215 437/856/195
f 437/856/195 697/844/215 698/845/215 438/857/195
f 438/857/195 698/845/215 699/846/215 439/858/195
f 439/858/195 699/846/215 700/847/215 440/859/195
f 440/859/195 700/847/215 701/246/215 441/245/195
f 153/386/153 115/385/115 571/860/205 767/764/215
f 767/764/215 571/860/205 570/861/205 768/766/215
f 768/766/215 570/861/205 569/862/205 769/768/215
f 769/768/215 569/862/205 568/863/205 770/770/215
f 770/770/215 568/863/205 567/864/205 771/772/215
f 771/772/215 567/864/205 566/865/205 772/774/215
f 772/774/215 566/865/205 565/866/205 773/776/215
f 773/776/215 565/866/205 564/867/205 774/778/215
f 774/778/215 564/867/205 563/868/205 775/780/215
f 775/780/215 563/868/205 562/869/205 776/782/215
f 776/782/215 562/869/205 561/870/205 777/784/215
f 777/784/215 561/870/205 560/871/205 778/786/215
f 778/786/215 560/871/205 559/244/205 779/243/215
f 145/164/145 675/872/213 688/873/214 135/161/135
f 675/872/213 674/874/213 687/875/214 688/873/214
f 674/874/213 673/876/213 686/877/214 687/875/214
f 673/876/213 672/878/213 685/879/214 686/877/214
f 672/878/213 671/880/213 684/881/214 685/879/214
f 671/880/213 670/882/213 683/883/214 684/881/214
f 670/882/213 669/884/213 682/885/214 683/883/214
f 669/884/213 668/886/213 681/887/214 682/885/214
f 668/886/213 667/888/213 680/889/214 681/887/214
f 667/888/213 666/890/213 679/891/214 680/889/214
f 666/890/213 665/892/213 678/893/214 679/891/214
f 665/892/213 664/894/213 677/895/214 678/893/214
f 664/894/213 663/221/213 676/6/214 677/895/214
f 138/156/138 662/896/212 675/872/213 145/164/145
f 662/896/212 661/897/212 674/874/213 675/872/213
f 661/897/212 660/898/212 673/876/213 674/874/213
f 660/898/212 659/899/212 672/878/213 673/876/213
f 659/899/212 658/900/212 671/880/213 672/878/213
f 658/900/212 657/901/212 670/882/213 671/880/213
f 657/901/212 656/902/212 669/884/213 670/882/213
f 656/902/212 655/903/212 668/886/213 669/884/213
f 655/903/212 654/904/212 667/888/213 668/886/213
f 654/904/212 653/905/212 666/890/213 667/888/213
f 653/905/212 652/906/212 665/892/213 666/890/213
f 652/906/212 651/907/212 664/894/213 665/892/213
f 651/907/212 650/220/212 663/221/213 664/894/213
f 137/153/137 649/908/211 662/896/212 138/156/138
f 649/908/211 648/909/211 661/897/212 662/896/212
f 648/909/211 647/910/211 660/898/212 661/897/212
f 647/910/211 646/911/211 659/899/212 660/898/212
f 646/911/211 645/912/211 658/900/212 659/899/212
f 645/912/211 644/913/211 657/901/212 658/900/212
f 644/913/211 643/914/211 656/902/212 657/901/212
f 643/914/211 642/915/211 655/903/212 656/902/212
f 642/915/211 641/916/211 654/904/212 655/903/212
f 641/916/211 640/917/211 653/905/212 654/904/212
f 640/917/211 639/918/211 652/906/212 653/905/212
f 639/918/211 638/919/211 651/907/212 652/906/212
f 638/919/211 637/219/211 650/220/212 651/907/212
f 134/152/134 624/920/210 649/908/211 137/153/137
f 624/920/210 625/921/210 648/909/211 649/908/211
f 625/921/210 626/922/210 647/910/211 648/909/211
f 626/922/210 627/923/210 646/911/211 647/910/211
f 627/923/210 628/924/210 645/912/211 646/911/211
f 628/924/210 629/925/210 644/913/211 645/912/211
f 629/925/210 630/926/210 643/914/211 644/913/211
f 630/926/210 631/927/210 642/915/211 643/914/211
f 631/927/210 632/928/210 641/916/211 642/915/211
f 632/928/210 633/929/210 640/917/211 641/916/211
f 633/929/210 634/930/210 639/918/211 640/917/211
f 634/930/210 635/931/210 638/919/211 639/918/211
f 635/931/210 636/218/210 637/219/211 638/919/211
f 88/108/88 610/932/208 623/534/209 78/105/78
f 610/932/208 609/933/208 622/600/209 623/534/209
f 609/933/208 608/934/208 621/599/209 622/600/209
f 608/934/208 607/935/208 620/598/209 621/599/209
f 607/935/208 606/936/208 619/597/209 620/598/209
f 606/936/208 605/937/208 618/596/209 619/597/209
f 605/937/208 604/938/208 617/595/209 618/596/209
f 604/938/208 603/939/208 616/594/209 617/595/209
f 603/939/208 602/940/208 615/593/209 616/594/209
f 602/940/208 601/941/208 614/592/209 615/593/209
f 601/941/208 600/942/208 613/591/209 614/592/209
f 600/942/208 599/943/208 612/590/209 613/591/209
f 599/943/208 598/216/208 611/217/209 612/590/209
f 81/100/81 597/944/207 610/932/208 88/108/88
f 597/944/207 596/945/207 609/933/208 610/932/208
f 596/945/207 595/946/207 608/934/208 609/933/208
f 595/946/207 594/947/207 607/935/208 608/934/208
f 594/947/207 593/948/207 606/936/208 607/935/208
f 593/948/207 592/949/207 605/937/208 606/936/208
f 592/949/207 591/950/207 604/938/208 605/937/208
f 591/950/207 590/951/207 603/939/208 604/938/208
f 590/951/207 589/952/207 602/940/208 603/939/208
f 589/952/207 588/953/207 601/941/208 602/940/208
f 588/953/207 587/954/207 600/942/208 601/941/208
f 587/954/207 586/955/207 599/943/208 600/942/208
f 586/955/207 585/215/207 598/216/208 599/943/208
f 80/97/80 584/956/206 597/944/207 81/100/81
f 584/956/206 583/957/206 596/945/207 597/944/207
f 583/957/206 582/958/206 595/946/207 596/945/207
f 582/958/206 581/959/206 594/947/207 595/946/207
f 581/959/206 580/960/206 593/948/207 594/947/207
f 580/960/206 579/961/206 592/949/207 593/948/207
f 579/961/206 578/962/206 591/950/207 592/949/207
f 578/962/206 577/963/206 590/951/207 591/950/207
f 577/963/206 576/964/206 589/952/207 590/951/207
f 576/964/206 575/965/206 588/953/207 589/952/207
f 575/965/206 574/966/206 587/954/207 588/953/207
f 574/966/206 573/967/206 586/955/207 587/954/207
f 573/967/206 572/214/206 585/215/207 586/955/207
f 77/96/77 559/968/205 584/956/206 80/97/80
f 559/968/205 560/969/205 583/957/206 584/956/206
f 560/969/205 561/970/205 582/958/206 583/957/206
f 561/970/205 562/971/205 581/959/206 582/958/206
f 562/971/205 563/972/205 580/960/206 581/959/206
f 563/972/205 564/973/205 579/961/206 580/960/206
f 564/973/205 565/974/205 578/962/206 579/961/206
f 565/974/205 566/975/205 577/963/206 578/962/206
f 566/975/205 567/976/205 576/964/206 577/963/206
f 567/976/205 568/977/205 575/965/206 576/964/206
f 568/977/205 569/978/205 574/966/206 575/965/206
f 569/978/205 570/979/205 573/967/206 574/966/206
f 570/979/205 571/213/205 572/214/206 573/967/206
f 36/58/36 545/980/203 558/981/204 22/55/22
f 545/980/203 544/982/203 557/983/204 558/981/204
f 544/982/203 543/984/203 556/985/204 557/983/204
f 543/984/203 542/986/203 555/987/204 556/985/204
f 542/986/203 541/988/203 554/989/204 555/987/204
f 541/988/203 540/990/203 553/991/204 554/989/204
f 540/990/203 539/992/203 552/993/204 553/991/204
f 539/992/203 538/994/203 551/995/204 552/993/204
f 538/994/203 537/996/203 550/997/204 551/995/204
f 537/996/203 536/998/203 549/999/204 550/997/204
f 536/998/203 535/1000/203 548/1001/204 549/999/204
f 535/1000/203 534/1002/203 547/1003/204 548/1001/204
f 534/1002/203 533/184/203 546/14/204 547/1003/204
f 30/53/30 532/1004/202 545/980/203 36/58/36
f 532/1004/202 531/1005/202 544/982/203 545/980/203
f 531/1005/202 530/1006/202 543/984/203 544/982/203
f 530/1006/202 529/1007/202 542/986/203 543/984/203
f 529/1007/202 528/1008/202 541/988/203 542/986/203
f 528/1008/202 527/1009/202 540/990/203 541/988/203
f 527/1009/202 526/1010/202 539/992/203 540/990/203
f 526/1010/202 525/1011/202 538/994/203 539/992/203
f 525/1011/202 524/1012/202 537/996/203 538/994/203
f 524/1012/202 523/1013/202 536/998/203 537/996/203
f 523/1013/202 522/1014/202 535/1000/203 536/998/203
f 522/1014/202 521/1015/202 534/1002/203 535/1000/203
f 521/1015/202 520/183/202 533/184/203 534/1002/203
f 29/50/29 519/1016/201 532/1004/202 30/53/30
f 519/1016/201 518/1017/201 531/1005/202 532/1004/202
f 518/1017/201 517/1018/201 530/1006/202 531/1005/202
f 517/1018/201 516/1019/201 529/1007/202 530/1006/202
f 516/1019/201 515/1020/201 528/1008/202 529/1007/202
f 515/1020/201 514/1021/201 527/1009/202 528/1008/202
f 514/1021/201 513/1022/201 526/1010/202 527/1009/202
f 513/1022/201 512/1023/201 525/1011/202 526/1010/202
f 512/1023/201 511/1024/201 524/1012/202 525/1011/202
f 511/1024/201 510/1025/201 523/1013/202 524/1012/202
f 510/1025/201 509/1026/201 522/1014/202 523/1013/202
f 509/1026/201 508/1027/201 521/1015/202 522/1014/202
f 508/1027/201 507/182/201 520/183/202 521/1015/202
f 21/49/21 494/1028/200 519/1016/201 29/50/29
f 494/1028/200 495/1029/200 518/1017/201 519/1016/201
f 495/1029/200 496/1030/200 517/1018/201 518/1017/201
f 496/1030/200 497/1031/200 516/1019/201 517/1018/201
f 497/1031/200 498/1032/200 515/1020/201 516/1019/201
f 498/1032/200 499/1033/200 514/1021/201 515/1020/201
f 499/1033/200 500/1034/200 513/1022/201 514/1021/201
f 500/1034/200 501/1035/200 512/1023/201 513/1022/201
f 501/1035/200 502/1036/200 511/1024/201 512/1023/201
f 502/1036/200 503/1037/200 510/1025/201 511/1024/201
f 503/1037/200 504/1038/200 509/1026/201 510/1025/201
f 504/1038/200 505/1039/200 508/1027/201 509/1026/201
f 505/1039/200 506/181/200 507/182/201 508/1027/201
f 50/71/50 480/1040/198 493/530/199 40/68/40
f 480/1040/198 479/1041/198 492/659/199 493/530/199
f 479/1041/198 478/1042/198 491/658/199 492/659/199
f 478/1042/198 477/1043/198 490/657/199 491/658/199
f 477/1043/198 476/1044/198 489/656/199 490/657/199
f 476/1044/198 475/1045/198 488/655/199 489/656/199
f 475/1045/198 474/1046/198 487/654/199 488/655/199
f 474/1046/198 473/1047/198 486/653/199 487/654/199
f 473/1047/198 472/1048/198 485/652/199 486/653/199
f 472/1048/198 471/1049/198 484/651/199 485/652/199
f 471/1049/198 470/1050/198 483/650/199 484/651/199
f 470/1050/198 469/1051/198 482/649/199 483/650/199
f 469/1051/198 468/174/198 481/175/199 482/649/199
f 43/63/43 467/1052/197 480/1040/198 50/71/50
f 467/1052/197 466/1053/197 479/1041/198 480/1040/198
f 466/1053/197 465/1054/197 478/1042/198 479/1041/198
f 465/1054/197 464/1055/197 477/1043/198 478/1042/198
f 464/1055/197 463/1056/197 476/1044/198 477/1043/198
f 463/1056/197 462/1057/197 475/1045/198 476/1044/198
f 462/1057/197 461/1058/197 474/1046/198 475/1045/198
f 461/1058/197 460/1059/197 473/1047/198 474/1046/198
f 460/1059/197 459/1060/197 472/1048/198 473/1047/198
f 459/1060/197 458/1061/197 471/1049/198 472/1048/198
f 458/1061/197 457/1062/197 470/1050/198 471/1049/198
f 457/1062/197 456/1063/197 469/1051/198 470/1050/198
f 456/1063/197 455/173/197 468/174/198 469/1051/198
f 42/60/42 454/1064/196 467/1052/197 43/63/43
f 454/1064/196 453/1065/196 466/1053/197 467/1052/197
f 453/1065/196 452/1066/196 465/1054/197 466/1053/197
f 452/1066/196 451/1067/196 464/1055/197 465/1054/197
f 451/1067/196 450/1068/196 463/1056/197 464/1055/197
f 450/1068/196 449/1069/196 462/1057/197 463/1056/197
f 449/1069/196 448/1070/196 461/1058/197 462/1057/197
f 448/1070/196 447/1071/196 460/1059/197 461/1058/197
f 447/1071/196 446/1072/196 459/1060/197 460/1059/197
f 446/1072/196 445/1073/196 458/1061/197 459/1060/197
f 445/1073/196 444/1074/196 457/1062/197 458/1061/197
f 444/1074/196 443/1075/196 456/1063/197 457/1062/197
f 443/1075/196 442/172/196 455/173/197 456/1063/197
f 39/59/39 429/1076/195 454/1064/196 42/60/42
f 429/1076/195 430/1077/195 453/1065/196 454/1064/196
f 430/1077/195 431/1078/195 452/1066/196 453/1065/196
f 431/1078/195 432/1079/195 451/1067/196 452/1066/196
f 432/1079/195 433/1080/195 450/1068/196 451/1067/196
f 433/1080/195 434/1081/195 449/1069/196 450/1068/196
f 434/1081/195 435/1082/195 448/1070/196 449/1069/196
f 435/1082/195 436/1083/195 447/1071/196 448/1070/196
f 436/1083/195 437/1084/195 446/1072/196 447/1071/196
f 437/1084/195 438/1085/195 445/1073/196 446/1072/196
f 438/1085/195 439/1086/195 444/1074/196 445/1073/196
f 439/1086/195 440/1087/195 443/1075/196 444/1074/196
f 440/1087/195 441/171/195 442/172/196 443/1075/196
f 309/180/177 22/55/22 558/981/204 910/601/217
f 910/601/217 558/981/204 557/983/204 911/603/217
f 911/603/217 557/983/204 556/985/204 912/605/217
f 912/605/217 556/985/204 555/987/204 913/607/217
f 913/607/217 555/987/204 554/989/204 914/609/217
f 914/609/217 554/989/204 553/991/204 915/611/217
f 915/611/217 553/991/204 552/993/204 916/613/217
f 916/613/217 552/993/204 551/995/204 917/615/217
f 917/615/217 551/995/204 550/997/204 918/617/217
f 918/617/217 550/997/204 549/999/204 919/619/217
f 919/619/217 549/999/204 548/1001/204 920/621/217
f 920/621/217 548/1001/204 547/1003/204 921/623/217
f 921/623/217 547/1003/204 546/14/204 922/13/217
f 188/661/158 58/1088/58 506/1089/200 858/662/216
f 858/662/216 506/1089/200 505/1090/200 859/664/216
f 859/664/216 505/1090/200 504/1091/200 860/666/216
f 860/666/216 504/1091/200 503/1092/200 861/668/216
f 861/668/216 503/1092/200 502/1093/200 862/670/216
f 862/670/216 502/1093/200 501/1094/200 863/672/216
f 863/672/216 501/1094/200 500/1095/200 864/674/216
f 864/674/216 500/1095/200 499/1096/200 865/676/216
f 865/676/216 499/1096/200 498/1097/200 866/678/216
f 866/678/216 498/1097/200 497/1098/200 867/680/216
f 867/680/216 497/1098/200 496/1099/200 868/682/216
f 868/682/216 496/1099/200 495/1100/200 869/684/216
f 869/684/216 495/1100/200 494/10/200 870/9/216
f 333/495/183 135/161/135 688/873/214 962/542/218
f 962/542/218 688/873/214 687/875/214 963/544/218
f 963/544/218 687/875/214 686/877/214 964/546/218
f 964/546/218 686/877/214 685/879/214 965/548/218
f 965/548/218 685/879/214 684/881/214 966/550/218
f 966/550/218 684/881/214 683/883/214 967/552/218
f 967/552/218 683/883/214 682/885/214 968/554/218
f 968/554/218 682/885/214 681/887/214 969/556/218
f 969/556/218 681/887/214 680/889/214 970/558/218
f 970/558/218 680/889/214 679/891/214 971/560/218
f 971/560/218 679/891/214 678/893/214 972/562/218
f 972/562/218 678/893/214 677/895/214 973/564/218
f 973/564/218 677/895/214 676/6/214 974/5/218
