# Blender 5.0.1
# www.blender.org
mtllib tripo_convert_59fb8010-babc-4166-bec9-f3c1e6e4c619.mtl
o tripo_node_59fb8010-babc-4166-bec9-f3c1e6e4c619
v -0.063477 0.781250 0.000977
v 0.063477 0.781250 0.000977
v -0.036133 0.826172 0.000977
v 0.036133 0.826172 0.000977
v -0.040039 0.847656 0.000977
v 0.040039 0.847656 0.000977
v -0.057617 0.865234 0.000977
v -0.061523 0.871094 0.000977
v -0.057617 0.884766 0.000977
v 0.057617 0.867188 0.000977
v 0.061523 0.871094 0.000977
v 0.057617 0.884766 0.000977
v -0.059570 0.900391 0.000977
v -0.069336 0.914062 0.000977
v -0.041992 0.984375 0.000977
v -0.010742 0.271484 0.002930
v 0.010742 0.271484 0.002930
v -0.192383 0.646484 0.002930
v 0.192383 0.646485 0.002930
v -0.254883 0.697266 0.002930
v 0.254883 0.697266 0.002930
v -0.108398 0.779297 0.002930
v -0.116211 0.779297 0.002930
v 0.108398 0.779297 0.002930
v 0.116211 0.779297 0.002930
v 0.057617 0.896484 0.002930
v -0.055664 0.898438 0.002930
v -0.065430 0.906250 0.002930
v 0.069336 0.908203 0.002930
v -0.069336 0.925781 0.002930
v 0.059570 0.925781 0.002930
v -0.045898 0.941406 0.002930
v 0.045898 0.941406 0.002930
v 0.028320 0.986328 0.002930
v -0.051758 0.041016 0.004883
v 0.051758 0.041016 0.004883
v -0.004883 0.308594 0.004883
v 0.004883 0.308594 0.004883
v -0.002930 0.316406 0.004883
v 0.002930 0.316406 0.004883
v -0.000977 0.318359 0.004883
v -0.110352 0.785156 0.004883
v 0.110352 0.785156 0.004883
v -0.000977 0.841797 0.004883
v -0.014648 0.841797 0.004883
v 0.014648 0.841797 0.004883
v -0.061523 0.859375 0.004883
v 0.061523 0.859375 0.004883
v -0.034180 0.863281 0.004883
v 0.034180 0.863281 0.004883
v -0.055664 0.875000 0.004883
v -0.061523 0.876953 0.004883
v 0.055664 0.876953 0.004883
v 0.061523 0.876953 0.004883
v 0.059570 0.882813 0.004883
v -0.057617 0.884766 0.004883
v 0.057617 0.890625 0.004883
v -0.059570 0.892578 0.004883
v -0.053711 0.898438 0.004883
v 0.053711 0.898438 0.004883
v 0.065430 0.919922 0.004883
v 0.053711 0.958984 0.004883
v -0.006836 0.992188 0.004883
v -0.141602 0.105469 0.006836
v 0.141602 0.105469 0.006836
v -0.073242 0.779297 0.006836
v 0.073242 0.779297 0.006836
v -0.071289 0.796875 0.006836
v 0.071289 0.796875 0.006836
v -0.067383 0.798828 0.006836
v 0.067383 0.798828 0.006836
v -0.000977 0.832031 0.006836
v -0.022461 0.837891 0.006836
v 0.022461 0.837891 0.006836
v -0.053711 0.884766 0.006836
v 0.053711 0.884766 0.006836
v -0.053711 0.892578 0.006836
v 0.051758 0.892578 0.006836
v 0.065430 0.898438 0.006836
v 0.069336 0.902344 0.006836
v -0.053711 0.914062 0.006836
v 0.053711 0.914063 0.006836
v 0.075195 0.914063 0.006836
v -0.069336 0.917969 0.006836
v -0.065430 0.931641 0.006836
v -0.139648 0.136719 0.008789
v 0.139649 0.136719 0.008789
v -0.155273 0.240234 0.008789
v -0.163086 0.246094 0.008789
v -0.184570 0.646484 0.008789
v 0.184570 0.646485 0.008789
v -0.053711 0.906250 0.008789
v -0.065430 0.908203 0.008789
v 0.071289 0.919922 0.008789
v -0.067383 0.929688 0.008789
v -0.057617 0.935547 0.008789
v -0.069336 0.937500 0.008789
v -0.024414 0.957031 0.008789
v 0.024414 0.957031 0.008789
v 0.067383 0.000000 0.010742
v -0.067383 0.000000 0.010742
v -0.067383 0.007812 0.010742
v 0.067383 0.007812 0.010742
v -0.067383 0.017578 0.010742
v 0.067383 0.017578 0.010742
v -0.069336 0.019531 0.010742
v 0.069336 0.019531 0.010742
v -0.143555 0.123047 0.010742
v 0.143555 0.123047 0.010742
v 0.155273 0.242188 0.010742
v 0.161133 0.246094 0.010742
v -0.084961 0.798828 0.010742
v 0.084961 0.798828 0.010742
v 0.049805 0.902344 0.010742
v -0.049805 0.904297 0.010742
v 0.055664 0.904297 0.010742
v -0.051758 0.912109 0.010742
v 0.079102 0.917969 0.010742
v 0.077148 0.921875 0.010742
v -0.067383 0.039062 0.012695
v 0.067383 0.039063 0.012695
v -0.141602 0.083984 0.012695
v 0.141602 0.083984 0.012695
v -0.137695 0.093750 0.012695
v 0.137695 0.093750 0.012695
v -0.208008 0.701172 0.012695
v 0.208008 0.701172 0.012695
v 0.061523 0.906250 0.012695
v -0.047852 0.910156 0.012695
v 0.047852 0.910156 0.012695
v 0.063477 0.912109 0.012695
v 0.081055 0.923828 0.012695
v 0.079102 0.925781 0.012695
v -0.063477 0.931641 0.012695
v 0.053711 0.935547 0.012695
v 0.055664 0.941406 0.012695
v -0.000977 0.960938 0.012695
v -0.151367 0.001953 0.014648
v 0.151367 0.001953 0.014648
v -0.151367 0.011719 0.014648
v 0.151367 0.011719 0.014648
v -0.149414 0.013672 0.014648
v 0.149414 0.013672 0.014648
v -0.151367 0.031250 0.014648
v 0.151367 0.031250 0.014648
v -0.141602 0.177734 0.014648
v 0.141602 0.177734 0.014648
v -0.168945 0.285156 0.014648
v -0.065430 0.792969 0.014648
v 0.065430 0.792969 0.014648
v -0.067383 0.832031 0.014648
v 0.067383 0.832031 0.014648
v -0.049805 0.917969 0.014648
v -0.067383 0.921875 0.014648
v -0.045898 0.931641 0.014648
v 0.053711 0.931641 0.014648
v -0.053711 0.935547 0.014648
v 0.168945 0.285156 0.016602
v -0.178711 0.638672 0.016602
v 0.178711 0.638672 0.016602
v -0.061523 0.912109 0.016602
v 0.051758 0.912109 0.016602
v 0.071289 0.914063 0.016602
v 0.059570 0.921875 0.016602
v -0.047852 0.927734 0.016602
v -0.049805 0.933594 0.016602
v -0.055664 0.933594 0.016602
v -0.145508 0.050781 0.018555
v 0.145508 0.050781 0.018555
v -0.129883 0.072266 0.018555
v 0.129883 0.072266 0.018555
v -0.059570 0.109375 0.018555
v 0.059570 0.109375 0.018555
v -0.061523 0.128906 0.018555
v 0.061524 0.128906 0.018555
v -0.168945 0.314453 0.018555
v 0.168945 0.314453 0.018555
v -0.000977 0.832031 0.018555
v -0.024414 0.837891 0.018555
v 0.022461 0.837891 0.018555
v -0.000977 0.841797 0.018555
v -0.014648 0.843750 0.018555
v 0.014648 0.843750 0.018555
v -0.043945 0.916016 0.018555
v -0.047852 0.916016 0.018555
v 0.043945 0.916016 0.018555
v 0.057617 0.916016 0.018555
v 0.077148 0.917969 0.018555
v 0.069336 0.919922 0.018555
v 0.075195 0.919922 0.018555
v 0.079102 0.921875 0.018555
v 0.077148 0.923828 0.018555
v -0.061523 0.927734 0.018555
v -0.051758 0.929688 0.018555
v -0.104492 0.113281 0.020508
v 0.104492 0.113281 0.020508
v -0.141602 0.207031 0.020508
v 0.141602 0.207031 0.020508
v -0.174805 0.314453 0.020508
v 0.174805 0.314453 0.020508
v -0.182617 0.705078 0.020508
v 0.182617 0.705078 0.020508
v -0.055664 0.919922 0.020508
v -0.041992 0.921875 0.020508
v 0.040039 0.921875 0.020508
v -0.043945 0.923828 0.020508
v 0.057617 0.927734 0.020508
v 0.049805 0.937500 0.020508
v -0.045898 0.968750 0.020508
v -0.069336 0.089844 0.022461
v 0.069336 0.089844 0.022461
v -0.168945 0.341797 0.022461
v -0.049805 0.765625 0.022461
v 0.049805 0.765625 0.022461
v -0.026367 0.843750 0.022461
v -0.030273 0.843750 0.022461
v 0.026367 0.843750 0.022461
v 0.030273 0.843750 0.022461
v -0.026367 0.849609 0.022461
v -0.026367 0.849609 0.022461
v -0.030273 0.849609 0.022461
v -0.032227 0.849609 0.022461
v 0.026367 0.849609 0.022461
v 0.026367 0.849609 0.022461
v 0.030273 0.849609 0.022461
v 0.032227 0.849609 0.022461
v -0.030273 0.855469 0.022461
v 0.030273 0.855469 0.022461
v -0.049805 0.886719 0.022461
v 0.049805 0.886719 0.022461
v 0.045898 0.917969 0.022461
v -0.081055 0.068359 0.024414
v 0.081055 0.068359 0.024414
v -0.071289 0.078125 0.024414
v 0.071289 0.078125 0.024414
v -0.053711 0.171875 0.024414
v 0.053711 0.171875 0.024414
v 0.166992 0.341797 0.024414
v -0.168945 0.707031 0.024414
v 0.168945 0.707032 0.024414
v -0.038086 0.925781 0.024414
v 0.038086 0.925781 0.024414
v -0.040039 0.927734 0.024414
v 0.040039 0.927734 0.024414
v 0.036133 0.929688 0.024414
v 0.053711 0.933594 0.024414
v 0.030273 0.970703 0.024414
v -0.143555 0.062500 0.026367
v 0.143555 0.062500 0.026367
v -0.143555 0.224609 0.026367
v 0.141602 0.224609 0.026367
v -0.053711 0.867188 0.026367
v 0.053711 0.867188 0.026367
v 0.049805 0.917969 0.026367
v 0.055664 0.921875 0.026367
v -0.034180 0.927734 0.026367
v -0.108398 0.087891 0.028320
v 0.108399 0.087891 0.028320
v -0.106445 0.099609 0.028320
v 0.106445 0.099609 0.028320
v -0.104492 0.130859 0.028320
v 0.104492 0.130859 0.028320
v 0.151367 0.244141 0.028320
v -0.151367 0.246094 0.028320
v 0.043945 0.921875 0.028320
v 0.040039 0.927734 0.028320
v -0.036133 0.931641 0.028320
v 0.030273 0.931641 0.028320
v 0.030273 0.933594 0.028320
v 0.041992 0.935547 0.028320
v 0.047852 0.937500 0.028320
v -0.112305 0.074219 0.030273
v 0.112305 0.074219 0.030273
v -0.049805 0.197266 0.030273
v 0.049805 0.197266 0.030273
v -0.186523 0.566406 0.030273
v 0.186523 0.566406 0.030274
v -0.157227 0.708984 0.030273
v 0.157227 0.708985 0.030274
v -0.063477 0.804688 0.030273
v 0.063477 0.804688 0.030273
v -0.040039 0.886719 0.030273
v 0.040039 0.886719 0.030273
v -0.043945 0.904297 0.030273
v 0.043945 0.904297 0.030273
v 0.053711 0.929688 0.030273
v -0.028320 0.931641 0.030273
v -0.030273 0.933594 0.030273
v -0.008789 0.976563 0.030273
v 0.143555 0.240234 0.032227
v -0.143555 0.242188 0.032227
v -0.067383 0.759766 0.032227
v 0.067383 0.759766 0.032227
v -0.000977 0.832031 0.032227
v -0.020508 0.837891 0.032227
v 0.018555 0.837891 0.032227
v -0.000977 0.841797 0.032227
v -0.012695 0.841797 0.032227
v 0.012695 0.841797 0.032227
v -0.034180 0.880859 0.032227
v -0.038086 0.880859 0.032227
v 0.034180 0.880859 0.032227
v 0.038086 0.880859 0.032227
v -0.038086 0.886719 0.032227
v 0.038086 0.886719 0.032227
v -0.038086 0.892578 0.032227
v 0.038086 0.892578 0.032227
v -0.034180 0.900391 0.032227
v 0.034180 0.900391 0.032227
v 0.047852 0.923828 0.032227
v 0.043945 0.931641 0.032227
v -0.020508 0.933594 0.032227
v 0.020508 0.935547 0.032227
v 0.020508 0.937500 0.032227
v -0.022461 0.939453 0.032227
v 0.022461 0.939453 0.032227
v -0.041992 0.947266 0.032227
v -0.100586 0.173828 0.034180
v 0.100586 0.173828 0.034180
v -0.192383 0.535156 0.034180
v 0.192383 0.535156 0.034180
v -0.114258 0.755859 0.034180
v 0.114258 0.755860 0.034180
v -0.049805 0.773438 0.034180
v 0.049805 0.773438 0.034180
v -0.057617 0.839844 0.034180
v 0.057617 0.839844 0.034180
v -0.040039 0.849609 0.034180
v 0.040039 0.849609 0.034180
v -0.036133 0.859375 0.034180
v 0.036133 0.859375 0.034180
v -0.024414 0.873047 0.034180
v 0.024414 0.873047 0.034180
v -0.030273 0.875000 0.034180
v 0.030273 0.875000 0.034180
v -0.036133 0.886719 0.034180
v 0.036133 0.886719 0.034180
v 0.036133 0.896484 0.034180
v -0.038086 0.902344 0.034180
v 0.038086 0.902344 0.034180
v -0.030273 0.904297 0.034180
v -0.038086 0.904297 0.034180
v 0.030273 0.904297 0.034180
v -0.024414 0.906250 0.034180
v 0.024414 0.906250 0.034180
v 0.038086 0.906250 0.034180
v 0.010742 0.935547 0.034180
v -0.020508 0.937500 0.034180
v -0.000977 0.941406 0.034180
v -0.047852 0.955078 0.034180
v -0.047852 0.214844 0.036133
v 0.047852 0.214844 0.036133
v -0.184570 0.396484 0.036133
v 0.184570 0.396485 0.036133
v -0.188477 0.423828 0.036133
v 0.188477 0.423828 0.036133
v -0.059570 0.779297 0.036133
v 0.059570 0.779297 0.036133
v -0.024414 0.849609 0.036133
v 0.024414 0.849609 0.036133
v -0.016602 0.873047 0.036133
v 0.016602 0.873047 0.036133
v -0.010742 0.875000 0.036133
v -0.036133 0.875000 0.036133
v 0.010742 0.875000 0.036133
v 0.036133 0.875000 0.036133
v -0.034180 0.880859 0.036133
v 0.034180 0.880859 0.036133
v -0.034180 0.894531 0.036133
v 0.034180 0.894531 0.036133
v -0.036133 0.896484 0.036133
v -0.038086 0.902344 0.036133
v 0.038086 0.902344 0.036133
v -0.010742 0.904297 0.036133
v -0.036133 0.904297 0.036133
v 0.010742 0.904297 0.036133
v 0.036133 0.904297 0.036133
v -0.016602 0.906250 0.036133
v -0.038086 0.906250 0.036133
v 0.016602 0.906250 0.036133
v 0.038086 0.906250 0.036133
v -0.034180 0.914063 0.036133
v 0.034180 0.914063 0.036133
v -0.008789 0.933594 0.036133
v -0.008789 0.937500 0.036133
v 0.010742 0.937500 0.036133
v 0.026367 0.949219 0.036133
v -0.075195 0.001953 0.038086
v 0.075195 0.001953 0.038086
v -0.079102 0.056641 0.038086
v 0.079102 0.056641 0.038086
v -0.157227 0.283203 0.038086
v 0.157227 0.283203 0.038086
v -0.198242 0.449219 0.038086
v 0.198242 0.449219 0.038086
v -0.198242 0.478516 0.038086
v 0.198242 0.478516 0.038086
v -0.116211 0.761719 0.038086
v 0.116211 0.761719 0.038086
v -0.063477 0.777344 0.038086
v 0.063477 0.777344 0.038086
v -0.036133 0.835938 0.038086
v 0.036133 0.835938 0.038086
v -0.028320 0.843750 0.038086
v 0.028320 0.843750 0.038086
v -0.028320 0.849609 0.038086
v 0.028320 0.849609 0.038086
v 0.028320 0.849609 0.038086
v -0.028320 0.855469 0.038086
v 0.028320 0.855469 0.038086
v -0.018555 0.865234 0.038086
v 0.018555 0.865234 0.038086
v -0.032227 0.878906 0.038086
v 0.032227 0.878906 0.038086
v -0.006836 0.880859 0.038086
v 0.006836 0.880859 0.038086
v -0.002930 0.886719 0.038086
v 0.002930 0.886719 0.038086
v -0.002930 0.892578 0.038086
v 0.002930 0.892578 0.038086
v -0.006836 0.900391 0.038086
v -0.028320 0.900391 0.038086
v 0.006836 0.900391 0.038086
v 0.028320 0.900391 0.038086
v -0.030273 0.902344 0.038086
v 0.030273 0.902344 0.038086
v -0.036133 0.904297 0.038086
v 0.036133 0.904297 0.038086
v -0.034180 0.912109 0.038086
v 0.034180 0.912109 0.038086
v -0.000977 0.931641 0.038086
v -0.000977 0.935547 0.038086
v 0.030273 0.957031 0.038086
v 0.165039 0.000000 0.040039
v -0.165039 -0.000000 0.040039
v -0.165039 0.009766 0.040039
v 0.165039 0.009766 0.040039
v -0.075195 0.011719 0.040039
v -0.163086 0.011719 0.040039
v 0.075195 0.011719 0.040039
v 0.163086 0.011719 0.040039
v -0.077148 0.013672 0.040039
v 0.077149 0.013672 0.040039
v -0.163086 0.025391 0.040039
v 0.163086 0.025391 0.040039
v -0.075195 0.029297 0.040039
v 0.075195 0.029297 0.040039
v -0.116211 0.062500 0.040039
v 0.116211 0.062500 0.040039
v -0.098633 0.199219 0.040039
v 0.098633 0.199219 0.040039
v -0.026367 0.751953 0.040039
v 0.026367 0.751953 0.040039
v -0.010742 0.837891 0.040039
v 0.008789 0.837891 0.040039
v -0.045898 0.863281 0.040039
v 0.045898 0.863281 0.040039
v -0.000977 0.865234 0.040039
v -0.026367 0.876953 0.040039
v 0.026367 0.876953 0.040039
v -0.018555 0.878906 0.040039
v 0.018555 0.878906 0.040039
v -0.022461 0.880859 0.040039
v 0.022461 0.880859 0.040039
v -0.030273 0.884766 0.040039
v 0.030273 0.884766 0.040039
v -0.008789 0.888672 0.040039
v 0.008789 0.888672 0.040039
v -0.030273 0.892578 0.040039
v 0.030273 0.892578 0.040039
v -0.010742 0.894531 0.040039
v 0.010742 0.894531 0.040039
v -0.022461 0.898438 0.040039
v 0.022461 0.898438 0.040039
v -0.030273 0.900391 0.040039
v 0.030273 0.900391 0.040039
v -0.022461 0.902344 0.040039
v 0.022461 0.902344 0.040039
v -0.022461 0.906250 0.040039
v 0.022461 0.906250 0.040039
v -0.030273 0.908203 0.040039
v 0.030273 0.908203 0.040039
v -0.034180 0.914063 0.040039
v 0.034180 0.914063 0.040039
v -0.026367 0.917969 0.040039
v 0.024414 0.917969 0.040039
v -0.065430 0.929688 0.040039
v -0.069336 0.935547 0.040039
v -0.083008 0.050781 0.041992
v 0.083008 0.050781 0.041992
v -0.043945 0.230469 0.041992
v 0.043945 0.230469 0.041992
v -0.077148 0.775391 0.041992
v 0.077148 0.775391 0.041992
v -0.012695 0.835938 0.041992
v 0.012695 0.835938 0.041992
v -0.034180 0.873047 0.041992
v 0.034180 0.873047 0.041992
v -0.026367 0.875000 0.041992
v 0.026367 0.875000 0.041992
v -0.010742 0.882813 0.041992
v 0.010742 0.882813 0.041992
v -0.012695 0.884766 0.041992
v 0.012695 0.884766 0.041992
v -0.006836 0.888672 0.041992
v 0.006836 0.888672 0.041992
v -0.022461 0.890625 0.041992
v 0.022461 0.890625 0.041992
v -0.012695 0.892578 0.041992
v 0.012695 0.892578 0.041992
v -0.008789 0.896484 0.041992
v 0.008789 0.896484 0.041992
v -0.014648 0.900391 0.041992
v 0.014648 0.900391 0.041992
v -0.014648 0.902344 0.041992
v 0.014648 0.902344 0.041992
v -0.012695 0.904297 0.041992
v -0.022461 0.904297 0.041992
v 0.012695 0.904297 0.041992
v 0.022461 0.904297 0.041992
v -0.032227 0.910156 0.041992
v -0.016602 0.912109 0.041992
v -0.024414 0.912109 0.041992
v 0.024414 0.912109 0.041992
v 0.032227 0.912109 0.041992
v -0.026367 0.917969 0.041992
v 0.026367 0.917969 0.041992
v -0.016602 0.919922 0.041992
v 0.016602 0.919922 0.041992
v -0.151367 0.042969 0.043945
v 0.151367 0.042969 0.043945
v -0.114258 0.068359 0.043945
v 0.114258 0.068359 0.043945
v -0.145508 0.285156 0.043945
v 0.145508 0.285156 0.043945
v -0.000977 0.833984 0.043945
v -0.000977 0.837891 0.043945
v -0.018555 0.876953 0.043945
v 0.018555 0.876953 0.043945
v -0.010742 0.880859 0.043945
v 0.010742 0.880859 0.043945
v -0.004883 0.900391 0.043945
v 0.004883 0.900391 0.043945
v -0.008789 0.908203 0.043945
v -0.010742 0.908203 0.043945
v 0.008789 0.908203 0.043945
v 0.010742 0.908203 0.043945
v 0.016602 0.912109 0.043945
v -0.024414 0.914063 0.043945
v -0.004883 0.916016 0.043945
v -0.020508 0.916016 0.043945
v 0.004883 0.916016 0.043945
v 0.020508 0.916016 0.043945
v 0.024414 0.916016 0.043945
v -0.008789 0.917969 0.043945
v 0.008789 0.917969 0.043945
v -0.016602 0.919922 0.043945
v 0.016602 0.919922 0.043945
v 0.047852 0.933594 0.043945
v -0.008789 0.957031 0.043945
v -0.008789 0.964844 0.043945
v -0.096680 0.216797 0.045898
v 0.096680 0.216797 0.045898
v -0.155273 0.314453 0.045898
v 0.155273 0.314453 0.045898
v -0.000977 0.746094 0.045898
v -0.055664 0.816406 0.045898
v 0.055664 0.816406 0.045898
v -0.018555 0.826172 0.045898
v 0.018555 0.826172 0.045898
v -0.047852 0.845703 0.045898
v 0.047852 0.845703 0.045898
v -0.038086 0.859375 0.045898
v 0.038086 0.859375 0.045898
v -0.028320 0.871094 0.045898
v 0.026367 0.871094 0.045898
v -0.000977 0.888672 0.045898
v -0.004883 0.888672 0.045898
v 0.004883 0.888672 0.045898
v -0.000977 0.900391 0.045898
v -0.008789 0.910156 0.045898
v 0.008789 0.910156 0.045898
v -0.004883 0.912109 0.045898
v 0.004883 0.912109 0.045898
v -0.006836 0.916016 0.045898
v -0.016602 0.916016 0.045898
v 0.006836 0.916016 0.045898
v 0.016602 0.916016 0.045898
v -0.000977 0.917969 0.045898
v -0.008789 0.917969 0.045898
v 0.008789 0.917969 0.045898
v 0.051758 0.939453 0.045898
v -0.049805 0.783203 0.047852
v 0.049805 0.783203 0.047852
v -0.022461 0.843750 0.047852
v 0.022461 0.843750 0.047852
v -0.020508 0.849609 0.047852
v -0.022461 0.849609 0.047852
v -0.022461 0.849609 0.047852
v 0.020508 0.849609 0.047852
v 0.022461 0.849609 0.047852
v 0.022461 0.849609 0.047852
v -0.022461 0.855469 0.047852
v 0.022461 0.855469 0.047852
v -0.006836 0.880859 0.047852
v 0.006836 0.880859 0.047852
v -0.000977 0.882813 0.047852
v -0.006836 0.912109 0.047852
v 0.006836 0.912109 0.047852
v -0.010742 0.914063 0.047852
v 0.010742 0.914063 0.047852
v -0.161133 0.314453 0.049805
v 0.161133 0.314453 0.049805
v -0.026367 0.757812 0.049805
v 0.026367 0.757812 0.049805
v -0.000977 0.822266 0.049805
v -0.040039 0.849609 0.049805
v 0.040039 0.849609 0.049805
v -0.030273 0.851562 0.049805
v -0.032227 0.851562 0.049805
v 0.030273 0.851563 0.049805
v 0.032227 0.851563 0.049805
v -0.030273 0.853516 0.049805
v -0.032227 0.853516 0.049805
v 0.030273 0.853516 0.049805
v 0.032227 0.853516 0.049805
v -0.034180 0.855469 0.049805
v 0.034180 0.855469 0.049805
v -0.018555 0.871094 0.049805
v 0.018555 0.871094 0.049805
v -0.012695 0.875000 0.049805
v 0.012695 0.875000 0.049805
v -0.153320 0.335938 0.051758
v 0.153320 0.335938 0.051758
v -0.032227 0.851562 0.051758
v -0.034180 0.851562 0.051758
v 0.032227 0.851563 0.051758
v 0.034180 0.851563 0.051758
v -0.026367 0.863281 0.051758
v 0.026367 0.863281 0.051758
v -0.016602 0.867188 0.051758
v 0.014648 0.867188 0.051758
v -0.014648 0.871094 0.051758
v 0.014648 0.871094 0.051758
v -0.094727 0.234375 0.053711
v 0.094727 0.234375 0.053711
v -0.045898 0.828125 0.053711
v 0.045898 0.828125 0.053711
v -0.010742 0.849609 0.053711
v -0.026367 0.849609 0.053711
v 0.010742 0.849609 0.053711
v 0.026367 0.849609 0.053711
v -0.026367 0.851562 0.053711
v 0.026367 0.851563 0.053711
v -0.026367 0.855469 0.053711
v 0.026367 0.855469 0.053711
v -0.014648 0.865234 0.053711
v -0.018555 0.865234 0.053711
v 0.012695 0.865234 0.053711
v 0.018555 0.865234 0.053711
v -0.014648 0.869141 0.053711
v 0.014648 0.869141 0.053711
v -0.012695 0.875000 0.053711
v 0.012695 0.875000 0.053711
v -0.122070 0.052734 0.055664
v 0.122070 0.052734 0.055664
v -0.032227 0.271484 0.055664
v 0.032227 0.271484 0.055664
v -0.116211 0.712891 0.055664
v 0.116211 0.712891 0.055664
v -0.000977 0.751953 0.055664
v -0.045898 0.767578 0.055664
v 0.045898 0.767578 0.055664
v -0.010742 0.843750 0.055664
v 0.010742 0.843750 0.055664
v 0.010742 0.843750 0.055664
v -0.030273 0.845703 0.055664
v 0.030273 0.845703 0.055664
v -0.000977 0.849609 0.055664
v -0.010742 0.849609 0.055664
v -0.010742 0.849609 0.055664
v -0.026367 0.849609 0.055664
v 0.010742 0.849609 0.055664
v 0.010742 0.849609 0.055664
v 0.010742 0.849609 0.055664
v 0.010742 0.849609 0.055664
v 0.026367 0.849609 0.055664
v -0.010742 0.855469 0.055664
v 0.010742 0.855469 0.055664
v -0.012695 0.867188 0.055664
v 0.012695 0.867188 0.055664
v -0.006836 0.880859 0.055664
v 0.006836 0.880859 0.055664
v -0.000977 0.882813 0.055664
v -0.149414 0.341797 0.057617
v 0.149414 0.341797 0.057617
v -0.055664 0.740234 0.057617
v -0.055664 0.740234 0.057617
v 0.055664 0.740235 0.057617
v 0.055664 0.740235 0.057617
v -0.000977 0.742188 0.057617
v -0.006836 0.750000 0.057617
v 0.006836 0.750000 0.057617
v -0.036133 0.837891 0.057617
v 0.036133 0.837891 0.057617
v -0.000977 0.843750 0.057617
v -0.000977 0.843750 0.057617
v -0.018555 0.847656 0.057617
v 0.018555 0.847656 0.057617
v -0.000977 0.849609 0.057617
v -0.000977 0.849609 0.057617
v -0.000977 0.855469 0.057617
v -0.018555 0.857422 0.057617
v 0.018555 0.857422 0.057617
v -0.000977 0.863281 0.057617
v -0.006836 0.863281 0.057617
v 0.006836 0.863281 0.057617
v -0.049805 0.765625 0.059570
v 0.049805 0.765625 0.059570
v -0.041992 0.796875 0.059570
v 0.041992 0.796875 0.059570
v -0.018555 0.849609 0.059570
v 0.018555 0.849609 0.059570
v -0.008789 0.857422 0.059570
v 0.008789 0.857422 0.059570
v -0.000977 0.740234 0.061523
v -0.006836 0.748047 0.061523
v 0.006836 0.748047 0.061523
v -0.026367 0.767578 0.061523
v 0.026367 0.767578 0.061523
v -0.020508 0.841797 0.061523
v 0.020508 0.841797 0.061523
v -0.008789 0.847656 0.061523
v -0.018555 0.847656 0.061523
v 0.008789 0.847656 0.061523
v 0.018555 0.847656 0.061523
v -0.000977 0.855469 0.061523
v -0.006836 0.865234 0.061523
v 0.006836 0.865234 0.061523
v -0.012695 0.869141 0.061523
v 0.012695 0.869141 0.061523
v -0.012695 0.875000 0.061523
v 0.012695 0.875000 0.061523
v -0.090820 0.042969 0.063477
v 0.090820 0.042969 0.063477
v -0.151367 0.361328 0.063477
v 0.151367 0.361328 0.063477
v -0.000977 0.845703 0.063477
v -0.000977 0.849609 0.063477
v -0.008789 0.849609 0.063477
v 0.008789 0.849609 0.063477
v -0.000977 0.863281 0.063477
v -0.006836 0.880859 0.063477
v 0.006836 0.880859 0.063477
v -0.000977 0.882813 0.063477
v -0.063477 0.931641 0.063477
v -0.067383 0.935547 0.063477
v -0.120117 0.730469 0.065430
v 0.120117 0.730469 0.065430
v -0.000977 0.761719 0.065430
v -0.026367 0.828125 0.065430
v 0.026367 0.828125 0.065430
v -0.008789 0.845703 0.065430
v 0.008789 0.845703 0.065430
v 0.077149 0.000000 0.067383
v -0.077148 0.000000 0.067383
v -0.170898 0.001953 0.067383
v 0.170899 0.001953 0.067383
v -0.077148 0.009766 0.067383
v 0.077149 0.009766 0.067383
v -0.079102 0.011719 0.067383
v -0.170898 0.011719 0.067383
v 0.079102 0.011719 0.067383
v 0.170899 0.011719 0.067383
v -0.168945 0.013672 0.067383
v 0.168945 0.013672 0.067383
v -0.079102 0.025391 0.067383
v -0.168945 0.025391 0.067383
v 0.079102 0.025391 0.067383
v 0.168945 0.025391 0.067383
v -0.028320 0.742188 0.067383
v 0.028320 0.742188 0.067383
v -0.014648 0.753906 0.067383
v 0.014648 0.753906 0.067383
v -0.034180 0.812500 0.067383
v 0.034180 0.812500 0.067383
v -0.010742 0.837891 0.067383
v 0.010742 0.837891 0.067383
v -0.000977 0.843750 0.067383
v -0.006836 0.865234 0.067383
v 0.006836 0.865234 0.067383
v -0.010742 0.869141 0.067383
v 0.010742 0.869141 0.067383
v -0.010742 0.875000 0.067383
v 0.010742 0.875000 0.067383
v -0.006836 0.878906 0.067383
v 0.006836 0.878906 0.067383
v 0.090820 0.277344 0.069336
v -0.090820 0.279297 0.069336
v -0.122070 0.736328 0.069336
v 0.122070 0.736328 0.069336
v -0.014648 0.750000 0.069336
v 0.014648 0.750000 0.069336
v -0.000977 0.837891 0.069336
v -0.000977 0.865234 0.069336
v -0.000977 0.880859 0.069336
v 0.043945 0.935547 0.069336
v 0.047852 0.939453 0.069336
v -0.049805 0.957031 0.069336
v -0.157227 0.044922 0.071289
v 0.157227 0.044922 0.071289
v -0.022461 0.312500 0.071289
v 0.022461 0.312500 0.071289
v -0.153320 0.384766 0.071289
v 0.153320 0.384766 0.071289
v -0.116211 0.726563 0.071289
v 0.116211 0.726563 0.071289
v -0.040039 0.728516 0.071289
v 0.040039 0.728516 0.071289
v -0.063477 0.750000 0.071289
v 0.063477 0.750000 0.071289
v -0.022461 0.783203 0.071289
v 0.022461 0.783203 0.071289
v -0.006836 0.869141 0.071289
v 0.006836 0.869141 0.071289
v -0.006836 0.876953 0.071289
v 0.006836 0.876953 0.071289
v -0.043945 0.949219 0.071289
v -0.010742 0.966797 0.071289
v -0.040039 0.732422 0.073242
v 0.040039 0.732422 0.073242
v -0.000977 0.779297 0.073242
v -0.014648 0.822266 0.073242
v 0.014648 0.822266 0.073242
v -0.000977 0.869141 0.073242
v -0.000977 0.876953 0.073242
v 0.022461 0.953125 0.073242
v -0.010742 0.958984 0.073242
v 0.028320 0.958984 0.073242
v -0.041992 0.722656 0.075195
v -0.041992 0.722656 0.075195
v 0.041992 0.722656 0.075195
v 0.041992 0.722656 0.075195
v -0.030273 0.726563 0.075195
v 0.030273 0.726563 0.075195
v -0.118164 0.732422 0.075195
v 0.118164 0.732422 0.075195
v -0.018555 0.802734 0.075195
v 0.018555 0.802734 0.075195
v -0.000977 0.820312 0.075195
v -0.133789 0.644531 0.077148
v 0.133789 0.644531 0.077149
v -0.000977 0.724609 0.077148
v -0.034180 0.728516 0.077148
v -0.098633 0.728516 0.077148
v 0.032227 0.728516 0.077149
v 0.098633 0.728516 0.077149
v -0.022461 0.751953 0.077149
v 0.022461 0.751953 0.077149
v -0.022461 0.753906 0.077149
v 0.022461 0.753906 0.077149
v -0.000977 0.800781 0.077148
v -0.129883 0.050781 0.079102
v 0.129883 0.050781 0.079102
v -0.153320 0.425781 0.079102
v 0.153320 0.425781 0.079102
v -0.059570 0.716797 0.079102
v 0.059570 0.716797 0.079102
v -0.028320 0.738281 0.079102
v 0.028320 0.738281 0.079102
v -0.061523 0.937500 0.079102
v -0.065430 0.941406 0.079102
v -0.016602 0.326172 0.081055
v 0.016602 0.326172 0.081055
v -0.100586 0.734375 0.081055
v 0.100586 0.734375 0.081055
v -0.032227 0.738281 0.081055
v 0.032227 0.738281 0.081055
v -0.026367 0.748047 0.081055
v 0.026367 0.748047 0.081055
v -0.028320 0.751953 0.081055
v 0.028320 0.751953 0.081055
v -0.000977 0.328125 0.083008
v -0.079102 0.726563 0.083008
v 0.079102 0.726563 0.083008
v 0.040039 0.939453 0.083008
v 0.043945 0.943359 0.083008
v -0.084961 0.326172 0.084961
v 0.084961 0.326172 0.084961
v -0.149414 0.048828 0.086914
v 0.149414 0.048828 0.086914
v -0.077148 0.730469 0.086914
v 0.077148 0.730469 0.086914
v -0.100586 0.044922 0.088867
v 0.100586 0.044922 0.088867
v -0.045898 0.728516 0.088867
v 0.045898 0.728516 0.088867
v -0.059570 0.949219 0.088867
v 0.084961 0.345703 0.090820
v -0.084961 0.347656 0.090820
v -0.055664 0.716797 0.090820
v 0.055664 0.716797 0.090820
v -0.055664 0.945313 0.090820
v -0.088867 0.013672 0.092773
v 0.088867 0.013672 0.092773
v -0.088867 0.025391 0.092773
v 0.088867 0.025391 0.092773
v -0.157227 0.042969 0.092773
v 0.157227 0.042969 0.092773
v -0.149414 0.572266 0.092773
v 0.149414 0.572266 0.092774
v -0.024414 0.697266 0.092773
v 0.024414 0.697266 0.092774
v 0.036133 0.951172 0.092773
v -0.086914 0.001953 0.094727
v 0.086914 0.001953 0.094727
v -0.086914 0.011719 0.094727
v 0.086914 0.011719 0.094727
v -0.163086 0.017578 0.094726
v 0.163086 0.017578 0.094727
v -0.153320 0.394531 0.094727
v 0.153320 0.394531 0.094727
v -0.000977 0.697266 0.094727
v 0.032227 0.947266 0.094727
v -0.049805 0.958984 0.094727
v -0.165039 0.005859 0.096680
v 0.165039 0.005859 0.096680
v -0.163086 0.017578 0.096680
v 0.163086 0.017578 0.096680
v -0.161133 0.029297 0.096680
v 0.161133 0.029297 0.096680
v -0.116211 0.048828 0.096680
v 0.116211 0.048828 0.096680
v -0.133789 0.050781 0.096680
v 0.133789 0.050781 0.096680
v -0.157227 0.421875 0.096680
v 0.157227 0.421875 0.096680
v -0.055664 0.720703 0.096680
v 0.055664 0.720703 0.096680
v -0.047852 0.953125 0.096680
v -0.155273 0.541016 0.098633
v 0.155273 0.541016 0.098633
v 0.026367 0.960938 0.098633
v -0.032227 0.968750 0.098633
v -0.012695 0.972656 0.098633
v -0.032227 0.697266 0.100586
v 0.032227 0.697266 0.100586
v 0.022461 0.957031 0.100586
v -0.030273 0.964844 0.100586
v -0.012695 0.968750 0.100586
v 0.006836 0.970703 0.100586
v -0.163086 0.447266 0.102539
v 0.163086 0.447266 0.102539
v -0.024414 0.701172 0.102539
v 0.024414 0.701172 0.102539
v 0.004883 0.964844 0.102539
v -0.163086 0.482422 0.104492
v 0.163086 0.482422 0.104492
v -0.112305 0.042969 0.106445
v 0.112305 0.042969 0.106445
v -0.137695 0.046875 0.106445
v 0.137695 0.046875 0.106445
v -0.084961 0.371094 0.106445
v 0.084961 0.371094 0.106445
v -0.010742 0.673828 0.106445
v 0.010742 0.673828 0.106445
v -0.030273 0.699219 0.106445
v 0.030273 0.699219 0.106445
v -0.000977 0.363281 0.110352
v -0.014648 0.673828 0.110352
v 0.014648 0.673828 0.110352
v -0.112305 0.017578 0.112305
v 0.110352 0.017578 0.112305
v -0.139648 0.019531 0.112305
v 0.139649 0.019531 0.112305
v -0.112305 0.029297 0.112305
v 0.112305 0.029297 0.112305
v -0.069336 0.650391 0.112305
v 0.069336 0.650391 0.112305
v -0.010742 0.675781 0.112305
v 0.010742 0.675781 0.112305
v -0.110352 0.005859 0.114258
v 0.110352 0.005859 0.114258
v -0.139648 0.007812 0.114258
v 0.139649 0.007812 0.114258
v -0.110352 0.017578 0.114258
v 0.110352 0.017578 0.114258
v -0.139648 0.019531 0.114258
v 0.139649 0.019531 0.114258
v -0.139648 0.033203 0.114258
v 0.139649 0.033203 0.114258
v -0.012695 0.675781 0.114258
v 0.012695 0.675781 0.114258
v -0.000977 0.652344 0.116211
v -0.022461 0.669922 0.116211
v -0.000977 0.652344 0.118164
v -0.002930 0.652344 0.118164
v 0.002930 0.652344 0.118164
v -0.016602 0.669922 0.118164
v -0.000977 0.652344 0.120117
v -0.000977 0.654297 0.120117
v 0.000976 0.654297 0.120117
v -0.032227 0.648438 0.122070
v -0.004883 0.654297 0.122070
v 0.004883 0.654297 0.122070
v 0.032227 0.667969 0.122070
v -0.024414 0.671875 0.122070
v -0.083008 0.421875 0.124023
v 0.083008 0.421875 0.124024
v -0.000977 0.634766 0.124024
v -0.022461 0.648438 0.124023
v -0.000977 0.654297 0.124023
v 0.022461 0.667969 0.124024
v -0.018555 0.671875 0.124024
v -0.000977 0.630859 0.125977
v -0.016602 0.650391 0.125977
v -0.034180 0.650391 0.125977
v -0.004883 0.634766 0.127930
v 0.004883 0.634766 0.127930
v 0.049805 0.636719 0.127930
v -0.006836 0.650391 0.127930
v -0.000977 0.636719 0.129883
v 0.032227 0.638672 0.129883
v -0.024414 0.650391 0.129883
v -0.018555 0.652344 0.129883
v 0.034180 0.669922 0.129883
v 0.022461 0.638672 0.131836
v 0.024414 0.669922 0.131836
v -0.000977 0.419922 0.133789
v 0.006836 0.638672 0.133789
v -0.006836 0.652344 0.133789
v -0.081055 0.394531 0.135742
v 0.081055 0.394531 0.135742
v -0.079102 0.578125 0.135742
v 0.079102 0.578125 0.135742
v -0.032227 0.605469 0.135742
v 0.049805 0.638672 0.135742
v -0.083008 0.419922 0.137695
v 0.083008 0.419922 0.137695
v 0.034180 0.638672 0.137695
v 0.024414 0.640625 0.139649
v 0.049805 0.582031 0.141602
v -0.034180 0.607422 0.141602
v 0.006836 0.640625 0.141602
v -0.000977 0.396484 0.143555
v -0.081055 0.546875 0.143555
v 0.081055 0.546875 0.143555
v -0.006836 0.607422 0.143555
v -0.000977 0.580078 0.145508
v -0.000977 0.419922 0.147461
v -0.084961 0.447266 0.147461
v 0.084961 0.447266 0.147461
v 0.006836 0.583984 0.149414
v 0.049805 0.583984 0.149414
v -0.008789 0.609375 0.149414
v -0.084961 0.486328 0.151367
v 0.084961 0.486328 0.151367
v -0.000977 0.548828 0.153320
v -0.000977 0.447266 0.155274
v 0.006836 0.585938 0.157227
v -0.000977 0.488281 0.161133
v 0.209961 0.646485 -0.000976
v -0.000977 0.869141 -0.000976
v -0.067383 0.873047 -0.000976
v 0.067383 0.873047 -0.000976
v -0.067383 0.880859 -0.000976
v 0.067383 0.880859 -0.000976
v 0.071289 0.892578 -0.000976
v -0.071289 0.898438 -0.000976
v 0.075195 0.898438 -0.000976
v 0.077148 0.904297 -0.000976
v 0.083008 0.908203 -0.000976
v 0.075195 0.910156 -0.000976
v 0.069336 0.912109 -0.000976
v 0.081055 0.912109 -0.000976
v 0.083008 0.914063 -0.000976
v 0.084961 0.914063 -0.000976
v -0.061523 0.929688 -0.000976
v -0.067383 0.955078 -0.000976
v -0.020508 0.232422 -0.000977
v -0.209961 0.646485 -0.000977
v -0.049805 0.062500 -0.000977
v 0.049805 0.062500 -0.000977
v 0.020508 0.232422 -0.000977
v -0.038086 0.095703 -0.002930
v -0.022461 0.218750 -0.002930
v 0.022461 0.218750 -0.002930
v -0.143555 0.773438 -0.002930
v 0.143555 0.773438 -0.002930
v -0.065430 0.869141 -0.002930
v 0.065430 0.869141 -0.002930
v 0.063477 0.886719 -0.002930
v -0.063477 0.888672 -0.002930
v 0.061523 0.890625 -0.002930
v -0.077148 0.906250 -0.002930
v -0.079102 0.916016 -0.002930
v -0.077148 0.919922 -0.002930
v -0.069336 0.921875 -0.002930
v 0.038086 0.095703 -0.002930
v -0.043945 0.080078 -0.004883
v 0.043945 0.080078 -0.004883
v -0.170898 0.353516 -0.004883
v 0.170899 0.353516 -0.004883
v -0.176758 0.371094 -0.004883
v 0.176758 0.371094 -0.004883
v -0.180664 0.394531 -0.004883
v 0.180664 0.394531 -0.004883
v -0.182617 0.431641 -0.004883
v 0.182617 0.431641 -0.004883
v -0.014648 0.833984 -0.004883
v 0.014648 0.833984 -0.004883
v -0.059570 0.863281 -0.004883
v 0.059570 0.863281 -0.004883
v -0.063477 0.894531 -0.004883
v -0.075195 0.912109 -0.004883
v -0.081055 0.923828 -0.004883
v -0.083008 0.923828 -0.004883
v -0.026367 0.205078 -0.006836
v 0.026367 0.205078 -0.006836
v -0.172852 0.347656 -0.006836
v 0.172852 0.347656 -0.006836
v -0.291992 0.693359 -0.006836
v 0.291992 0.693360 -0.006836
v -0.272461 0.695313 -0.006836
v 0.272461 0.695313 -0.006836
v -0.157227 0.771485 -0.006836
v 0.157227 0.771485 -0.006836
v -0.000977 0.832031 -0.006836
v 0.084961 0.914063 -0.006836
v 0.086914 0.914063 -0.006836
v 0.063477 0.925781 -0.006836
v -0.153320 0.050781 -0.008789
v 0.153320 0.050781 -0.008789
v -0.172852 0.318359 -0.008789
v 0.172852 0.318360 -0.008789
v -0.170898 0.767578 -0.008789
v 0.170898 0.767578 -0.008789
v -0.065430 0.869141 -0.008789
v 0.065430 0.869141 -0.008789
v -0.067383 0.873047 -0.008789
v 0.067383 0.873047 -0.008789
v 0.084961 0.908203 -0.008789
v 0.077148 0.910156 -0.008789
v 0.083008 0.912109 -0.008789
v -0.133789 0.066406 -0.010742
v 0.133789 0.066406 -0.010742
v -0.178711 0.318359 -0.010742
v 0.178711 0.318360 -0.010742
v -0.250977 0.650391 -0.010742
v 0.250977 0.650391 -0.010742
v -0.071289 0.822266 -0.010742
v 0.071289 0.822266 -0.010742
v -0.061523 0.865234 -0.010742
v 0.061523 0.865234 -0.010742
v -0.067383 0.878906 -0.010742
v 0.067383 0.878906 -0.010742
v -0.063477 0.884766 -0.010742
v 0.063477 0.884766 -0.010742
v 0.073242 0.892578 -0.010742
v -0.075195 0.894531 -0.010742
v 0.077148 0.898438 -0.010742
v -0.081055 0.902344 -0.010742
v 0.077148 0.904297 -0.010742
v 0.071289 0.912109 -0.010742
v -0.081055 0.916016 -0.010742
v -0.071289 0.919922 -0.010742
v -0.077148 0.919922 -0.010742
v -0.083008 0.921875 -0.010742
v -0.081055 0.923828 -0.010742
v 0.139649 0.000000 -0.012695
v -0.139648 -0.000000 -0.012695
v -0.141602 0.007812 -0.012695
v 0.141602 0.007813 -0.012695
v -0.141601 0.017578 -0.012695
v 0.141602 0.017578 -0.012695
v -0.139648 0.019531 -0.012695
v 0.139649 0.019531 -0.012695
v -0.139648 0.041016 -0.012695
v 0.139649 0.041016 -0.012695
v -0.030273 0.171875 -0.012695
v 0.030274 0.171875 -0.012695
v 0.172852 0.289063 -0.012695
v -0.172852 0.291016 -0.012695
v -0.067383 0.851562 -0.012695
v 0.067383 0.851563 -0.012695
v -0.065430 0.859375 -0.012695
v 0.065430 0.859375 -0.012695
v -0.063477 0.875000 -0.012695
v 0.063477 0.875000 -0.012695
v -0.077148 0.912109 -0.012695
v 0.061523 0.917969 -0.012695
v -0.065430 0.921875 -0.012695
v 0.047852 0.980469 -0.012695
v -0.040039 0.125000 -0.014648
v 0.040039 0.125000 -0.014649
v -0.159180 0.250000 -0.014648
v 0.159180 0.250000 -0.014648
v -0.165039 0.255859 -0.014648
v 0.165039 0.255859 -0.014648
v -0.409180 0.683594 -0.014649
v 0.409180 0.683594 -0.014648
v -0.403320 0.689453 -0.014649
v 0.403320 0.689453 -0.014648
v -0.202148 0.753906 -0.014648
v 0.202149 0.753907 -0.014648
v -0.000977 0.816406 -0.014648
v -0.061523 0.871094 -0.014648
v 0.061523 0.871094 -0.014648
v -0.061523 0.875000 -0.014648
v 0.061523 0.876953 -0.014648
v -0.059570 0.880859 -0.014648
v 0.059570 0.880859 -0.014648
v -0.063477 0.886719 -0.014648
v 0.063477 0.886719 -0.014648
v 0.065430 0.888672 -0.014648
v -0.065430 0.890625 -0.014648
v 0.065430 0.921875 -0.014648
v 0.067383 0.925781 -0.014648
v -0.098633 0.068359 -0.016602
v 0.098633 0.068359 -0.016602
v -0.151367 0.072266 -0.016602
v 0.151367 0.072266 -0.016602
v -0.159180 0.236328 -0.016602
v 0.159180 0.236328 -0.016602
v -0.401367 0.683594 -0.016602
v 0.401367 0.683594 -0.016601
v -0.073242 0.810547 -0.016602
v 0.073242 0.810547 -0.016602
v -0.067383 0.812500 -0.016602
v 0.067383 0.812500 -0.016602
v -0.084961 0.814453 -0.016602
v 0.084961 0.814453 -0.016601
v -0.067383 0.884766 -0.016602
v 0.067383 0.884766 -0.016602
v 0.079102 0.894531 -0.016602
v 0.079102 0.898438 -0.016602
v -0.059570 0.976563 -0.016602
v -0.149414 0.083984 -0.018555
v 0.149414 0.083984 -0.018555
v -0.157227 0.111328 -0.018555
v 0.157227 0.111328 -0.018555
v -0.155273 0.218750 -0.018555
v 0.155273 0.218750 -0.018555
v -0.270508 0.652344 -0.018555
v 0.270508 0.652344 -0.018555
v -0.403320 0.677734 -0.018555
v 0.403320 0.677735 -0.018555
v -0.415039 0.689453 -0.018555
v 0.415039 0.689453 -0.018555
v -0.069336 0.792969 -0.018555
v 0.069336 0.792969 -0.018555
v -0.067383 0.847656 -0.018555
v 0.067383 0.847656 -0.018555
v -0.061523 0.886719 -0.018555
v 0.073242 0.890625 -0.018555
v -0.081055 0.900391 -0.018555
v 0.069336 0.912109 -0.018555
v -0.155273 0.093750 -0.020508
v 0.155274 0.093750 -0.020508
v -0.290039 0.652344 -0.020508
v 0.290039 0.652344 -0.020508
v -0.413086 0.677734 -0.020508
v 0.413086 0.677735 -0.020508
v -0.416992 0.683594 -0.020508
v 0.416992 0.683594 -0.020508
v -0.000977 0.755860 -0.020508
v -0.000977 0.843750 -0.020508
v 0.061523 0.886719 -0.020508
v -0.075195 0.894531 -0.020508
v 0.075195 0.904297 -0.020508
v -0.079102 0.908203 -0.020508
v 0.079102 0.908203 -0.020508
v 0.077148 0.912109 -0.020508
v -0.073242 0.917969 -0.020508
v -0.075195 0.921875 -0.020508
v 0.069336 0.923828 -0.020508
v 0.053711 0.000000 -0.022461
v -0.053711 0.000000 -0.022461
v -0.053711 0.019531 -0.022461
v 0.053711 0.019531 -0.022461
v -0.055664 0.021484 -0.022461
v 0.055664 0.021484 -0.022461
v -0.055664 0.046875 -0.022461
v 0.055664 0.046875 -0.022461
v -0.348633 0.693359 -0.022461
v 0.348633 0.693360 -0.022461
v -0.252930 0.744141 -0.022461
v 0.252930 0.744141 -0.022461
v -0.104492 0.798828 -0.022461
v 0.104492 0.798828 -0.022461
v -0.071289 0.851562 -0.022461
v 0.071289 0.851563 -0.022461
v 0.069336 0.890625 -0.022461
v 0.077148 0.890625 -0.022461
v 0.083008 0.892578 -0.022461
v 0.083008 0.898438 -0.022461
v 0.079102 0.916016 -0.022461
v 0.081055 0.916016 -0.022461
v -0.067383 0.917969 -0.022461
v 0.065430 0.919922 -0.022461
v 0.069336 0.921875 -0.022461
v -0.102539 0.792969 -0.024414
v 0.102539 0.792969 -0.024414
v -0.067383 0.847656 -0.024414
v -0.069336 0.847656 -0.024414
v 0.067383 0.847656 -0.024414
v 0.069336 0.847656 -0.024414
v -0.069336 0.869141 -0.024414
v 0.069336 0.869141 -0.024414
v -0.073242 0.888672 -0.024414
v 0.073242 0.888672 -0.024414
v -0.065430 0.890625 -0.024414
v 0.061523 0.947266 -0.024414
v 0.024414 0.994141 -0.024414
v -0.063477 0.890625 -0.026367
v 0.063477 0.890625 -0.026367
v -0.069336 0.892578 -0.026367
v -0.079102 0.892578 -0.026367
v 0.069336 0.892578 -0.026367
v -0.084961 0.898438 -0.026367
v 0.081055 0.916016 -0.026367
v -0.036133 0.992188 -0.026367
v -0.006836 0.998047 -0.026367
v -0.151367 0.138672 -0.028320
v 0.151367 0.138672 -0.028320
v -0.155273 0.181641 -0.028320
v 0.155274 0.181641 -0.028320
v -0.270508 0.736328 -0.028320
v 0.270508 0.736328 -0.028320
v -0.067383 0.890625 -0.028320
v 0.077148 0.890625 -0.028320
v 0.083008 0.894531 -0.028320
v 0.083008 0.898438 -0.028320
v 0.077148 0.902344 -0.028320
v -0.079102 0.906250 -0.028320
v 0.081055 0.908203 -0.028320
v -0.077148 0.912109 -0.028320
v 0.077148 0.912109 -0.028320
v -0.073242 0.916016 -0.028320
v 0.079102 0.916016 -0.028320
v -0.075195 0.917969 -0.028320
v -0.077148 0.919922 -0.028320
v -0.188477 0.400391 -0.030273
v 0.188477 0.400391 -0.030273
v -0.190430 0.427734 -0.030273
v 0.190430 0.427734 -0.030273
v -0.290039 0.734375 -0.030273
v 0.290039 0.734375 -0.030273
v -0.077148 0.855469 -0.030273
v 0.077148 0.855469 -0.030273
v 0.071289 0.910156 -0.030273
v -0.057617 0.917969 -0.030273
v 0.057617 0.917969 -0.030273
v -0.071289 0.943359 -0.030273
v 0.063477 0.943359 -0.030273
v 0.065430 0.943359 -0.030273
v -0.163086 0.347656 -0.032227
v -0.391601 0.687500 -0.032227
v 0.391602 0.687500 -0.032226
v -0.073242 0.853516 -0.032227
v 0.073242 0.853516 -0.032227
v -0.079102 0.882812 -0.032227
v 0.079102 0.882813 -0.032227
v -0.081055 0.890625 -0.032227
v -0.084961 0.910156 -0.032227
v 0.063477 0.912109 -0.032227
v -0.083008 0.914062 -0.032227
v -0.045898 0.943359 -0.032227
v 0.045898 0.943359 -0.032227
v -0.024414 0.958984 -0.032227
v 0.024414 0.958984 -0.032227
v -0.000977 0.962891 -0.032227
v -0.151367 0.250000 -0.034180
v 0.151367 0.250000 -0.034180
v -0.157227 0.255859 -0.034180
v -0.163086 0.320313 -0.034180
v 0.163086 0.320313 -0.034180
v 0.161133 0.347656 -0.034180
v -0.200195 0.451172 -0.034180
v 0.200195 0.451172 -0.034180
v -0.397461 0.673828 -0.034180
v 0.397461 0.673828 -0.034180
v -0.397461 0.699219 -0.034180
v 0.397461 0.699219 -0.034180
v -0.065430 0.855469 -0.034180
v 0.065430 0.855469 -0.034180
v -0.081055 0.871094 -0.034180
v 0.081055 0.871094 -0.034180
v 0.065430 0.882813 -0.034180
v -0.069336 0.886719 -0.034180
v 0.071289 0.886719 -0.034180
v 0.075195 0.890625 -0.034180
v 0.079102 0.894531 -0.034180
v -0.084961 0.898438 -0.034180
v -0.069336 0.912109 -0.034180
v 0.053711 0.972656 -0.034180
v 0.157227 0.255859 -0.036133
v -0.163086 0.292969 -0.036133
v 0.163086 0.292969 -0.036133
v -0.200195 0.478516 -0.036133
v 0.200195 0.478516 -0.036133
v -0.346680 0.656250 -0.036133
v 0.346680 0.656250 -0.036133
v -0.389648 0.687500 -0.036133
v 0.389649 0.687500 -0.036133
v -0.368164 0.693359 -0.036133
v 0.368164 0.693360 -0.036133
v -0.065430 0.882812 -0.036133
v 0.065430 0.882813 -0.036133
v -0.077148 0.886719 -0.036133
v 0.077148 0.886719 -0.036133
v -0.077148 0.890625 -0.036133
v 0.075195 0.900391 -0.036133
v 0.071289 0.906250 -0.036133
v -0.086914 0.916016 -0.036133
v -0.086914 0.917969 -0.036133
v -0.071289 0.939453 -0.036133
v -0.073242 0.939453 -0.036133
v -0.168945 0.320313 -0.038086
v 0.168945 0.322266 -0.038086
v -0.196289 0.533203 -0.038086
v 0.196289 0.533203 -0.038086
v -0.395508 0.675781 -0.038086
v -0.409180 0.675781 -0.038086
v 0.395508 0.675781 -0.038086
v 0.409180 0.675781 -0.038086
v -0.411133 0.699219 -0.038086
v 0.411133 0.699219 -0.038086
v -0.395508 0.701172 -0.038086
v 0.395508 0.701172 -0.038086
v -0.067383 0.828125 -0.038086
v 0.067383 0.828125 -0.038086
v -0.063477 0.853516 -0.038086
v 0.065430 0.853516 -0.038086
v -0.065430 0.861328 -0.038086
v 0.067383 0.863281 -0.038086
v -0.065430 0.873047 -0.038086
v -0.065430 0.880859 -0.038086
v -0.081055 0.896484 -0.038086
v -0.079102 0.904297 -0.038086
v -0.075195 0.910156 -0.038086
v -0.081055 0.912109 -0.038086
v -0.049805 0.041016 -0.040039
v 0.049805 0.041016 -0.040039
v -0.051758 0.060547 -0.040039
v 0.051758 0.060547 -0.040039
v -0.047851 0.095703 -0.040039
v 0.047852 0.095703 -0.040039
v -0.192383 0.562500 -0.040039
v 0.192383 0.562500 -0.040039
v -0.415039 0.687500 -0.040039
v 0.415039 0.687500 -0.040039
v -0.381836 0.693359 -0.040039
v 0.381836 0.693360 -0.040039
v -0.063477 0.822266 -0.040039
v 0.063477 0.822266 -0.040039
v -0.065430 0.867188 -0.040039
v -0.065430 0.869141 -0.040039
v -0.079102 0.869141 -0.040039
v 0.065430 0.869141 -0.040039
v 0.079102 0.869141 -0.040039
v 0.067383 0.871094 -0.040039
v -0.071289 0.873047 -0.040039
v 0.071289 0.873047 -0.040039
v -0.071289 0.880859 -0.040039
v 0.073242 0.880859 -0.040039
v 0.077148 0.886719 -0.040039
v 0.071289 0.906250 -0.040039
v -0.083008 0.908203 -0.040039
v -0.086914 0.914062 -0.040039
v -0.084961 0.916016 -0.040039
v -0.061523 0.968750 -0.040039
v 0.055664 0.970703 -0.040039
v -0.409180 0.675781 -0.041992
v 0.409180 0.675781 -0.041992
v -0.409180 0.701172 -0.041992
v 0.409180 0.701172 -0.041992
v -0.346680 0.728516 -0.041992
v 0.346680 0.728516 -0.041992
v -0.067383 0.802734 -0.041992
v 0.067383 0.802734 -0.041992
v -0.067383 0.820313 -0.041992
v 0.067383 0.820313 -0.041992
v 0.061523 0.843750 -0.041992
v -0.061523 0.847656 -0.041992
v -0.067383 0.853516 -0.041992
v 0.067383 0.853516 -0.041992
v -0.069336 0.859375 -0.041992
v 0.069336 0.859375 -0.041992
v -0.071289 0.867188 -0.041992
v 0.071289 0.867188 -0.041992
v -0.081055 0.886719 -0.041992
v 0.079102 0.892578 -0.041992
v 0.075195 0.898438 -0.041992
v -0.077148 0.900391 -0.041992
v 0.053711 0.968750 -0.041992
v 0.040039 0.986328 -0.041992
v 0.038086 0.988281 -0.041992
v -0.040039 0.212891 -0.043945
v 0.040039 0.212891 -0.043945
v -0.034180 0.240234 -0.043945
v 0.034180 0.240234 -0.043945
v -0.186523 0.623047 -0.043945
v 0.186524 0.623047 -0.043945
v -0.188477 0.628906 -0.043945
v 0.188477 0.628907 -0.043945
v -0.415039 0.689453 -0.043945
v 0.415039 0.689453 -0.043945
v -0.079102 0.824219 -0.043945
v 0.079102 0.824219 -0.043945
v 0.069336 0.861328 -0.043945
v -0.067383 0.863281 -0.043945
v -0.083008 0.894531 -0.043945
v 0.081055 0.902344 -0.043945
v 0.077148 0.906250 -0.043945
v 0.041992 0.984375 -0.043945
v 0.038086 0.988281 -0.043945
v 0.024414 0.992188 -0.043945
v 0.127930 0.000000 -0.045899
v -0.127930 0.000000 -0.045899
v -0.129883 0.019531 -0.045899
v 0.129883 0.019531 -0.045899
v -0.127930 0.021484 -0.045899
v 0.127930 0.021484 -0.045899
v -0.127930 0.046875 -0.045899
v 0.127930 0.046875 -0.045899
v -0.049805 0.078125 -0.045899
v 0.049805 0.078125 -0.045899
v -0.036133 0.226563 -0.045898
v 0.036133 0.226563 -0.045899
v -0.194336 0.628906 -0.045898
v 0.194336 0.628907 -0.045898
v -0.067383 0.849609 -0.045898
v 0.073242 0.865234 -0.045898
v 0.063477 0.906250 -0.045898
v 0.079102 0.910156 -0.045898
v -0.063477 0.964844 -0.045898
v -0.063477 0.966797 -0.045898
v -0.049805 0.982422 -0.045898
v -0.047852 0.984375 -0.045898
v 0.041992 0.986328 -0.045898
v 0.040039 0.988281 -0.045898
v -0.004883 0.996094 -0.045898
v -0.061523 0.021484 -0.047852
v 0.061524 0.021484 -0.047852
v -0.061523 0.048828 -0.047852
v 0.061524 0.048828 -0.047852
v -0.206055 0.628906 -0.047852
v 0.206055 0.628907 -0.047851
v -0.366211 0.662109 -0.047852
v 0.366211 0.662110 -0.047851
v -0.381836 0.691406 -0.047852
v 0.381836 0.691407 -0.047851
v -0.108398 0.798828 -0.047852
v 0.108398 0.798828 -0.047851
v -0.059570 0.841797 -0.047852
v 0.067383 0.845703 -0.047852
v -0.075195 0.865234 -0.047852
v -0.077148 0.871094 -0.047852
v 0.075195 0.871094 -0.047852
v -0.075195 0.876953 -0.047852
v 0.075195 0.876953 -0.047852
v 0.079102 0.882813 -0.047852
v -0.079102 0.896484 -0.047852
v -0.069336 0.906250 -0.047852
v 0.081055 0.910156 -0.047852
v -0.051758 0.980469 -0.047852
v -0.047852 0.986328 -0.047852
v 0.034180 0.988281 -0.047852
v 0.036133 0.988281 -0.047852
v -0.034180 0.990234 -0.047852
v -0.000977 0.996094 -0.047852
v -0.004883 0.996094 -0.047852
v -0.006836 0.996094 -0.047852
v 0.061524 0.000000 -0.049805
v -0.061523 0.000000 -0.049805
v -0.061523 0.019531 -0.049805
v 0.061524 0.019531 -0.049805
v -0.049805 0.128906 -0.049805
v 0.049805 0.128906 -0.049805
v -0.026367 0.283203 -0.049805
v -0.387695 0.675781 -0.049805
v 0.387695 0.675781 -0.049805
v -0.379883 0.691406 -0.049805
v 0.379883 0.691407 -0.049805
v 0.057617 0.839844 -0.049805
v 0.069336 0.851563 -0.049805
v -0.069336 0.855469 -0.049805
v -0.067383 0.861328 -0.049805
v -0.083008 0.882812 -0.049805
v 0.079102 0.890625 -0.049805
v 0.073242 0.896484 -0.049805
v -0.075195 0.902344 -0.049805
v -0.051758 0.982422 -0.049805
v 0.038086 0.984375 -0.049805
v -0.043945 0.986328 -0.049805
v -0.045898 0.986328 -0.049805
v -0.049805 0.986328 -0.049805
v 0.040039 0.986328 -0.049805
v 0.026367 0.992188 -0.049805
v -0.004883 0.998047 -0.049805
v -0.133789 0.044922 -0.051758
v 0.133789 0.044922 -0.051758
v -0.131836 0.066406 -0.051758
v 0.131836 0.066406 -0.051758
v -0.043945 0.175781 -0.051758
v 0.043945 0.175781 -0.051758
v 0.026367 0.285156 -0.051758
v -0.379883 0.664063 -0.051758
v 0.379883 0.664063 -0.051758
v -0.387695 0.708984 -0.051758
v 0.387695 0.708985 -0.051758
v -0.366211 0.720703 -0.051758
v 0.366211 0.720703 -0.051758
v -0.135742 0.791016 -0.051758
v 0.135742 0.791016 -0.051758
v -0.092773 0.800781 -0.051758
v 0.092773 0.800781 -0.051758
v -0.096680 0.806641 -0.051758
v 0.096680 0.806641 -0.051758
v 0.067383 0.857422 -0.051758
v -0.083008 0.890625 -0.051758
v 0.079102 0.900391 -0.051758
v 0.069336 0.902344 -0.051758
v 0.075195 0.904297 -0.051758
v 0.077148 0.908203 -0.051758
v 0.081055 0.908203 -0.051758
v -0.049805 0.980469 -0.051758
v 0.026367 0.990234 -0.051758
v -0.000977 0.994141 -0.051758
v -0.008789 0.994141 -0.051758
v -0.000977 0.996094 -0.051758
v -0.006836 0.996094 -0.051758
v -0.004883 0.998047 -0.051758
v -0.135742 0.103516 -0.053711
v 0.135742 0.103516 -0.053711
v -0.131836 0.222656 -0.053711
v 0.131836 0.222656 -0.053711
v 0.133789 0.257813 -0.053711
v -0.143555 0.261719 -0.053711
v 0.143555 0.261719 -0.053711
v -0.385742 0.675781 -0.053711
v 0.385742 0.675781 -0.053711
v -0.147461 0.789063 -0.053711
v 0.147461 0.789063 -0.053711
v -0.055664 0.839844 -0.053711
v 0.051758 0.839844 -0.053711
v 0.061523 0.841797 -0.053711
v -0.065430 0.843750 -0.053711
v 0.073242 0.861328 -0.053711
v -0.073242 0.863281 -0.053711
v 0.075195 0.869141 -0.053711
v -0.073242 0.875000 -0.053711
v -0.047852 0.980469 -0.053711
v -0.047852 0.984375 -0.053711
v -0.034180 0.988281 -0.053711
v -0.034180 0.990234 -0.053711
v -0.000977 0.994141 -0.053711
v -0.004883 0.994141 -0.053711
v -0.006836 0.994141 -0.053711
v -0.004883 0.996094 -0.053711
v -0.135742 0.240234 -0.055664
v 0.135742 0.240234 -0.055664
v -0.133789 0.257812 -0.055664
v 0.147461 0.294922 -0.055664
v -0.147461 0.296875 -0.055664
v -0.135742 0.298828 -0.055664
v 0.135742 0.300781 -0.055664
v -0.245117 0.634766 -0.055664
v 0.245117 0.634766 -0.055664
v -0.411133 0.695313 -0.055664
v 0.411133 0.695313 -0.055664
v -0.383789 0.708984 -0.055664
v 0.383789 0.708985 -0.055664
v -0.379883 0.718750 -0.055664
v 0.379883 0.718750 -0.055664
v -0.163086 0.785156 -0.055664
v 0.163086 0.785157 -0.055664
v -0.075195 0.869141 -0.055664
v 0.075195 0.875000 -0.055664
v 0.075195 0.882813 -0.055664
v -0.075195 0.894531 -0.055664
v -0.063477 0.902344 -0.055664
v -0.079102 0.904297 -0.055664
v 0.061523 0.904297 -0.055664
v -0.004883 0.992188 -0.055664
v -0.131836 0.085937 -0.057617
v 0.131836 0.085938 -0.057617
v -0.145508 0.328125 -0.057617
v 0.145508 0.328125 -0.057617
v -0.143555 0.347656 -0.057617
v 0.143555 0.347656 -0.057617
v -0.405273 0.677734 -0.057617
v 0.405274 0.677735 -0.057617
v -0.364258 0.699219 -0.057617
v 0.364258 0.699219 -0.057617
v -0.405273 0.708984 -0.057617
v 0.405274 0.708985 -0.057617
v -0.059570 0.841797 -0.057617
v 0.057617 0.841797 -0.057617
v 0.065430 0.847656 -0.057617
v -0.067383 0.849609 -0.057617
v 0.065430 0.853516 -0.057617
v -0.079102 0.880859 -0.057617
v 0.075195 0.888672 -0.057617
v 0.071289 0.894531 -0.057617
v -0.081055 0.900391 -0.057617
v 0.067383 0.900391 -0.057617
v 0.059570 0.906250 -0.057617
v -0.018555 0.328125 -0.059570
v 0.018555 0.328125 -0.059570
v -0.264648 0.636719 -0.059570
v 0.264648 0.636719 -0.059570
v -0.413086 0.695313 -0.059570
v 0.413086 0.695313 -0.059570
v -0.194336 0.773438 -0.059570
v 0.194336 0.773438 -0.059570
v -0.053711 0.826172 -0.059570
v 0.053711 0.826172 -0.059570
v -0.051758 0.837891 -0.059570
v 0.049805 0.839844 -0.059570
v -0.065430 0.855469 -0.059570
v -0.079102 0.888672 -0.059570
v -0.079102 0.908203 -0.059570
v -0.083008 0.021484 -0.061524
v -0.106445 0.021484 -0.061524
v 0.083008 0.021484 -0.061524
v 0.106445 0.021484 -0.061524
v -0.083008 0.048828 -0.061524
v 0.083008 0.048828 -0.061524
v -0.129883 0.138672 -0.061524
v 0.129883 0.138672 -0.061524
v -0.151367 0.326172 -0.061524
v 0.151367 0.328125 -0.061523
v -0.139648 0.351563 -0.061523
v 0.139648 0.351563 -0.061523
v -0.362305 0.679688 -0.061524
v 0.362305 0.679688 -0.061523
v -0.424805 0.701172 -0.061524
v 0.424805 0.701172 -0.061523
v -0.442383 0.703125 -0.061524
v -0.465820 0.703125 -0.061524
v 0.442383 0.703125 -0.061523
v 0.465820 0.703125 -0.061523
v -0.403320 0.712891 -0.061524
v 0.403320 0.712891 -0.061523
v -0.055664 0.826172 -0.061523
v 0.055664 0.826172 -0.061523
v -0.055664 0.833984 -0.061523
v 0.055664 0.833984 -0.061523
v 0.059570 0.845703 -0.061523
v -0.059570 0.847656 -0.061523
v -0.067383 0.857422 -0.061523
v -0.069336 0.900391 -0.061523
v -0.081055 0.906250 -0.061523
v 0.063477 0.908203 -0.061523
v 0.081055 0.000000 -0.063477
v 0.106445 0.000000 -0.063477
v -0.106445 0.000000 -0.063477
v -0.081055 0.000000 -0.063477
v -0.081055 0.019531 -0.063477
v -0.106445 0.019531 -0.063477
v 0.081055 0.019531 -0.063477
v 0.106445 0.019531 -0.063477
v -0.106445 0.048828 -0.063477
v 0.106445 0.048828 -0.063477
v -0.133789 0.181641 -0.063477
v 0.133789 0.181641 -0.063477
v -0.284180 0.638672 -0.063477
v 0.284180 0.638672 -0.063476
v -0.405273 0.677734 -0.063477
v 0.405274 0.677735 -0.063476
v -0.465820 0.697266 -0.063477
v 0.465820 0.697266 -0.063476
v -0.465820 0.707031 -0.063477
v 0.465820 0.707032 -0.063476
v -0.446289 0.710938 -0.063477
v 0.446289 0.710938 -0.063476
v -0.055664 0.808594 -0.063477
v 0.055664 0.808594 -0.063477
v -0.047852 0.835938 -0.063477
v 0.053711 0.839844 -0.063477
v 0.059570 0.849609 -0.063477
v -0.057617 0.853516 -0.063477
v 0.071289 0.859375 -0.063477
v -0.055664 0.863281 -0.063477
v 0.055664 0.863281 -0.063477
v -0.069336 0.865234 -0.063477
v 0.071289 0.867188 -0.063477
v -0.069336 0.871094 -0.063477
v 0.071289 0.873047 -0.063477
v -0.071289 0.892578 -0.063477
v 0.067383 0.892578 -0.063477
v -0.077148 0.898438 -0.063477
v -0.051758 0.900391 -0.063477
v -0.057617 0.900391 -0.063477
v 0.051758 0.900391 -0.063477
v 0.063477 0.900391 -0.063477
v -0.073242 0.902344 -0.063477
v -0.061523 0.904297 -0.063477
v -0.075195 0.906250 -0.063477
v -0.088867 0.097656 -0.065430
v 0.088867 0.097656 -0.065430
v -0.422851 0.687500 -0.065430
v 0.422852 0.687500 -0.065430
v -0.440430 0.691406 -0.065430
v 0.440430 0.691407 -0.065430
v -0.446289 0.693359 -0.065430
v 0.446289 0.693360 -0.065430
v -0.440430 0.712891 -0.065430
v 0.440430 0.712891 -0.065430
v 0.045898 0.833984 -0.065430
v -0.043945 0.837891 -0.065430
v -0.057617 0.837891 -0.065430
v 0.075195 0.880859 -0.065430
v 0.073242 0.886719 -0.065430
v -0.079102 0.904297 -0.065430
v 0.059570 0.927734 -0.065430
v -0.036133 0.933594 -0.065430
v 0.036133 0.933594 -0.065430
v -0.088867 0.064453 -0.067383
v 0.088867 0.064453 -0.067383
v -0.143555 0.369141 -0.067383
v 0.143555 0.369141 -0.067383
v -0.430664 0.689453 -0.067383
v 0.430664 0.689453 -0.067383
v -0.469726 0.703125 -0.067383
v 0.469727 0.703125 -0.067383
v -0.418945 0.714844 -0.067383
v -0.422851 0.714844 -0.067383
v 0.418945 0.714844 -0.067383
v 0.422852 0.714844 -0.067383
v -0.245117 0.759766 -0.067383
v 0.245117 0.759766 -0.067383
v 0.055664 0.843750 -0.067383
v 0.055664 0.849609 -0.067383
v -0.075195 0.876953 -0.067383
v -0.075195 0.884766 -0.067383
v 0.053711 0.902344 -0.067383
v 0.067383 0.902344 -0.067383
v -0.065430 0.904297 -0.067383
v 0.049805 0.957031 -0.067383
v 0.026367 0.980469 -0.067383
v -0.088867 0.042969 -0.069336
v 0.088867 0.042969 -0.069336
v -0.084961 0.218750 -0.069336
v 0.084961 0.218750 -0.069336
v -0.083008 0.248047 -0.069336
v 0.083008 0.248047 -0.069336
v -0.264648 0.750000 -0.069336
v 0.264648 0.750000 -0.069336
v -0.065430 0.830078 -0.069336
v 0.065430 0.830078 -0.069336
v 0.040039 0.832031 -0.069336
v -0.040039 0.833984 -0.069336
v -0.051758 0.835938 -0.069336
v 0.049805 0.835938 -0.069336
v -0.057617 0.843750 -0.069336
v -0.055664 0.853516 -0.069336
v 0.061523 0.853516 -0.069336
v -0.063477 0.855469 -0.069336
v -0.063477 0.871094 -0.069336
v 0.065430 0.873047 -0.069336
v -0.063477 0.894531 -0.069336
v -0.051758 0.898438 -0.069336
v 0.069336 0.898438 -0.069336
v -0.063477 0.923828 -0.069336
v -0.032227 0.978516 -0.069336
v -0.002930 0.984375 -0.069336
v -0.088867 0.080078 -0.071289
v 0.088867 0.080078 -0.071289
v -0.083008 0.234375 -0.071289
v 0.083008 0.234375 -0.071289
v -0.465820 0.697266 -0.071289
v 0.465820 0.697266 -0.071289
v 0.034180 0.833984 -0.071289
v -0.045898 0.839844 -0.071289
v 0.065430 0.859375 -0.071289
v -0.065430 0.863281 -0.071289
v 0.065430 0.865234 -0.071289
v -0.065430 0.886719 -0.071289
v 0.063477 0.890625 -0.071289
v 0.051758 0.902344 -0.071289
v 0.069336 0.904297 -0.071289
v 0.071289 0.904297 -0.071289
v -0.000977 0.939453 -0.071289
v -0.055664 0.953125 -0.071289
v -0.088867 0.134766 -0.073242
v 0.088867 0.134766 -0.073242
v -0.014648 0.343750 -0.073242
v 0.014648 0.343750 -0.073242
v -0.340820 0.644531 -0.073242
v 0.340820 0.644531 -0.073242
v -0.467773 0.707031 -0.073242
v 0.467774 0.707032 -0.073242
v -0.284180 0.748047 -0.073242
v 0.284180 0.748047 -0.073242
v -0.034180 0.832031 -0.073242
v 0.051758 0.839844 -0.073242
v -0.045898 0.843750 -0.073242
v -0.051758 0.843750 -0.073242
v 0.049805 0.847656 -0.073242
v 0.057617 0.851563 -0.073242
v -0.055664 0.857422 -0.073242
v 0.057617 0.857422 -0.073242
v 0.057617 0.863281 -0.073242
v -0.067383 0.876953 -0.073242
v 0.069336 0.878906 -0.073242
v -0.069336 0.882812 -0.073242
v 0.069336 0.886719 -0.073242
v 0.059570 0.898438 -0.073242
v -0.086914 0.179688 -0.075195
v 0.086914 0.179688 -0.075195
v -0.143555 0.392578 -0.075195
v 0.143555 0.392578 -0.075195
v -0.448242 0.693359 -0.075195
v 0.448242 0.693360 -0.075195
v -0.467773 0.703125 -0.075195
v 0.467774 0.703125 -0.075195
v -0.360351 0.716797 -0.075195
v 0.360352 0.716797 -0.075195
v 0.026367 0.830078 -0.075195
v 0.043945 0.833984 -0.075195
v -0.030273 0.835938 -0.075195
v 0.036133 0.835938 -0.075195
v -0.045898 0.847656 -0.075195
v -0.055664 0.865234 -0.075195
v 0.057617 0.875000 -0.075195
v -0.043945 0.896484 -0.075195
v 0.067383 0.896484 -0.075195
v -0.051758 0.900391 -0.075195
v 0.063477 0.900391 -0.075195
v 0.067383 0.902344 -0.075195
v 0.065430 0.904297 -0.075195
v -0.000977 0.345703 -0.077148
v -0.442383 0.691406 -0.077149
v 0.442383 0.691407 -0.077148
v -0.442383 0.712891 -0.077149
v -0.448242 0.712891 -0.077149
v 0.442383 0.712891 -0.077148
v 0.448242 0.712891 -0.077148
v -0.397461 0.718750 -0.077149
v 0.397461 0.718750 -0.077148
v -0.075195 0.802734 -0.077148
v 0.075195 0.802735 -0.077148
v -0.032227 0.830078 -0.077148
v 0.020508 0.830078 -0.077148
v 0.032227 0.830078 -0.077148
v -0.004883 0.833984 -0.077148
v -0.043945 0.835938 -0.077148
v 0.051758 0.851563 -0.077148
v 0.051758 0.863281 -0.077148
v 0.061523 0.867188 -0.077148
v -0.057617 0.873047 -0.077148
v -0.057617 0.880859 -0.077148
v -0.055664 0.890625 -0.077148
v -0.032227 0.902344 -0.077148
v 0.032227 0.902344 -0.077148
v -0.079102 0.294922 -0.079102
v 0.079102 0.294922 -0.079102
v -0.362305 0.654297 -0.079102
v 0.362305 0.654297 -0.079101
v -0.079102 0.808594 -0.079102
v 0.079102 0.808594 -0.079102
v -0.012695 0.830078 -0.079102
v -0.022461 0.830078 -0.079102
v -0.034180 0.830078 -0.079102
v -0.034180 0.830078 -0.079102
v 0.000977 0.830078 -0.079102
v 0.006836 0.830078 -0.079102
v 0.034180 0.830078 -0.079102
v 0.014648 0.832031 -0.079102
v -0.038086 0.833984 -0.079102
v -0.030273 0.835938 -0.079102
v -0.032227 0.835938 -0.079102
v 0.032227 0.835938 -0.079102
v 0.038086 0.839844 -0.079102
v 0.043945 0.839844 -0.079102
v -0.043945 0.841797 -0.079102
v 0.036133 0.841797 -0.079102
v 0.041992 0.845703 -0.079102
v 0.053711 0.857422 -0.079102
v -0.032227 0.867188 -0.079102
v 0.032227 0.867188 -0.079102
v 0.061523 0.880859 -0.079102
v 0.061523 0.884766 -0.079102
v 0.057617 0.888672 -0.079102
v 0.055664 0.896484 -0.079102
v -0.145508 0.433594 -0.081055
v 0.145508 0.433594 -0.081055
v -0.375976 0.656250 -0.081055
v 0.375977 0.656250 -0.081055
v -0.432617 0.689453 -0.081055
v 0.432617 0.689453 -0.081055
v -0.354492 0.691406 -0.081055
v 0.354492 0.691406 -0.081055
v -0.444336 0.703125 -0.081055
v 0.444336 0.703125 -0.081055
v -0.424805 0.716797 -0.081055
v 0.424805 0.716797 -0.081055
v -0.340820 0.738281 -0.081055
v 0.340820 0.738282 -0.081055
v -0.034180 0.810547 -0.081055
v 0.034180 0.810547 -0.081055
v 0.030273 0.832031 -0.081055
v -0.032227 0.839844 -0.081055
v 0.043945 0.851563 -0.081055
v 0.049805 0.857422 -0.081055
v 0.041992 0.859375 -0.081055
v -0.049805 0.863281 -0.081055
v 0.047852 0.863281 -0.081055
v 0.049805 0.878906 -0.081055
v 0.036133 0.900391 -0.081055
v 0.040039 0.902344 -0.081055
v 0.026367 0.960938 -0.081055
v -0.360351 0.728516 -0.083008
v 0.360352 0.728516 -0.083008
v -0.000977 0.830078 -0.083008
v -0.004883 0.833984 -0.083008
v -0.028320 0.833984 -0.083008
v 0.014648 0.833984 -0.083008
v -0.038086 0.839844 -0.083008
v -0.030273 0.843750 -0.083008
v -0.040039 0.847656 -0.083008
v -0.051758 0.855469 -0.083008
v 0.053711 0.869141 -0.083008
v 0.051758 0.873047 -0.083008
v -0.049805 0.878906 -0.083008
v 0.051758 0.882813 -0.083008
v -0.059570 0.886719 -0.083008
v -0.049805 0.890625 -0.083008
v -0.032227 0.898438 -0.083008
v -0.000977 0.902344 -0.083008
v 0.043945 0.929688 -0.083008
v -0.030273 0.958984 -0.083008
v -0.426758 0.687500 -0.084961
v 0.426758 0.687500 -0.084961
v -0.430664 0.701172 -0.084961
v 0.430664 0.701172 -0.084961
v -0.418945 0.716797 -0.084961
v 0.418945 0.716797 -0.084961
v -0.375976 0.726563 -0.084961
v 0.375977 0.726563 -0.084961
v -0.020508 0.830078 -0.084961
v 0.008789 0.830078 -0.084961
v -0.012695 0.832031 -0.084961
v 0.000977 0.832031 -0.084961
v 0.022461 0.832031 -0.084961
v -0.000977 0.835938 -0.084961
v 0.030273 0.835938 -0.084961
v -0.006836 0.837891 -0.084961
v -0.028320 0.837891 -0.084961
v 0.014648 0.837891 -0.084961
v 0.012695 0.839844 -0.084961
v 0.028320 0.839844 -0.084961
v 0.018555 0.843750 -0.084961
v -0.024414 0.845703 -0.084961
v 0.034180 0.857422 -0.084961
v -0.041992 0.859375 -0.084961
v -0.053711 0.867188 -0.084961
v -0.000977 0.869141 -0.084961
v -0.053711 0.875000 -0.084961
v 0.051758 0.888672 -0.084961
v 0.049805 0.894531 -0.084961
v -0.036133 0.898438 -0.084961
v 0.036133 0.900391 -0.084961
v 0.038086 0.908203 -0.084961
v -0.000977 0.962891 -0.084961
v -0.360351 0.671875 -0.086914
v 0.360352 0.671875 -0.086914
v -0.444336 0.703125 -0.086914
v 0.444336 0.703125 -0.086914
v -0.000977 0.812500 -0.086914
v -0.000977 0.830078 -0.086914
v -0.000977 0.830078 -0.086914
v -0.002930 0.835938 -0.086914
v 0.022461 0.835938 -0.086914
v 0.008789 0.837891 -0.086914
v -0.004883 0.839844 -0.086914
v -0.020508 0.843750 -0.086914
v 0.036133 0.843750 -0.086914
v -0.041992 0.853516 -0.086914
v 0.018555 0.855469 -0.086914
v 0.026367 0.859375 -0.086914
v 0.041992 0.878906 -0.086914
v -0.041992 0.880859 -0.086914
v -0.053711 0.884766 -0.086914
v -0.057617 0.892578 -0.086914
v -0.036133 0.898438 -0.086914
v -0.014648 0.900391 -0.086914
v 0.022461 0.900391 -0.086914
v 0.038086 0.900391 -0.086914
v 0.038086 0.908203 -0.086914
v 0.036133 0.916016 -0.086914
v -0.043945 0.927734 -0.086914
v -0.075195 0.341797 -0.088867
v 0.075195 0.341797 -0.088867
v -0.432617 0.689453 -0.088867
v 0.432617 0.689453 -0.088867
v -0.424805 0.716797 -0.088867
v 0.424805 0.716797 -0.088867
v -0.038086 0.832031 -0.088867
v 0.038086 0.832031 -0.088867
v -0.012695 0.835938 -0.088867
v -0.020508 0.835938 -0.088867
v 0.000977 0.835938 -0.088867
v 0.008789 0.835938 -0.088867
v -0.010742 0.837891 -0.088867
v -0.016602 0.841797 -0.088867
v 0.000977 0.841797 -0.088867
v 0.028320 0.843750 -0.088867
v 0.036133 0.849609 -0.088867
v 0.018555 0.851562 -0.088867
v -0.000977 0.855469 -0.088867
v 0.008789 0.859375 -0.088867
v -0.018555 0.863281 -0.088867
v -0.034180 0.865234 -0.088867
v 0.045898 0.865234 -0.088867
v -0.041992 0.890625 -0.088867
v -0.059570 0.890625 -0.088867
v 0.043945 0.896484 -0.088867
v -0.036133 0.898438 -0.088867
v 0.002930 0.900391 -0.088867
v -0.036133 0.906250 -0.088867
v -0.034180 0.914062 -0.088867
v 0.036133 0.916016 -0.088867
v 0.028320 0.921875 -0.088867
v -0.147461 0.402344 -0.090820
v 0.147461 0.402344 -0.090820
v -0.442383 0.691406 -0.090820
v 0.442383 0.691407 -0.090820
v -0.442383 0.712891 -0.090820
v 0.442383 0.712891 -0.090820
v 0.010742 0.843750 -0.090820
v -0.034180 0.847656 -0.090820
v 0.000977 0.849609 -0.090820
v -0.018555 0.851562 -0.090820
v 0.026367 0.851562 -0.090820
v -0.018555 0.857422 -0.090820
v -0.008789 0.859375 -0.090820
v 0.028320 0.863281 -0.090820
v -0.045898 0.867188 -0.090820
v 0.045898 0.873047 -0.090820
v -0.045898 0.875000 -0.090820
v -0.036133 0.876953 -0.090820
v 0.034180 0.876953 -0.090820
v -0.034180 0.882812 -0.090820
v -0.047852 0.886719 -0.090820
v -0.055664 0.890625 -0.090820
v -0.034180 0.892578 -0.090820
v -0.055664 0.892578 -0.090820
v -0.038086 0.906250 -0.090820
v -0.028320 0.919922 -0.090820
v 0.022461 0.935547 -0.090820
v -0.151367 0.429687 -0.092773
v 0.151367 0.429688 -0.092773
v -0.448242 0.691406 -0.092774
v 0.448242 0.691407 -0.092773
v -0.469726 0.703125 -0.092774
v 0.469727 0.703125 -0.092773
v -0.448242 0.710938 -0.092774
v 0.448242 0.710938 -0.092773
v -0.092773 0.789063 -0.092773
v 0.092773 0.789063 -0.092773
v -0.016602 0.845703 -0.092773
v -0.026367 0.849609 -0.092773
v 0.010742 0.851562 -0.092773
v -0.026367 0.863281 -0.092773
v 0.024414 0.863281 -0.092773
v 0.038086 0.863281 -0.092773
v 0.010742 0.865234 -0.092773
v -0.012695 0.869141 -0.092773
v 0.026367 0.869141 -0.092773
v -0.036133 0.871094 -0.092773
v 0.008789 0.871094 -0.092773
v 0.024414 0.875000 -0.092773
v 0.043945 0.886719 -0.092773
v -0.041992 0.888672 -0.092773
v -0.049805 0.888672 -0.092773
v -0.026367 0.892578 -0.092773
v -0.049805 0.892578 -0.092773
v 0.038086 0.894531 -0.092773
v -0.016602 0.896484 -0.092773
v 0.049805 0.896484 -0.092773
v -0.036133 0.914062 -0.092773
v 0.030273 0.921875 -0.092773
v 0.016602 0.923828 -0.092773
v -0.022461 0.935547 -0.092773
v -0.395508 0.675781 -0.094727
v 0.395508 0.675781 -0.094726
v -0.467773 0.697266 -0.094727
v 0.467774 0.697266 -0.094726
v -0.131836 0.777344 -0.094727
v 0.131836 0.777344 -0.094727
v -0.041992 0.802734 -0.094727
v 0.041992 0.802734 -0.094727
v -0.008789 0.843750 -0.094727
v -0.008789 0.851562 -0.094727
v -0.034180 0.855469 -0.094727
v -0.026367 0.857422 -0.094727
v 0.016602 0.863281 -0.094727
v 0.036133 0.871094 -0.094727
v -0.008789 0.875000 -0.094727
v 0.000977 0.875000 -0.094727
v -0.008789 0.880859 -0.094727
v -0.018555 0.882812 -0.094727
v -0.026367 0.886719 -0.094727
v 0.034180 0.886719 -0.094727
v 0.034180 0.892578 -0.094727
v -0.006836 0.894531 -0.094727
v -0.040039 0.894531 -0.094727
v 0.012695 0.894531 -0.094727
v 0.049805 0.894531 -0.094727
v 0.000977 0.896484 -0.094727
v 0.045898 0.896484 -0.094727
v -0.030273 0.919922 -0.094727
v -0.016602 0.921875 -0.094727
v -0.000977 0.923828 -0.094727
v 0.016602 0.923828 -0.094727
v -0.000977 0.937500 -0.094727
v -0.170898 0.646484 -0.096680
v -0.178711 0.646484 -0.096680
v 0.170899 0.646485 -0.096680
v 0.178711 0.646485 -0.096680
v -0.467773 0.707031 -0.096680
v 0.467774 0.707032 -0.096680
v -0.145508 0.773438 -0.096680
v 0.145508 0.773438 -0.096680
v -0.000977 0.859375 -0.096680
v 0.004883 0.859375 -0.096680
v -0.006836 0.861328 -0.096680
v -0.020508 0.869141 -0.096680
v -0.030273 0.869141 -0.096680
v 0.016602 0.869141 -0.096680
v 0.014648 0.876953 -0.096680
v -0.014648 0.878906 -0.096680
v -0.028320 0.880859 -0.096680
v -0.016602 0.886719 -0.096680
v -0.036133 0.888672 -0.096680
v -0.030273 0.890625 -0.096680
v -0.041992 0.892578 -0.096680
v 0.040039 0.892578 -0.096680
v 0.045898 0.892578 -0.096680
v 0.002930 0.894531 -0.096680
v 0.026367 0.894531 -0.096680
v 0.040039 0.894531 -0.096680
v -0.036133 0.896484 -0.096680
v 0.000977 0.904297 -0.096680
v -0.016602 0.921875 -0.096680
v -0.163086 0.640625 -0.098633
v 0.163086 0.640625 -0.098633
v -0.196289 0.646484 -0.098633
v 0.196289 0.646485 -0.098633
v -0.157226 0.769531 -0.098633
v 0.157227 0.769531 -0.098633
v -0.000977 0.833984 -0.098633
v -0.006836 0.865234 -0.098633
v 0.006836 0.865234 -0.098633
v -0.026367 0.869141 -0.098633
v 0.006836 0.869141 -0.098633
v -0.006836 0.871094 -0.098633
v 0.000977 0.871094 -0.098633
v -0.016602 0.875000 -0.098633
v -0.030273 0.875000 -0.098633
v 0.002930 0.878906 -0.098633
v -0.022461 0.880859 -0.098633
v 0.028320 0.884766 -0.098633
v -0.006836 0.886719 -0.098633
v 0.012695 0.886719 -0.098633
v -0.032227 0.892578 -0.098633
v 0.020508 0.892578 -0.098633
v -0.032227 0.894531 -0.098633
v -0.038086 0.894531 -0.098633
v 0.000977 0.923828 -0.098633
v -0.075195 0.359375 -0.100586
v 0.075195 0.359375 -0.100586
v -0.157227 0.453125 -0.100586
v 0.157227 0.453125 -0.100586
v -0.471679 0.703125 -0.100586
v 0.471680 0.703125 -0.100586
v -0.358398 0.714844 -0.100586
v 0.358399 0.714844 -0.100586
v -0.043945 0.808594 -0.100586
v 0.043945 0.808594 -0.100586
v -0.000977 0.865234 -0.100586
v -0.024414 0.876953 -0.100586
v 0.002930 0.886719 -0.100586
v 0.020508 0.886719 -0.100586
v 0.032227 0.894531 -0.100586
v -0.022461 0.898438 -0.100586
v -0.147461 0.564453 -0.102539
v 0.147461 0.564453 -0.102539
v -0.440430 0.691406 -0.102539
v -0.446289 0.691406 -0.102539
v 0.440430 0.691407 -0.102539
v 0.446289 0.691407 -0.102539
v -0.420898 0.714844 -0.102539
v 0.420899 0.714844 -0.102539
v -0.188477 0.755859 -0.102539
v 0.188477 0.755860 -0.102539
v -0.000977 0.804688 -0.102539
v -0.024414 0.892578 -0.102539
v 0.032227 0.892578 -0.102539
v -0.010742 0.898438 -0.102539
v -0.016602 0.898438 -0.102539
v -0.000977 0.361328 -0.104492
v -0.157227 0.482422 -0.104492
v 0.157227 0.482422 -0.104492
v -0.153320 0.535156 -0.104492
v 0.153320 0.535156 -0.104492
v -0.237305 0.650391 -0.104492
v 0.237305 0.650391 -0.104492
v -0.256836 0.652344 -0.104492
v 0.256836 0.652344 -0.104492
v -0.430664 0.689453 -0.104492
v 0.430664 0.689453 -0.104492
v -0.467773 0.697266 -0.104492
v 0.467774 0.697266 -0.104492
v -0.467773 0.707031 -0.104492
v 0.467774 0.707032 -0.104492
v -0.440430 0.710938 -0.104492
v -0.446289 0.710938 -0.104492
v 0.440430 0.710938 -0.104492
v 0.446289 0.710938 -0.104492
v -0.415039 0.716797 -0.104492
v 0.415039 0.716797 -0.104492
v -0.010742 0.892578 -0.104492
v -0.016602 0.892578 -0.104492
v 0.024414 0.892578 -0.104492
v 0.028320 0.892578 -0.104492
v 0.024414 0.894531 -0.104492
v 0.028320 0.894531 -0.104492
v -0.424805 0.685547 -0.106445
v 0.424805 0.685547 -0.106445
v -0.426758 0.699219 -0.106445
v 0.426758 0.699219 -0.106445
v -0.467773 0.703125 -0.106445
v 0.467774 0.703125 -0.106445
v -0.045898 0.789063 -0.106445
v 0.045898 0.789063 -0.106445
v -0.276367 0.650391 -0.108399
v 0.276367 0.650391 -0.108398
v -0.442383 0.701172 -0.108399
v 0.442383 0.701172 -0.108398
v -0.387695 0.716797 -0.108399
v 0.387695 0.716797 -0.108398
v -0.000977 0.808594 -0.108398
v -0.356445 0.675781 -0.110352
v 0.356445 0.675781 -0.110351
v -0.428711 0.689453 -0.110352
v 0.428711 0.689453 -0.110351
v -0.418945 0.714844 -0.110352
v 0.418945 0.714844 -0.110351
v -0.256836 0.736328 -0.110352
v 0.256836 0.736328 -0.110351
v -0.237305 0.744141 -0.110352
v 0.237305 0.744141 -0.110352
v -0.075195 0.388672 -0.112305
v 0.075195 0.388672 -0.112305
v -0.356445 0.662109 -0.112305
v 0.356445 0.662110 -0.112305
v -0.370117 0.664063 -0.112305
v 0.370117 0.664063 -0.112305
v -0.438476 0.701172 -0.112305
v 0.438477 0.701172 -0.112305
v -0.000977 0.789063 -0.112305
v -0.334961 0.654297 -0.114258
v 0.334961 0.654297 -0.114258
v -0.434570 0.691406 -0.114258
v 0.434570 0.691407 -0.114258
v -0.131836 0.642578 -0.116211
v 0.131836 0.642578 -0.116211
v -0.354492 0.703125 -0.116211
v 0.354492 0.703125 -0.116211
v -0.434570 0.710938 -0.116211
v 0.434570 0.710938 -0.116211
v -0.276367 0.732422 -0.116211
v 0.276367 0.732422 -0.116211
v -0.354492 0.685547 -0.118164
v 0.354492 0.685547 -0.118164
v -0.440429 0.691406 -0.118164
v 0.440430 0.691407 -0.118164
v -0.163086 0.708985 -0.118164
v 0.163086 0.708985 -0.118164
v -0.151367 0.710938 -0.118164
v -0.440429 0.710938 -0.118164
v 0.151367 0.710938 -0.118164
v 0.440430 0.710938 -0.118164
v -0.141601 0.712891 -0.118164
v 0.141602 0.712891 -0.118164
v -0.370117 0.716797 -0.118164
v 0.370117 0.716797 -0.118164
v -0.356445 0.718750 -0.118164
v 0.356445 0.718750 -0.118164
v -0.385742 0.677734 -0.120117
v 0.385742 0.677735 -0.120117
v -0.000977 0.388672 -0.122070
v -0.075195 0.433594 -0.122070
v 0.075195 0.433594 -0.122070
v -0.188476 0.703125 -0.122070
v -0.458008 0.703125 -0.122070
v 0.188477 0.703125 -0.122070
v 0.458008 0.703125 -0.122070
v -0.413086 0.710938 -0.122070
v 0.413086 0.710938 -0.122070
v -0.407226 0.712891 -0.122070
v 0.407227 0.712891 -0.122070
v -0.112305 0.718750 -0.122070
v 0.112305 0.718750 -0.122070
v -0.334961 0.726563 -0.122070
v 0.334961 0.726563 -0.122070
v -0.416992 0.685547 -0.124024
v 0.416992 0.685547 -0.124023
v -0.420898 0.689453 -0.124024
v 0.420899 0.689453 -0.124023
v -0.456054 0.697266 -0.124024
v 0.456055 0.697266 -0.124023
v -0.430664 0.691406 -0.125977
v 0.430664 0.691407 -0.125976
v -0.252930 0.693359 -0.125977
v 0.252930 0.693360 -0.125976
v -0.418945 0.697266 -0.125977
v 0.418945 0.697266 -0.125976
v -0.381836 0.703125 -0.125977
v 0.381836 0.703125 -0.125976
v -0.456054 0.707031 -0.125977
v 0.456055 0.707032 -0.125976
v -0.430664 0.708984 -0.125977
v 0.430664 0.708985 -0.125976
v -0.409179 0.710938 -0.125977
v 0.409180 0.710938 -0.125976
v -0.416992 0.689453 -0.127930
v 0.416992 0.689453 -0.127930
v -0.436523 0.691406 -0.127930
v 0.436524 0.691407 -0.127930
v -0.233398 0.697266 -0.127930
v 0.233399 0.697266 -0.127930
v -0.436523 0.708984 -0.127930
v 0.436524 0.708985 -0.127930
v -0.354492 0.685547 -0.129883
v -0.368164 0.685547 -0.129883
v 0.354492 0.685547 -0.129883
v 0.368164 0.685547 -0.129883
v -0.379883 0.687500 -0.129883
v 0.379883 0.687500 -0.129883
v -0.430664 0.701172 -0.129883
v -0.458008 0.701172 -0.129883
v 0.430664 0.701172 -0.129883
v 0.458008 0.701172 -0.129883
v -0.077148 0.406250 -0.131836
v 0.077149 0.406250 -0.131836
v -0.399414 0.683594 -0.131836
v 0.399414 0.683594 -0.131836
v -0.272461 0.691406 -0.131836
v 0.272461 0.691407 -0.131836
v -0.454101 0.697266 -0.131836
v 0.454102 0.697266 -0.131836
v -0.399414 0.707031 -0.131836
v -0.454101 0.707031 -0.131836
v 0.399414 0.707032 -0.131836
v 0.454102 0.707032 -0.131836
v -0.057617 0.724609 -0.131836
v 0.057617 0.724610 -0.131836
v -0.426758 0.699219 -0.133789
v 0.426758 0.699219 -0.133789
v -0.454101 0.701172 -0.133789
v 0.454102 0.701172 -0.133789
v -0.403320 0.707031 -0.133789
v 0.403320 0.707032 -0.133789
v -0.077148 0.431641 -0.135742
v 0.077149 0.431641 -0.135742
v -0.000976 0.435547 -0.135742
v -0.333008 0.687500 -0.135742
v -0.407226 0.687500 -0.135742
v 0.333008 0.687500 -0.135742
v 0.407227 0.687500 -0.135742
v -0.422851 0.689453 -0.135742
v 0.422852 0.689453 -0.135742
v -0.399414 0.695313 -0.135742
v 0.399414 0.695313 -0.135742
v -0.420898 0.707031 -0.135742
v 0.420899 0.707032 -0.135742
v -0.000977 0.726563 -0.135742
v -0.426758 0.689453 -0.139649
v 0.426758 0.689453 -0.139648
v -0.424804 0.707031 -0.139649
v 0.426758 0.707032 -0.139648
v -0.067383 0.644531 -0.141602
v 0.067383 0.644531 -0.141602
v -0.000976 0.408203 -0.143555
v -0.416992 0.687500 -0.143555
v 0.416992 0.687500 -0.143555
v -0.415039 0.705078 -0.143555
v 0.415039 0.705078 -0.143555
v -0.081055 0.457031 -0.145508
v 0.081055 0.457031 -0.145508
v -0.075195 0.568359 -0.145508
v 0.075195 0.568359 -0.145508
v -0.420898 0.689453 -0.145508
v 0.420899 0.689453 -0.145508
v -0.000976 0.433594 -0.147461
v -0.079101 0.539063 -0.147461
v 0.079102 0.539063 -0.147461
v -0.415039 0.697266 -0.147461
v 0.415039 0.697266 -0.147461
v -0.438476 0.699219 -0.147461
v 0.438477 0.699219 -0.147461
v -0.418945 0.705078 -0.147461
v 0.418945 0.705078 -0.147461
v -0.081055 0.486328 -0.149414
v 0.081055 0.486328 -0.149414
v -0.000977 0.646484 -0.149414
v -0.438476 0.693359 -0.149414
v 0.438477 0.693360 -0.149414
v -0.436523 0.703125 -0.149414
v 0.436524 0.703125 -0.149414
v -0.000976 0.570313 -0.153320
v -0.432617 0.693359 -0.155274
v 0.432617 0.693360 -0.155273
v -0.436523 0.699219 -0.155274
v 0.436524 0.699219 -0.155273
v -0.432617 0.703125 -0.155274
v 0.432617 0.703125 -0.155273
v -0.000976 0.457031 -0.157227
v -0.000976 0.541016 -0.157227
v -0.430664 0.699219 -0.157227
v 0.430664 0.699219 -0.157226
v -0.000976 0.488281 -0.161133
vt 0.749512 0.218506
vt 0.757324 0.218994
vt 0.750732 0.240479
vt 0.745117 0.239990
vt 0.757324 0.220459
vt 0.752686 0.240479
vt 0.754395 0.259521
vt 0.752441 0.259521
vt 0.759521 0.276367
vt 0.761719 0.276367
vt 0.767578 0.295410
vt 0.769531 0.295410
vt 0.773926 0.318115
vt 0.775879 0.318115
vt 0.759766 0.241211
vt 0.765137 0.219482
vt 0.774902 0.222900
vt 0.785156 0.211182
vt 0.781738 0.226562
vt 0.776123 0.238281
vt 0.777832 0.257324
vt 0.762451 0.260254
vt 0.771240 0.277588
vt 0.785156 0.275391
vt 0.986328 0.086914
vt 0.977783 0.088623
vt 0.977783 0.066406
vt 0.986328 0.065918
vt 0.463623 0.760986
vt 0.484619 0.767822
vt 0.444336 0.767578
vt 0.433350 0.786377
vt 0.495117 0.786865
vt 0.432617 0.807617
vt 0.497070 0.807129
vt 0.492676 0.827637
vt 0.436768 0.828125
vt 0.435791 0.848633
vt 0.490479 0.848633
vt 0.956055 0.366455
vt 0.964111 0.367188
vt 0.953125 0.386230
vt 0.961182 0.387207
vt 0.957520 0.407715
vt 0.964111 0.408447
vt 0.913330 0.600342
vt 0.913330 0.579102
vt 0.914795 0.600342
vt 0.926270 0.617432
vt 0.927734 0.617432
vt 0.914795 0.580566
vt 0.927734 0.562256
vt 0.954102 0.196533
vt 0.960938 0.196777
vt 0.954102 0.217529
vt 0.960938 0.217773
vt 0.956787 0.237549
vt 0.794189 0.366455
vt 0.792725 0.386230
vt 0.787109 0.366455
vt 0.785645 0.386230
vt 0.792969 0.345459
vt 0.785889 0.345459
vt 0.788818 0.324463
vt 0.781738 0.324463
vt 0.780518 0.299072
vt 0.794678 0.298340
vt 0.794434 0.323975
vt 0.780518 0.280029
vt 0.794678 0.280029
vt 0.083496 0.547852
vt 0.085693 0.546875
vt 0.088623 0.565674
vt 0.086670 0.565430
vt 0.083496 0.583984
vt 0.085449 0.584229
vt 0.040527 0.505127
vt 0.042725 0.506104
vt 0.040527 0.525635
vt 0.609863 0.944336
vt 0.612549 0.965820
vt 0.604492 0.964844
vt 0.601807 0.943604
vt 0.612549 0.925781
vt 0.603027 0.924316
vt 0.626953 0.780029
vt 0.607178 0.780518
vt 0.607422 0.770996
vt 0.588867 0.776855
vt 0.627197 0.771973
vt 0.608887 0.756348
vt 0.628662 0.755859
vt 0.643799 0.756836
vt 0.647461 0.767090
vt 0.588379 0.766357
vt 0.592529 0.750000
vt 0.567139 0.771240
vt 0.568115 0.758057
vt 0.580566 0.736328
vt 0.541504 0.751221
vt 0.541260 0.769043
vt 0.588135 0.778564
vt 0.566650 0.772949
vt 0.540527 0.770752
vt 0.566406 0.779785
vt 0.586670 0.785156
vt 0.540283 0.784180
vt 0.566406 0.785156
vt 0.535156 0.300049
vt 0.541504 0.281738
vt 0.541504 0.302490
vt 0.631592 0.058838
vt 0.637939 0.077637
vt 0.626953 0.077637
vt 0.437012 0.649902
vt 0.435059 0.650635
vt 0.432129 0.631592
vt 0.430664 0.630371
vt 0.437012 0.615723
vt 0.434570 0.615479
vt 0.437256 0.995850
vt 0.437256 0.976807
vt 0.454590 0.995605
vt 0.456055 0.976807
vt 0.618652 0.981445
vt 0.616455 0.966064
vt 0.642822 0.979980
vt 0.642090 0.966553
vt 0.620361 0.948486
vt 0.642822 0.955078
vt 0.420898 0.821045
vt 0.433838 0.857910
vt 0.379639 0.841309
vt 0.399170 0.813477
vt 0.385254 0.820312
vt 0.379639 0.867920
vt 0.427246 0.875488
vt 0.410645 0.883301
vt 0.393555 0.882568
vt 0.590820 0.355469
vt 0.601562 0.358643
vt 0.597656 0.371338
vt 0.580078 0.379150
vt 0.601562 0.392578
vt 0.578613 0.348389
vt 0.748779 0.175293
vt 0.739502 0.151367
vt 0.757812 0.153564
vt 0.755859 0.127930
vt 0.762939 0.175781
vt 0.756104 0.109375
vt 0.775635 0.112549
vt 0.774414 0.129395
vt 0.773438 0.155029
vt 0.775635 0.176270
vt 0.765381 0.196533
vt 0.775391 0.197266
vt 0.771973 0.216797
vt 0.763428 0.216064
vt 0.389893 0.964111
vt 0.390137 0.945557
vt 0.409912 0.964355
vt 0.409912 0.945801
vt 0.390137 0.979980
vt 0.409912 0.979492
vt 0.254883 0.609619
vt 0.252197 0.627686
vt 0.253418 0.608398
vt 0.250244 0.628174
vt 0.254883 0.644043
vt 0.253174 0.645996
vt 0.517090 0.066406
vt 0.517090 0.045654
vt 0.530273 0.045898
vt 0.530273 0.066406
vt 0.761475 0.514404
vt 0.761230 0.498047
vt 0.775635 0.514404
vt 0.775391 0.498047
vt 0.775635 0.480957
vt 0.761475 0.480713
vt 0.896973 0.911621
vt 0.901855 0.895508
vt 0.902588 0.928467
vt 0.919434 0.939453
vt 0.919189 0.884766
vt 0.945068 0.887207
vt 0.945068 0.940430
vt 0.109863 0.918701
vt 0.109863 0.864014
vt 0.115479 0.864014
vt 0.115479 0.919678
vt 0.788330 0.934082
vt 0.771484 0.926025
vt 0.778320 0.903809
vt 0.753418 0.916748
vt 0.761475 0.897461
vt 0.748047 0.904785
vt 0.769531 0.876953
vt 0.788330 0.883057
vt 0.758057 0.881836
vt 0.749756 0.891602
vt 0.742676 0.889404
vt 0.600830 0.991699
vt 0.592529 0.994141
vt 0.592529 0.973145
vt 0.602295 0.971924
vt 0.610840 0.989990
vt 0.612549 0.972656
vt 0.989502 0.467285
vt 0.989502 0.487549
vt 0.979004 0.486328
vt 0.978027 0.467773
vt 0.971436 0.483398
vt 0.969482 0.495605
vt 0.551514 0.960938
vt 0.551514 0.930176
vt 0.565186 0.939697
vt 0.806152 0.595215
vt 0.830322 0.602051
vt 0.806152 0.640625
vt 0.845459 0.625488
vt 0.840820 0.659668
vt 0.813721 0.680664
vt 0.497803 0.990479
vt 0.497070 0.962891
vt 0.512939 0.990967
vt 0.513916 0.967041
vt 0.520752 0.989502
vt 0.520752 0.964355
vt 0.362549 0.947510
vt 0.379150 0.948242
vt 0.368896 0.981445
vt 0.384033 0.977295
vt 0.387939 0.947510
vt 0.936035 0.755615
vt 0.935303 0.732910
vt 0.954590 0.754395
vt 0.954346 0.781494
vt 0.935303 0.783691
vt 0.377686 0.247314
vt 0.370117 0.248291
vt 0.378418 0.222900
vt 0.386963 0.223389
vt 0.385254 0.253418
vt 0.374023 0.269775
vt 0.386230 0.272705
vt 0.396729 0.226807
vt 0.397461 0.256104
vt 0.409668 0.226807
vt 0.407715 0.256348
vt 0.440918 0.228516
vt 0.436768 0.261475
vt 0.457764 0.263916
vt 0.459473 0.229248
vt 0.472412 0.228516
vt 0.470215 0.265625
vt 0.482910 0.266357
vt 0.485352 0.227295
vt 0.513428 0.269775
vt 0.518311 0.226074
vt 0.552979 0.224121
vt 0.510254 0.278809
vt 0.484375 0.272949
vt 0.532959 0.279541
vt 0.530029 0.297607
vt 0.509033 0.294434
vt 0.553711 0.275879
vt 0.548584 0.279541
vt 0.549561 0.300293
vt 0.568604 0.225098
vt 0.567383 0.278076
vt 0.583984 0.280029
vt 0.585693 0.223389
vt 0.613281 0.283447
vt 0.622559 0.223633
vt 0.487549 0.383301
vt 0.478516 0.360596
vt 0.495605 0.381592
vt 0.478516 0.411621
vt 0.819092 0.113525
vt 0.842285 0.107422
vt 0.842285 0.149658
vt 0.801758 0.139404
vt 0.806641 0.171143
vt 0.831299 0.191650
vt 0.503418 0.348145
vt 0.503174 0.375000
vt 0.495117 0.347900
vt 0.495117 0.375244
vt 0.691895 0.949951
vt 0.691895 0.983154
vt 0.673828 0.954834
vt 0.676025 0.981201
vt 0.665527 0.953369
vt 0.663818 0.980713
vt 0.207520 0.566895
vt 0.210449 0.598389
vt 0.193115 0.573730
vt 0.197998 0.601318
vt 0.180176 0.578125
vt 0.186279 0.607422
vt 0.167725 0.578125
vt 0.173584 0.605469
vt 0.149658 0.590576
vt 0.152588 0.617188
vt 0.119873 0.624268
vt 0.115479 0.594482
vt 0.091797 0.594482
vt 0.093506 0.623291
vt 0.081299 0.593018
vt 0.083496 0.625977
vt 0.073486 0.626221
vt 0.071533 0.593262
vt 0.042480 0.594727
vt 0.043213 0.635254
vt 0.015869 0.597656
vt 0.011719 0.647217
vt 0.010010 0.598389
vt 0.001465 0.658691
vt 0.008301 0.598389
vt 0.012939 0.553467
vt 0.001465 0.547852
vt 0.044189 0.560059
vt 0.710693 0.519287
vt 0.710693 0.484375
vt 0.724854 0.484375
vt 0.725098 0.517578
vt 0.217285 0.604248
vt 0.217285 0.569336
vt 0.231445 0.602295
vt 0.232910 0.569092
vt 0.244385 0.601074
vt 0.244385 0.567383
vt 0.257080 0.568848
vt 0.257080 0.603760
vt 0.281250 0.598145
vt 0.284180 0.564941
vt 0.315674 0.599854
vt 0.316895 0.563965
vt 0.342529 0.603760
vt 0.345215 0.565918
vt 0.352783 0.605225
vt 0.356689 0.566162
vt 0.362793 0.606689
vt 0.366699 0.566406
vt 0.394287 0.608154
vt 0.400879 0.563965
vt 0.427490 0.608643
vt 0.435303 0.561768
vt 0.643311 0.407715
vt 0.637207 0.421143
vt 0.613037 0.396973
vt 0.641602 0.394531
vt 0.613037 0.384033
vt 0.624512 0.365723
vt 0.652588 0.370361
vt 0.657715 0.339600
vt 0.628418 0.334717
vt 0.656982 0.309082
vt 0.626465 0.307129
vt 0.625977 0.293945
vt 0.659180 0.296631
vt 0.641357 0.286377
vt 0.661865 0.283936
vt 0.626465 0.283936
vt 0.611328 0.288574
vt 0.973633 0.897461
vt 0.963135 0.897705
vt 0.959961 0.864502
vt 0.973633 0.864502
vt 0.698975 0.069824
vt 0.710938 0.065186
vt 0.697754 0.102783
vt 0.710938 0.100586
vt 0.760254 0.821533
vt 0.748535 0.818848
vt 0.747559 0.795410
vt 0.763184 0.795410
vt 0.825928 0.087158
vt 0.816406 0.066162
vt 0.845459 0.073242
vt 0.844482 0.059326
vt 0.811279 0.035645
vt 0.842773 0.031006
vt 0.843506 0.014404
vt 0.811523 0.013428
vt 0.845459 0.002686
vt 0.191650 0.977051
vt 0.167236 0.978271
vt 0.167236 0.942871
vt 0.190186 0.945801
vt 0.960205 0.592529
vt 0.973633 0.619629
vt 0.960205 0.625244
vt 0.971680 0.591797
vt 0.234375 0.921387
vt 0.203369 0.918701
vt 0.200684 0.892334
vt 0.235840 0.893066
vt 0.235840 0.865967
vt 0.199951 0.862549
vt 0.069580 0.088135
vt 0.100830 0.087402
vt 0.068115 0.102051
vt 0.099854 0.100830
vt 0.070557 0.133301
vt 0.104980 0.132080
vt 0.071045 0.152100
vt 0.106934 0.151123
vt 0.107422 0.164795
vt 0.071533 0.165771
vt 0.071533 0.179688
vt 0.109131 0.177002
vt 0.114990 0.208984
vt 0.071533 0.214355
vt 0.118896 0.241455
vt 0.072998 0.250732
vt 0.120850 0.253174
vt 0.072266 0.266846
vt 0.069092 0.286377
vt 0.125732 0.286377
vt 0.131348 0.255859
vt 0.121582 0.330566
vt 0.067627 0.325684
vt 0.143799 0.254883
vt 0.185791 0.295166
vt 0.181641 0.334229
vt 0.240723 0.330322
vt 0.241455 0.300293
vt 0.188965 0.274170
vt 0.241455 0.282227
vt 0.240967 0.267334
vt 0.189697 0.259277
vt 0.149658 0.243652
vt 0.240234 0.225098
vt 0.247070 0.246094
vt 0.196289 0.222412
vt 0.159180 0.212402
vt 0.249512 0.222900
vt 0.201660 0.189453
vt 0.240479 0.191162
vt 0.246826 0.193604
vt 0.169434 0.181641
vt 0.173096 0.169678
vt 0.204346 0.175781
vt 0.239990 0.178955
vt 0.240967 0.165527
vt 0.206543 0.162354
vt 0.208740 0.143555
vt 0.241699 0.144043
vt 0.240723 0.114258
vt 0.211670 0.112793
vt 0.379883 0.193115
vt 0.368896 0.191895
vt 0.379883 0.171143
vt 0.278564 0.992676
vt 0.258301 0.992676
vt 0.260986 0.967773
vt 0.270752 0.965576
vt 0.687012 0.839111
vt 0.658691 0.839111
vt 0.656494 0.815186
vt 0.689453 0.814209
vt 0.684082 0.792480
vt 0.653564 0.798340
vt 0.650391 0.787109
vt 0.684082 0.781006
vt 0.665771 0.776367
vt 0.646973 0.776611
vt 0.651611 0.771484
vt 0.666260 0.744873
vt 0.647461 0.747314
vt 0.667725 0.769531
vt 0.684814 0.767578
vt 0.683350 0.773193
vt 0.695068 0.780273
vt 0.696533 0.774414
vt 0.962646 0.769287
vt 0.952637 0.734863
vt 0.962646 0.729004
vt 0.503418 0.305664
vt 0.492676 0.305664
vt 0.493408 0.278320
vt 0.888916 0.742432
vt 0.880615 0.747314
vt 0.866943 0.708740
vt 0.895996 0.736328
vt 0.876709 0.702637
vt 0.895996 0.684814
vt 0.046387 0.670654
vt 0.046387 0.636963
vt 0.055664 0.637207
vt 0.056396 0.672852
vt 0.080811 0.635742
vt 0.513916 0.614258
vt 0.541992 0.580078
vt 0.546143 0.614258
vt 0.526855 0.917236
vt 0.547852 0.904053
vt 0.547852 0.953125
vt 0.641602 0.665283
vt 0.668213 0.630615
vt 0.656250 0.670166
vt 0.683350 0.632324
vt 0.680420 0.577881
vt 0.667480 0.579834
vt 0.697021 0.578613
vt 0.637939 0.627441
vt 0.635010 0.583252
vt 0.607910 0.624268
vt 0.653320 0.575684
vt 0.705078 0.633789
vt 0.722656 0.577148
vt 0.734619 0.634277
vt 0.702148 0.687744
vt 0.734619 0.688965
vt 0.678955 0.685059
vt 0.690186 0.739258
vt 0.657715 0.680420
vt 0.668457 0.738037
vt 0.653320 0.690674
vt 0.653320 0.736328
vt 0.637939 0.691406
vt 0.622314 0.738525
vt 0.609619 0.696777
vt 0.591309 0.740967
vt 0.580322 0.702148
vt 0.922852 0.788330
vt 0.921143 0.788330
vt 0.922852 0.731445
vt 0.911621 0.731934
vt 0.899902 0.735596
vt 0.912842 0.252197
vt 0.932373 0.302246
vt 0.923584 0.307861
vt 0.912842 0.308594
vt 0.498779 0.911621
vt 0.501953 0.857422
vt 0.501953 0.911865
vt 0.551025 0.792969
vt 0.549316 0.795654
vt 0.498535 0.770508
vt 0.500488 0.782959
vt 0.547363 0.800293
vt 0.500488 0.813232
vt 0.540771 0.822266
vt 0.498535 0.843262
vt 0.533691 0.847656
vt 0.498535 0.854980
vt 0.603271 0.302490
vt 0.617432 0.359131
vt 0.606934 0.350342
vt 0.597656 0.302734
vt 0.576172 0.344727
vt 0.570557 0.302979
vt 0.543945 0.338623
vt 0.541748 0.305908
vt 0.531738 0.306641
vt 0.533936 0.339600
vt 0.524170 0.338623
vt 0.521484 0.309570
vt 0.496582 0.342041
vt 0.496826 0.312012
vt 0.462646 0.312988
vt 0.462646 0.339355
vt 0.464355 0.367188
vt 0.439453 0.329834
vt 0.442139 0.302490
vt 0.426270 0.333008
vt 0.430664 0.304688
vt 0.413818 0.328613
vt 0.375732 0.397461
vt 0.389404 0.397461
vt 0.380371 0.452393
vt 0.397461 0.455078
vt 0.411377 0.400146
vt 0.426514 0.463135
vt 0.443848 0.406494
vt 0.425781 0.349365
vt 0.460205 0.355225
vt 0.367920 0.447998
vt 0.341309 0.392822
vt 0.358154 0.469238
vt 0.364258 0.450928
vt 0.350098 0.447998
vt 0.332764 0.436768
vt 0.306885 0.388428
vt 0.326416 0.442871
vt 0.338867 0.464600
vt 0.320068 0.458252
vt 0.295166 0.446777
vt 0.303955 0.434082
vt 0.302979 0.427002
vt 0.290527 0.424072
vt 0.291992 0.442383
vt 0.297607 0.385010
vt 0.286133 0.383545
vt 0.278809 0.418457
vt 0.250977 0.407959
vt 0.259277 0.374756
vt 0.227539 0.366943
vt 0.221680 0.396973
vt 0.195068 0.395752
vt 0.200684 0.361572
vt 0.189209 0.355957
vt 0.184082 0.388428
vt 0.169678 0.385986
vt 0.177734 0.354004
vt 0.163086 0.348877
vt 0.154541 0.382568
vt 0.790771 0.670654
vt 0.774414 0.676025
vt 0.769287 0.619629
vt 0.743408 0.618652
vt 0.745361 0.679199
vt 0.786133 0.620605
vt 0.804199 0.667480
vt 0.799561 0.621826
vt 0.804199 0.577148
vt 0.124756 0.850830
vt 0.142578 0.901367
vt 0.124756 0.910400
vt 0.739258 0.414551
vt 0.760010 0.416260
vt 0.756104 0.470459
vt 0.734863 0.469482
vt 0.736084 0.527832
vt 0.760010 0.528809
vt 0.867432 0.004883
vt 0.892822 0.001953
vt 0.892822 0.066406
vt 0.864502 0.063965
vt 0.851807 0.007568
vt 0.848877 0.061035
vt 0.778564 0.383545
vt 0.756104 0.384277
vt 0.759277 0.325195
vt 0.778809 0.430664
vt 0.778809 0.324219
vt 0.600098 0.629395
vt 0.574951 0.642822
vt 0.574951 0.581543
vt 0.244873 0.118408
vt 0.265869 0.118408
vt 0.246582 0.169434
vt 0.749512 0.008545
vt 0.799316 0.002197
vt 0.749756 0.027588
vt 0.800537 0.021729
vt 0.702881 0.021729
vt 0.703125 0.002197
vt 0.700439 0.041260
vt 0.751221 0.046387
vt 0.700928 0.061279
vt 0.805664 0.039551
vt 0.753174 0.064941
vt 0.808838 0.059570
vt 0.756104 0.101318
vt 0.810547 0.094482
vt 0.287842 0.442383
vt 0.286621 0.501709
vt 0.267822 0.441162
vt 0.268311 0.503418
vt 0.287842 0.556152
vt 0.250488 0.440430
vt 0.269287 0.558105
vt 0.249512 0.504883
vt 0.229004 0.442383
vt 0.251953 0.561768
vt 0.228027 0.506836
vt 0.229248 0.563721
vt 0.190918 0.446045
vt 0.189941 0.508545
vt 0.190918 0.563721
vt 0.170654 0.400146
vt 0.191895 0.396240
vt 0.169922 0.449951
vt 0.168701 0.510986
vt 0.169678 0.562988
vt 0.113281 0.466309
vt 0.114014 0.440186
vt 0.061768 0.462402
vt 0.058594 0.482666
vt 0.113770 0.516602
vt 0.114502 0.563477
vt 0.055908 0.521484
vt 0.150391 0.391846
vt 0.126465 0.364014
vt 0.150391 0.346924
vt 0.126953 0.428467
vt 0.148926 0.440186
vt 0.053223 0.272705
vt 0.054443 0.291260
vt 0.004883 0.289795
vt 0.005127 0.271484
vt 0.002686 0.305908
vt 0.055908 0.307129
vt 0.000977 0.330322
vt 0.055664 0.327637
vt 0.055908 0.368652
vt 0.104980 0.334229
vt 0.001953 0.373291
vt 0.104736 0.373291
vt 0.056396 0.391846
vt 0.104492 0.394531
vt 0.104736 0.438477
vt 0.003662 0.396729
vt 0.062500 0.445068
vt 0.008545 0.451416
vt 0.046143 0.496826
vt 0.511719 0.644531
vt 0.450928 0.670654
vt 0.447266 0.651611
vt 0.446533 0.626953
vt 0.511719 0.665771
vt 0.454102 0.690186
vt 0.513672 0.683838
vt 0.510986 0.616699
vt 0.448242 0.588135
vt 0.509766 0.576904
vt 0.572510 0.646240
vt 0.572510 0.616455
vt 0.571777 0.666992
vt 0.571777 0.683838
vt 0.625000 0.690186
vt 0.625977 0.672363
vt 0.628418 0.651367
vt 0.110596 0.120361
vt 0.112549 0.095703
vt 0.168213 0.104248
vt 0.170898 0.083984
vt 0.229004 0.106934
vt 0.230225 0.089355
vt 0.284912 0.099609
vt 0.284912 0.120361
vt 0.345459 0.377686
vt 0.286621 0.380371
vt 0.339111 0.360352
vt 0.401611 0.354736
vt 0.395752 0.335693
vt 0.329834 0.343262
vt 0.390625 0.318359
vt 0.380371 0.294922
vt 0.430664 0.298584
vt 0.422607 0.278809
vt 0.318115 0.317627
vt 0.276855 0.363281
vt 0.361328 0.256348
vt 0.263916 0.336670
vt 0.301514 0.276367
vt 0.351074 0.235596
vt 0.249512 0.294434
vt 0.293945 0.254639
vt 0.243408 0.272217
vt 0.326416 0.187988
vt 0.275391 0.204102
vt 0.261230 0.156250
vt 0.243652 0.178955
vt 0.303467 0.142334
vt 0.336914 0.131592
vt 0.301270 0.088867
vt 0.373291 0.171875
vt 0.346436 0.129395
vt 0.331055 0.083252
vt 0.377197 0.163818
vt 0.356445 0.126953
vt 0.340820 0.082520
vt 0.365234 0.083740
vt 0.383545 0.161133
vt 0.375000 0.122559
vt 0.395264 0.156738
vt 0.407471 0.113037
vt 0.421875 0.143311
vt 0.421387 0.108887
vt 0.435547 0.136230
vt 0.415527 0.078125
vt 0.400879 0.077881
vt 0.870850 0.387451
vt 0.850830 0.392578
vt 0.850830 0.332275
vt 0.873779 0.326904
vt 0.577881 0.010986
vt 0.592041 0.031250
vt 0.546143 0.041260
vt 0.513672 0.019043
vt 0.498291 0.042725
vt 0.464844 0.010986
vt 0.341064 0.908936
vt 0.357666 0.908936
vt 0.347656 0.956299
vt 0.970459 0.425537
vt 0.958740 0.465332
vt 0.950439 0.425537
vt 0.804199 0.201660
vt 0.786865 0.204102
vt 0.797363 0.153076
vt 0.779053 0.152100
vt 0.804199 0.106201
vt 0.787598 0.101074
vt 0.047607 0.515137
vt 0.082275 0.567627
vt 0.047607 0.585693
vt 0.284912 0.239502
vt 0.253418 0.264404
vt 0.253418 0.190186
vt 0.477539 0.217773
vt 0.419922 0.201416
vt 0.425781 0.180664
vt 0.480225 0.196045
vt 0.537598 0.220947
vt 0.440186 0.131836
vt 0.538818 0.199463
vt 0.540283 0.161377
vt 0.594238 0.196533
vt 0.589844 0.144043
vt 0.542480 0.145264
vt 0.551758 0.129395
vt 0.564941 0.111572
vt 0.571533 0.085693
vt 0.584229 0.090820
vt 0.581055 0.067871
vt 0.622803 0.083008
vt 0.617188 0.021240
vt 0.622803 0.021240
vt 0.611572 0.001465
vt 0.541260 0.146240
vt 0.538330 0.145264
vt 0.489746 0.143799
vt 0.530518 0.129395
vt 0.518555 0.111328
vt 0.455322 0.082520
vt 0.498291 0.090576
vt 0.510986 0.085449
vt 0.500977 0.067627
vt 0.460938 0.020996
vt 0.423584 0.073730
vt 0.455322 0.020996
vt 0.463867 0.000977
vt 0.434814 0.021729
vt 0.424561 0.021240
vt 0.414551 0.072266
vt 0.414307 0.022461
vt 0.404297 0.071777
vt 0.390381 0.027832
vt 0.385010 0.070557
vt 0.352539 0.030029
vt 0.350342 0.068604
vt 0.338867 0.031982
vt 0.336670 0.065430
vt 0.324463 0.032227
vt 0.322510 0.066406
vt 0.280273 0.059570
vt 0.282471 0.030518
vt 0.265137 0.053467
vt 0.267090 0.030762
vt 0.255127 0.051758
vt 0.256836 0.030273
vt 0.512451 0.080322
vt 0.519775 0.083252
vt 0.523438 0.108154
vt 0.542236 0.085449
vt 0.521484 0.070801
vt 0.541992 0.069336
vt 0.546631 0.064941
vt 0.562256 0.070801
vt 0.563477 0.083496
vt 0.558838 0.108154
vt 0.570312 0.080566
vt 0.541992 0.108887
vt 0.548584 0.127686
vt 0.532959 0.127686
vt 0.541016 0.144531
vt 0.797363 0.724609
vt 0.797852 0.746338
vt 0.746338 0.741699
vt 0.746094 0.789795
vt 0.797852 0.797852
vt 0.701172 0.790039
vt 0.696289 0.751465
vt 0.693848 0.732422
vt 0.744629 0.720215
vt 0.793701 0.686035
vt 0.740234 0.684082
vt 0.372070 0.873535
vt 0.373535 0.889648
vt 0.370361 0.874023
vt 0.369873 0.872803
vt 0.373535 0.854980
vt 0.065918 0.191162
vt 0.066406 0.208984
vt 0.062744 0.191895
vt 0.061523 0.170166
vt 0.065918 0.168945
vt 0.061523 0.145020
vt 0.066406 0.145752
vt 0.064697 0.127441
vt 0.399658 0.552002
vt 0.421143 0.555664
vt 0.399414 0.557373
vt 0.375977 0.543457
vt 0.372314 0.553467
vt 0.359863 0.534668
vt 0.348633 0.552002
vt 0.347900 0.522461
vt 0.312744 0.530518
vt 0.320068 0.557373
vt 0.290771 0.548828
vt 0.335449 0.512451
vt 0.340820 0.512451
vt 0.003174 0.615723
vt 0.001221 0.633301
vt 0.001221 0.615723
vt 0.001709 0.594482
vt 0.436768 0.208740
vt 0.452881 0.213867
vt 0.452148 0.216797
vt 0.435303 0.213135
vt 0.416504 0.203125
vt 0.414307 0.210449
vt 0.389404 0.208740
vt 0.390137 0.197754
vt 0.369385 0.210693
vt 0.366699 0.197754
vt 0.346680 0.216797
vt 0.339111 0.203613
vt 0.994629 0.599121
vt 0.991455 0.599121
vt 0.991943 0.597900
vt 0.151611 0.583740
vt 0.152100 0.585693
vt 0.149414 0.583984
vt 0.152100 0.566406
vt 0.136963 0.250244
vt 0.135742 0.248535
vt 0.139404 0.248535
vt 0.130615 0.231445
vt 0.128906 0.231689
vt 0.134521 0.229980
vt 0.124023 0.210205
vt 0.130859 0.208008
vt 0.127441 0.182617
vt 0.116455 0.184326
vt 0.127686 0.162109
vt 0.114258 0.160645
vt 0.132568 0.137695
vt 0.118896 0.131104
vt 0.139404 0.114990
vt 0.658691 0.115479
vt 0.657715 0.131348
vt 0.655029 0.115479
vt 0.397461 0.387451
vt 0.394287 0.387939
vt 0.394287 0.366455
vt 0.167480 0.807373
vt 0.164062 0.788086
vt 0.169434 0.788086
vt 0.055420 0.489990
vt 0.052734 0.511230
vt 0.051514 0.489990
vt 0.396484 0.731201
vt 0.408447 0.708252
vt 0.411621 0.711914
vt 0.387939 0.725098
vt 0.387939 0.747803
vt 0.368896 0.739746
vt 0.384766 0.765137
vt 0.351318 0.781494
vt 0.380127 0.781982
vt 0.384521 0.778564
vt 0.342529 0.752686
vt 0.323242 0.781006
vt 0.315918 0.761963
vt 0.314453 0.752686
vt 0.296631 0.756836
vt 0.295166 0.765137
vt 0.313232 0.749756
vt 0.295166 0.752441
vt 0.336670 0.740967
vt 0.338867 0.743408
vt 0.350830 0.728760
vt 0.354004 0.731201
vt 0.366455 0.709473
vt 0.369629 0.713135
vt 0.359375 0.938477
vt 0.358643 0.960938
vt 0.354736 0.958740
vt 0.354736 0.937988
vt 0.357666 0.920654
vt 0.928955 0.421875
vt 0.934082 0.443359
vt 0.915527 0.423584
vt 0.929932 0.403076
vt 0.905273 0.405518
vt 0.934082 0.388672
vt 0.412842 0.951416
vt 0.416992 0.932617
vt 0.420654 0.934326
vt 0.416260 0.917725
vt 0.421143 0.916504
vt 0.412842 0.904541
vt 0.417725 0.903564
vt 0.425293 0.918457
vt 0.432129 0.929443
vt 0.425293 0.959473
vt 0.147461 0.240723
vt 0.142334 0.239502
vt 0.144531 0.234863
vt 0.149658 0.235840
vt 0.151123 0.206299
vt 0.156250 0.207520
vt 0.156494 0.178467
vt 0.161133 0.178223
vt 0.156738 0.156006
vt 0.161377 0.155762
vt 0.152344 0.135010
vt 0.156982 0.133545
vt 0.142334 0.116455
vt 0.146484 0.113770
vt 0.901611 0.772217
vt 0.902344 0.778076
vt 0.860596 0.794678
vt 0.880615 0.752197
vt 0.860596 0.732666
vt 0.549316 0.342529
vt 0.549316 0.362549
vt 0.530029 0.354492
vt 0.286865 0.758301
vt 0.286865 0.732178
vt 0.297607 0.739014
vt 0.244385 0.807373
vt 0.249512 0.784180
vt 0.257812 0.806396
vt 0.261230 0.779297
vt 0.259033 0.826416
vt 0.240723 0.831543
vt 0.251465 0.851807
vt 0.261230 0.848389
vt 0.243896 0.846924
vt 0.738281 0.873779
vt 0.745361 0.856689
vt 0.802734 0.873779
vt 0.758789 0.834229
vt 0.771729 0.819336
vt 0.786133 0.808105
vt 0.800781 0.803467
vt 0.581787 0.100342
vt 0.604736 0.103760
vt 0.604736 0.169434
vt 0.580811 0.109375
vt 0.661865 0.967041
vt 0.647949 0.984619
vt 0.647949 0.956787
vt 0.663818 0.301514
vt 0.665039 0.292969
vt 0.683594 0.300049
vt 0.680908 0.308350
vt 0.662842 0.305664
vt 0.699951 0.312500
vt 0.693115 0.318848
vt 0.710449 0.334473
vt 0.678955 0.310791
vt 0.691650 0.320068
vt 0.702881 0.336182
vt 0.701416 0.337402
vt 0.704102 0.362305
vt 0.712402 0.363525
vt 0.700684 0.388916
vt 0.701416 0.361816
vt 0.693115 0.383545
vt 0.694336 0.385010
vt 0.677979 0.396973
vt 0.679199 0.398438
vt 0.662842 0.401611
vt 0.683350 0.406250
vt 0.663818 0.404785
vt 0.663818 0.413086
vt 0.852295 0.226807
vt 0.854980 0.247070
vt 0.837646 0.253418
vt 0.833984 0.231445
vt 0.831543 0.208008
vt 0.851074 0.205322
vt 0.836182 0.182129
vt 0.854980 0.183105
vt 0.107666 0.948242
vt 0.104492 0.931152
vt 0.107666 0.930908
vt 0.106689 0.914307
vt 0.822266 0.302490
vt 0.828613 0.286377
vt 0.886475 0.329346
vt 0.846680 0.271240
vt 0.867188 0.260498
vt 0.886475 0.259277
vt 0.543701 0.718750
vt 0.540771 0.739258
vt 0.533203 0.723633
vt 0.552490 0.698242
vt 0.535400 0.760010
vt 0.513428 0.724121
vt 0.538330 0.688965
vt 0.515381 0.759277
vt 0.510498 0.692383
vt 0.504883 0.724365
vt 0.505127 0.758301
vt 0.500732 0.692627
vt 0.493408 0.724854
vt 0.492188 0.692871
vt 0.495117 0.758545
vt 0.471191 0.726074
vt 0.472656 0.758301
vt 0.434326 0.726807
vt 0.435547 0.759277
vt 0.469727 0.693604
vt 0.434326 0.694336
vt 0.058105 0.141602
vt 0.052246 0.139404
vt 0.064941 0.118408
vt 0.050049 0.170654
vt 0.045166 0.169678
vt 0.045410 0.201416
vt 0.051514 0.200684
vt 0.052490 0.229980
vt 0.056885 0.227295
vt 0.064941 0.247070
vt 0.942627 0.449707
vt 0.942627 0.420166
vt 0.946777 0.422607
vt 0.981445 0.627930
vt 0.979492 0.658691
vt 0.962402 0.627930
vt 0.389404 0.373535
vt 0.378174 0.394287
vt 0.378174 0.366943
vt 0.970459 0.270752
vt 0.955566 0.243652
vt 0.970459 0.235352
vt 0.419189 0.551514
vt 0.391602 0.541748
vt 0.393311 0.528564
vt 0.424072 0.539062
vt 0.453613 0.553467
vt 0.446777 0.564453
vt 0.443848 0.495361
vt 0.406006 0.479736
vt 0.468506 0.580322
vt 0.469238 0.445312
vt 0.484375 0.571289
vt 0.481689 0.510986
vt 0.513428 0.465332
vt 0.493164 0.401367
vt 0.519531 0.526367
vt 0.513672 0.574707
vt 0.540527 0.532471
vt 0.523926 0.575439
vt 0.556152 0.491211
vt 0.547607 0.533936
vt 0.532959 0.575684
vt 0.555908 0.536133
vt 0.557617 0.575195
vt 0.574463 0.538086
vt 0.593506 0.578857
vt 0.605713 0.544922
vt 0.608643 0.579834
vt 0.619873 0.548828
vt 0.622803 0.580566
vt 0.542480 0.423340
vt 0.502197 0.383545
vt 0.554199 0.407227
vt 0.518799 0.352539
vt 0.590820 0.457031
vt 0.572021 0.377686
vt 0.603760 0.441406
vt 0.622803 0.413086
vt 0.934082 0.564453
vt 0.934082 0.617432
vt 0.925781 0.569092
vt 0.945068 0.685059
vt 0.945068 0.734619
vt 0.937500 0.730713
vt 0.267090 0.645264
vt 0.256836 0.645996
vt 0.273193 0.602539
vt 0.280029 0.602295
vt 0.286621 0.643555
vt 0.292969 0.603271
vt 0.321045 0.643799
vt 0.323242 0.608398
vt 0.335693 0.642334
vt 0.338379 0.610107
vt 0.348877 0.643066
vt 0.352295 0.611816
vt 0.391602 0.645996
vt 0.394775 0.617188
vt 0.408203 0.645264
vt 0.410889 0.621094
vt 0.418701 0.645752
vt 0.421143 0.623047
vt 0.845459 0.603027
vt 0.838379 0.607910
vt 0.831787 0.566895
vt 0.836182 0.566895
vt 0.845459 0.526123
vt 0.839355 0.523682
vt 0.791748 0.572266
vt 0.783691 0.520508
vt 0.243896 0.611816
vt 0.250244 0.608398
vt 0.244141 0.647705
vt 0.239990 0.648438
vt 0.231201 0.613037
vt 0.231445 0.648926
vt 0.200684 0.615967
vt 0.229736 0.683838
vt 0.242432 0.683838
vt 0.202148 0.650391
vt 0.199707 0.683838
vt 0.185791 0.619629
vt 0.185791 0.681885
vt 0.187744 0.651123
vt 0.173340 0.652100
vt 0.171875 0.619385
vt 0.171875 0.683350
vt 0.129883 0.625000
vt 0.129395 0.681885
vt 0.131592 0.653320
vt 0.113770 0.630859
vt 0.113525 0.677734
vt 0.114258 0.654541
vt 0.103516 0.632324
vt 0.103516 0.676270
vt 0.104248 0.654541
vt 0.843750 0.615967
vt 0.865967 0.586670
vt 0.865967 0.620605
vt 0.855225 0.193848
vt 0.864014 0.161865
vt 0.870117 0.192139
vt 0.876953 0.163086
vt 0.863525 0.226318
vt 0.876953 0.223145
vt 0.924805 0.064697
vt 0.929199 0.099121
vt 0.924805 0.099854
vt 0.024658 0.529053
vt 0.030029 0.493164
vt 0.030029 0.530273
vt 0.608887 0.113281
vt 0.607422 0.100586
vt 0.650635 0.103271
vt 0.651367 0.083984
vt 0.607178 0.095215
vt 0.652344 0.075439
vt 0.651367 0.136475
vt 0.614746 0.142578
vt 0.648926 0.150635
vt 0.616211 0.156250
vt 0.651123 0.165283
vt 0.617432 0.170654
vt 0.652344 0.209229
vt 0.623779 0.212402
vt 0.648926 0.223877
vt 0.627686 0.226318
vt 0.649170 0.233643
vt 0.629150 0.235840
vt 0.001221 0.872803
vt 0.007812 0.923584
vt 0.001221 0.926025
vt 0.004883 0.158447
vt 0.007324 0.139648
vt 0.045166 0.154053
vt 0.052002 0.131104
vt 0.039795 0.189941
vt 0.007568 0.131348
vt 0.003662 0.191162
vt 0.053955 0.122559
vt 0.036865 0.203857
vt 0.007812 0.124512
vt 0.003662 0.204590
vt 0.055908 0.112549
vt 0.034180 0.218750
vt 0.007324 0.104492
vt 0.060059 0.084473
vt 0.002441 0.067871
vt 0.002441 0.219482
vt 0.034424 0.261230
vt 0.004639 0.262695
vt 0.926270 0.730469
vt 0.932373 0.734375
vt 0.926270 0.783691
vt 0.683350 0.899170
vt 0.652344 0.897949
vt 0.653076 0.883545
vt 0.623047 0.899170
vt 0.622314 0.885010
vt 0.685547 0.884766
vt 0.624268 0.843262
vt 0.652588 0.842529
vt 0.683105 0.842041
vt 0.629395 0.828369
vt 0.971924 0.185303
vt 0.971924 0.156494
vt 0.987793 0.158936
vt 0.987549 0.183350
vt 0.891357 0.932861
vt 0.876953 0.938721
vt 0.871094 0.907959
vt 0.885986 0.906738
vt 0.891357 0.884521
vt 0.986328 0.407471
vt 0.976562 0.408447
vt 0.976562 0.383057
vt 0.986328 0.383545
vt 0.430908 0.291016
vt 0.439453 0.272705
vt 0.460693 0.302490
vt 0.460693 0.267822
vt 0.719971 0.382812
vt 0.751953 0.379150
vt 0.732910 0.401611
vt 0.751953 0.413086
vt 0.952637 0.500244
vt 0.942871 0.501953
vt 0.941650 0.475830
vt 0.953125 0.475342
vt 0.951904 0.454346
vt 0.941650 0.453125
vt 0.924561 0.250244
vt 0.922363 0.225098
vt 0.951416 0.230957
vt 0.932129 0.204834
vt 0.951416 0.196533
vt 0.135742 0.713135
vt 0.156738 0.687500
vt 0.156738 0.718750
vt 0.605225 0.904785
vt 0.609619 0.920654
vt 0.579346 0.904297
vt 0.580566 0.921387
vt 0.559082 0.920410
vt 0.559326 0.903320
vt 0.581055 0.885742
vt 0.607666 0.889893
vt 0.561279 0.883789
vt 0.581299 0.867920
vt 0.606445 0.872070
vt 0.559082 0.862061
vt 0.288818 0.085693
vt 0.276855 0.067627
vt 0.280518 0.064209
vt 0.292725 0.083740
vt 0.293457 0.104492
vt 0.297607 0.105225
vt 0.292969 0.125732
vt 0.288574 0.123535
vt 0.281738 0.144043
vt 0.276855 0.141846
vt 0.622070 0.281738
vt 0.617188 0.281738
vt 0.618652 0.265625
vt 0.927490 0.668457
vt 0.929688 0.645264
vt 0.943604 0.666992
vt 0.948242 0.644531
vt 0.926758 0.623535
vt 0.946533 0.621338
vt 0.922607 0.625000
vt 0.922607 0.672852
vt 0.918213 0.200684
vt 0.918213 0.249512
vt 0.905518 0.250977
vt 0.906250 0.197510
vt 0.890381 0.253418
vt 0.892334 0.194336
vt 0.866699 0.254883
vt 0.493896 0.964111
vt 0.472656 0.963623
vt 0.493652 0.943115
vt 0.473633 0.944092
vt 0.468262 0.964111
vt 0.490479 0.921875
vt 0.474854 0.921143
vt 0.472168 0.917236
vt 0.489014 0.922607
vt 0.050781 0.020508
vt 0.046387 0.023682
vt 0.046387 0.006836
vt 0.949951 0.623779
vt 0.945068 0.596924
vt 0.949951 0.576660
vt 0.395752 0.280762
vt 0.390137 0.281738
vt 0.389404 0.264893
vt 0.395752 0.260254
vt 0.105957 0.812256
vt 0.100342 0.807373
vt 0.105957 0.786377
vt 0.940430 0.447998
vt 0.932617 0.419434
vt 0.940430 0.418213
vt 0.934326 0.396729
vt 0.483398 0.914307
vt 0.498779 0.865723
vt 0.496338 0.912598
vt 0.486084 0.862793
vt 0.466309 0.915039
vt 0.468994 0.857178
vt 0.439453 0.915039
vt 0.439453 0.853271
vt 0.245850 0.367188
vt 0.245850 0.299561
vt 0.265869 0.360352
vt 0.609375 0.538818
vt 0.570557 0.521240
vt 0.578857 0.502930
vt 0.617920 0.520752
vt 0.656494 0.562012
vt 0.665771 0.544434
vt 0.625488 0.505615
vt 0.676758 0.531006
vt 0.583740 0.484619
vt 0.593506 0.465820
vt 0.635986 0.488770
vt 0.616699 0.431396
vt 0.656738 0.454590
vt 0.688965 0.513428
vt 0.725586 0.552979
vt 0.737793 0.535400
vt 0.708008 0.479980
vt 0.668945 0.437012
vt 0.718506 0.461426
vt 0.737793 0.408936
vt 0.693604 0.399902
vt 0.929932 0.535400
vt 0.951416 0.535400
vt 0.945068 0.585693
vt 0.689209 0.064209
vt 0.696533 0.122314
vt 0.679688 0.123779
vt 0.673340 0.062500
vt 0.662354 0.125000
vt 0.696533 0.009033
vt 0.654297 0.062012
vt 0.680664 0.007324
vt 0.663330 0.004150
vt 0.636230 0.060059
vt 0.644287 0.002197
vt 0.908691 0.544678
vt 0.908691 0.603271
vt 0.881348 0.566162
vt 0.505371 0.856445
vt 0.554199 0.899658
vt 0.505371 0.915039
vt 0.956299 0.009766
vt 0.932129 0.052246
vt 0.932129 0.001953
vt 0.911377 0.510498
vt 0.930908 0.557861
vt 0.911377 0.566650
vt 0.924561 0.481201
vt 0.924561 0.535156
vt 0.918457 0.483643
vt 0.152100 0.176025
vt 0.137939 0.215332
vt 0.145264 0.175049
vt 0.145752 0.128418
vt 0.137939 0.131104
vt 0.139893 0.176025
vt 0.246582 0.084229
vt 0.217773 0.081299
vt 0.220459 0.049561
vt 0.211914 0.049805
vt 0.207520 0.081299
vt 0.240967 0.049805
vt 0.261719 0.074463
vt 0.251953 0.054443
vt 0.247559 0.033936
vt 0.240234 0.012939
vt 0.219727 0.014160
vt 0.209229 0.015625
vt 0.200195 0.049561
vt 0.199219 0.015381
vt 0.198730 0.081543
vt 0.176758 0.049072
vt 0.175293 0.081055
vt 0.138916 0.049072
vt 0.175293 0.016602
vt 0.137451 0.016602
vt 0.138672 0.081299
vt 0.124023 0.048584
vt 0.124268 0.079346
vt 0.109619 0.049072
vt 0.124023 0.018799
vt 0.109619 0.018066
vt 0.109375 0.081543
vt 0.067383 0.020020
vt 0.067627 0.048584
vt 0.066406 0.079102
vt 0.051758 0.025146
vt 0.051270 0.073975
vt 0.052979 0.047852
vt 0.041504 0.026367
vt 0.041260 0.072510
vt 0.041260 0.047607
vt 0.671143 0.141113
vt 0.656982 0.185303
vt 0.652832 0.141113
vt 0.050049 0.784424
vt 0.044678 0.785156
vt 0.055420 0.746826
vt 0.059570 0.747559
vt 0.062500 0.783691
vt 0.067871 0.747559
vt 0.050537 0.711670
vt 0.044678 0.708252
vt 0.063232 0.712402
vt 0.092041 0.714355
vt 0.094971 0.748535
vt 0.105957 0.717773
vt 0.108398 0.748779
vt 0.122070 0.749268
vt 0.119873 0.717041
vt 0.160156 0.721436
vt 0.161377 0.749512
vt 0.159180 0.778809
vt 0.118652 0.781494
vt 0.104248 0.780762
vt 0.948975 0.828369
vt 0.953125 0.786621
vt 0.953125 0.829590
vt 0.443359 0.566895
vt 0.443359 0.611084
vt 0.431641 0.607422
vt 0.577393 0.493164
vt 0.573486 0.493896
vt 0.581055 0.452881
vt 0.573486 0.448242
vt 0.198730 0.916992
vt 0.219971 0.945557
vt 0.198730 0.964111
vt 0.034668 0.984619
vt 0.001953 0.984619
vt 0.036377 0.946289
vt 0.001221 0.941895
vt 0.955078 0.087158
vt 0.975098 0.077393
vt 0.975098 0.117188
vt 0.945068 0.672852
vt 0.936035 0.721924
vt 0.936035 0.670166
vt 0.935791 0.255127
vt 0.945068 0.254395
vt 0.944824 0.307129
vt 0.916748 0.254395
vt 0.230713 0.001953
vt 0.251221 0.010254
vt 0.250488 0.014648
vt 0.272461 0.019043
vt 0.272705 0.014404
vt 0.294678 0.018799
vt 0.294678 0.014160
vt 0.323242 0.013916
vt 0.322266 0.008545
vt 0.351562 0.007080
vt 0.350342 0.001953
vt 0.816406 0.303467
vt 0.816895 0.323486
vt 0.798096 0.321533
vt 0.796875 0.302002
vt 0.815430 0.345703
vt 0.797363 0.343018
vt 0.797363 0.365723
vt 0.816895 0.368164
vt 0.796875 0.392578
vt 0.877686 0.818604
vt 0.880859 0.789795
vt 0.899170 0.796875
vt 0.896973 0.819824
vt 0.879639 0.850098
vt 0.899170 0.847656
vt 0.721924 0.699463
vt 0.704590 0.725098
vt 0.704590 0.690430
vt 0.834229 0.668457
vt 0.834229 0.704590
vt 0.819824 0.693115
vt 0.163818 0.113525
vt 0.172607 0.111816
vt 0.166748 0.131104
vt 0.175781 0.130127
vt 0.173828 0.151123
vt 0.163818 0.148926
vt 0.165283 0.177246
vt 0.039551 0.570557
vt 0.042725 0.569580
vt 0.042725 0.588867
vt 0.403809 0.359131
vt 0.399414 0.376709
vt 0.399414 0.358154
vt 0.329346 0.852783
vt 0.341797 0.866455
vt 0.301270 0.905518
vt 0.315674 0.844482
vt 0.351807 0.883057
vt 0.360840 0.905518
vt 0.423340 0.624512
vt 0.427490 0.625977
vt 0.423340 0.642822
vt 0.255371 0.627686
vt 0.258057 0.609131
vt 0.258057 0.628418
vt 0.973633 0.378418
vt 0.973633 0.408447
vt 0.963623 0.385742
vt 0.408203 0.339355
vt 0.401123 0.315918
vt 0.403809 0.315674
vt 0.411621 0.339844
vt 0.407227 0.357178
vt 0.411133 0.358154
vt 0.401123 0.379883
vt 0.406250 0.380371
vt 0.405762 0.383057
vt 0.332520 0.703369
vt 0.343018 0.707764
vt 0.332520 0.729248
vt 0.345215 0.729736
vt 0.362549 0.001953
vt 0.362549 0.026855
vt 0.348877 0.020020
vt 0.597412 0.173096
vt 0.610596 0.175049
vt 0.598145 0.191650
vt 0.616455 0.196289
vt 0.607422 0.217529
vt 0.597412 0.215088
vt 0.614746 0.212646
vt 0.617432 0.213379
vt 0.614746 0.218506
vt 0.921143 0.161377
vt 0.940430 0.161377
vt 0.923584 0.215332
vt 0.717773 0.218994
vt 0.739502 0.214111
vt 0.717773 0.283447
vt 0.740967 0.223145
vt 0.590088 0.004150
vt 0.591797 0.001709
vt 0.593750 0.011719
vt 0.590576 0.011475
vt 0.593506 0.019287
vt 0.590088 0.020508
vt 0.131348 0.687256
vt 0.136230 0.685059
vt 0.132568 0.687744
vt 0.131592 0.695557
vt 0.128418 0.695557
vt 0.130859 0.703369
vt 0.128174 0.705078
vt 0.133545 0.709229
vt 0.136230 0.707520
vt 0.589600 0.582764
vt 0.592773 0.585693
vt 0.584717 0.592529
vt 0.593750 0.592773
vt 0.593750 0.601562
vt 0.720215 0.723389
vt 0.710693 0.721436
vt 0.720215 0.715576
vt 0.720215 0.707520
vt 0.894775 0.850342
vt 0.900146 0.857178
vt 0.894775 0.910400
vt 0.907227 0.857910
vt 0.091797 0.634766
vt 0.089355 0.632812
vt 0.091797 0.627930
vt 0.832764 0.854492
vt 0.832764 0.913574
vt 0.811768 0.873535
vt 0.790527 0.893799
vt 0.789551 0.899170
vt 0.368408 0.557129
vt 0.373535 0.557861
vt 0.368408 0.562988
vt 0.373535 0.563477
vt 0.861328 0.984619
vt 0.856201 0.983643
vt 0.862793 0.973389
vt 0.857666 0.972412
vt 0.859863 0.959229
vt 0.856201 0.960449
vt 0.943604 0.602539
vt 0.936768 0.614258
vt 0.936768 0.567871
vt 0.836182 0.881836
vt 0.865967 0.900879
vt 0.839844 0.895264
vt 0.855225 0.918213
vt 0.840576 0.914307
vt 0.836182 0.937256
vt 0.577881 0.104492
vt 0.577881 0.123535
vt 0.574463 0.105957
vt 0.689453 0.572510
vt 0.676270 0.572998
vt 0.690186 0.540771
vt 0.676270 0.538086
vt 0.940674 0.506836
vt 0.971924 0.504150
vt 0.971924 0.546143
vt 0.845703 0.547363
vt 0.895996 0.548096
vt 0.875488 0.569092
vt 0.840332 0.560303
vt 0.866455 0.579834
vt 0.895996 0.595459
vt 0.885742 0.604736
vt 0.875732 0.614258
vt 0.935791 0.866211
vt 0.956299 0.846436
vt 0.956299 0.894531
vt 0.900879 0.429199
vt 0.892822 0.458984
vt 0.886719 0.425049
vt 0.900879 0.398926
vt 0.852051 0.772217
vt 0.816162 0.778809
vt 0.818848 0.766113
vt 0.858154 0.730713
vt 0.830078 0.725830
vt 0.856689 0.714600
vt 0.835693 0.710205
vt 0.806396 0.714111
vt 0.816895 0.699951
vt 0.858154 0.704834
vt 0.838379 0.700684
vt 0.845459 0.471680
vt 0.876953 0.472656
vt 0.847412 0.513184
vt 0.876953 0.515625
vt 0.849609 0.530029
vt 0.874756 0.531738
vt 0.873779 0.541504
vt 0.849854 0.539795
vt 0.679688 0.943604
vt 0.661133 0.953125
vt 0.661133 0.916016
vt 0.690186 0.920654
vt 0.689941 0.900635
vt 0.815430 0.949951
vt 0.798828 0.939697
vt 0.815430 0.912842
vt 0.786377 0.919922
vt 0.784180 0.899658
vt 0.957031 0.958984
vt 0.947998 0.960938
vt 0.949951 0.937012
vt 0.959473 0.936523
vt 0.957520 0.914551
vt 0.947998 0.913818
vt 0.362549 0.989502
vt 0.345703 0.989502
vt 0.361084 0.966064
vt 0.345703 0.960938
vt 0.299316 0.946289
vt 0.299316 0.979980
vt 0.277100 0.974121
vt 0.268555 0.954346
vt 0.857178 0.079834
vt 0.878174 0.079834
vt 0.878174 0.090088
vt 0.855713 0.089844
vt 0.880127 0.107178
vt 0.853760 0.106934
vt 0.876953 0.148926
vt 0.847656 0.148438
vt 0.828125 0.098145
vt 0.835938 0.083252
vt 0.945068 0.963623
vt 0.954590 0.963379
vt 0.954590 0.985107
vt 0.945068 0.986328
vt 0.918945 0.351807
vt 0.918213 0.312256
vt 0.947266 0.312012
vt 0.953125 0.351807
vt 0.951416 0.365723
vt 0.918213 0.365479
vt 0.029053 0.643555
vt 0.042725 0.644531
vt 0.029541 0.676025
vt 0.042725 0.676025
vt 0.593750 0.219727
vt 0.589111 0.219971
vt 0.589111 0.200928
vt 0.593750 0.200928
vt 0.104492 0.592041
vt 0.099854 0.592041
vt 0.099854 0.559326
vt 0.103271 0.559570
vt 0.723389 0.066162
vt 0.718262 0.098145
vt 0.715820 0.066162
vt 0.163818 0.747314
vt 0.163330 0.739502
vt 0.166992 0.746826
vt 0.167725 0.739502
vt 0.710693 0.958252
vt 0.710693 0.926270
vt 0.717773 0.927246
vt 0.722168 0.926270
vt 0.717285 0.911133
vt 0.721680 0.911865
vt 0.729736 0.959473
vt 0.729248 0.927246
vt 0.096680 0.583740
vt 0.092041 0.584229
vt 0.092041 0.551270
vt 0.239014 0.437012
vt 0.219971 0.437012
vt 0.230225 0.404053
vt 0.221191 0.404785
vt 0.953125 0.416260
vt 0.946777 0.384277
vt 0.950684 0.385742
vt 0.953125 0.370117
vt 0.438477 0.933838
vt 0.438477 0.965820
vt 0.434326 0.933838
vt 0.451904 0.573730
vt 0.456055 0.574951
vt 0.451904 0.582520
vt 0.455078 0.582275
vt 0.443359 0.002686
vt 0.447998 0.019043
vt 0.443359 0.019043
vt 0.447998 0.002441
vt 0.045898 0.747314
vt 0.045898 0.763184
vt 0.041748 0.749023
vt 0.991699 0.334229
vt 0.991455 0.329834
vt 0.996094 0.334229
vt 0.996094 0.329834
vt 0.658691 0.431641
vt 0.657471 0.446289
vt 0.654053 0.446533
vt 0.654053 0.431152
vt 0.996582 0.014404
vt 0.993896 0.010986
vt 0.997314 0.010498
vt 0.991455 0.014404
vt 0.577393 0.705078
vt 0.573730 0.706055
vt 0.573730 0.691406
vt 0.577881 0.691650
vt 0.158203 0.110596
vt 0.158203 0.125000
vt 0.155273 0.110840
vt 0.155029 0.124023
vt 0.032959 0.059570
vt 0.032715 0.046387
vt 0.038086 0.060059
vt 0.038086 0.045654
vt 0.338867 0.561279
vt 0.334717 0.562012
vt 0.335205 0.558838
vt 0.338867 0.556152
vt 0.732910 0.506104
vt 0.728516 0.506592
vt 0.728516 0.492676
vt 0.732910 0.493164
vt 0.047607 0.257568
vt 0.053955 0.253906
vt 0.055420 0.256836
vt 0.046143 0.254883
vt 0.041260 0.262695
vt 0.041260 0.197754
vt 0.356201 0.467773
vt 0.350830 0.473389
vt 0.350830 0.452393
vt 0.040039 0.535889
vt 0.044434 0.528809
vt 0.042969 0.536621
vt 0.040039 0.544189
vt 0.041504 0.544189
vt 0.044434 0.548096
vt 0.041504 0.549316
vt 0.750244 0.332031
vt 0.755127 0.326904
vt 0.755127 0.341797
vt 0.745361 0.337158
vt 0.744141 0.342041
vt 0.165771 0.400635
vt 0.165771 0.391113
vt 0.167725 0.393311
vt 0.483398 0.042725
vt 0.493896 0.043213
vt 0.487793 0.048584
vt 0.493896 0.055420
vt 0.248535 0.663818
vt 0.248291 0.670898
vt 0.245117 0.670898
vt 0.246582 0.677734
vt 0.248535 0.679199
vt 0.380371 0.001709
vt 0.387695 0.003418
vt 0.384766 0.009521
vt 0.387939 0.010254
vt 0.380371 0.023682
vt 0.173584 0.608154
vt 0.175781 0.614746
vt 0.173584 0.615723
vt 0.848633 0.395508
vt 0.835449 0.381836
vt 0.843262 0.379395
vt 0.840820 0.397949
vt 0.824951 0.383789
vt 0.831299 0.398926
vt 0.820557 0.361572
vt 0.832031 0.358643
vt 0.818115 0.339844
vt 0.841797 0.356201
vt 0.831055 0.335938
vt 0.843994 0.334717
vt 0.848633 0.319092
vt 0.770996 0.464355
vt 0.773926 0.445557
vt 0.780273 0.482422
vt 0.786865 0.427246
vt 0.799072 0.496826
vt 0.803955 0.415283
vt 0.819336 0.504150
vt 0.819092 0.409668
vt 0.835938 0.506592
vt 0.835938 0.409912
vt 0.224121 0.965576
vt 0.222900 0.944824
vt 0.230713 0.944824
vt 0.231934 0.965820
vt 0.223389 0.924316
vt 0.214111 0.924316
vt 0.234375 0.924316
vt 0.161377 0.952148
vt 0.142578 0.960938
vt 0.139160 0.951904
vt 0.117920 0.956543
vt 0.157959 0.943848
vt 0.117188 0.942383
vt 0.135254 0.938965
vt 0.115479 0.928711
vt 0.150635 0.931885
vt 0.161377 0.922363
vt 0.129395 0.925537
vt 0.123047 0.914307
vt 0.141602 0.918945
vt 0.133301 0.908936
vt 0.729004 0.860352
vt 0.707520 0.867432
vt 0.722168 0.849121
vt 0.689209 0.867432
vt 0.704102 0.855469
vt 0.738525 0.837891
vt 0.746826 0.847900
vt 0.717041 0.836670
vt 0.731445 0.827637
vt 0.738037 0.815918
vt 0.747314 0.821777
vt 0.703125 0.840820
vt 0.689209 0.854736
vt 0.691162 0.839355
vt 0.694824 0.825684
vt 0.704346 0.826416
vt 0.715332 0.824219
vt 0.706299 0.814941
vt 0.699463 0.813232
vt 0.701172 0.809326
vt 0.707031 0.809082
vt 0.715088 0.813721
vt 0.714600 0.809326
vt 0.721924 0.809326
vt 0.725586 0.819092
vt 0.723633 0.812744
vt 0.727051 0.809082
vt 0.732422 0.811768
vt 0.741455 0.803223
vt 0.728271 0.809326
vt 0.733887 0.804688
vt 0.734863 0.794434
vt 0.729736 0.794678
vt 0.729736 0.806641
vt 0.725342 0.799805
vt 0.723389 0.805176
vt 0.728027 0.807617
vt 0.717529 0.802490
vt 0.719971 0.797119
vt 0.722900 0.808105
vt 0.726807 0.807373
vt 0.726562 0.808838
vt 0.722412 0.809326
vt 0.716064 0.809570
vt 0.715576 0.808105
vt 0.710693 0.801025
vt 0.708252 0.806396
vt 0.208008 0.710938
vt 0.212158 0.696533
vt 0.228516 0.699463
vt 0.227295 0.716309
vt 0.247070 0.729736
vt 0.228760 0.735840
vt 0.247559 0.715332
vt 0.231201 0.688232
vt 0.243408 0.687744
vt 0.252197 0.681152
vt 0.254639 0.685059
vt 0.247559 0.697754
vt 0.264404 0.711426
vt 0.251953 0.727539
vt 0.249023 0.737061
vt 0.260010 0.734131
vt 0.261475 0.723877
vt 0.260986 0.695068
vt 0.268555 0.722656
vt 0.280029 0.700439
vt 0.270264 0.684814
vt 0.290039 0.689697
vt 0.293213 0.724365
vt 0.274658 0.729248
vt 0.272705 0.737793
vt 0.299316 0.695068
vt 0.311768 0.717285
vt 0.313232 0.682129
vt 0.296387 0.670166
vt 0.327637 0.708008
vt 0.320557 0.737793
vt 0.740967 0.093262
vt 0.753418 0.097168
vt 0.753662 0.118896
vt 0.736572 0.118896
vt 0.722412 0.101807
vt 0.710693 0.114990
vt 0.743164 0.139160
vt 0.738525 0.138184
vt 0.735107 0.139893
vt 0.720947 0.130615
vt 0.696533 0.126221
vt 0.730957 0.147949
vt 0.705322 0.142578
vt 0.680420 0.135498
vt 0.687500 0.147705
vt 0.713135 0.162354
vt 0.731689 0.158447
vt 0.688232 0.152100
vt 0.738281 0.166504
vt 0.698486 0.172607
vt 0.723389 0.187500
vt 0.710449 0.195312
vt 0.750244 0.189209
vt 0.728027 0.212158
vt 0.753662 0.208252
vt 0.728760 0.373535
vt 0.728516 0.353760
vt 0.741211 0.354004
vt 0.725342 0.337402
vt 0.738281 0.375244
vt 0.753662 0.355713
vt 0.749268 0.376709
vt 0.742432 0.325439
vt 0.717041 0.320801
vt 0.729736 0.309326
vt 0.705078 0.308105
vt 0.745117 0.305664
vt 0.716797 0.295654
vt 0.742920 0.296875
vt 0.728271 0.279053
vt 0.745850 0.286621
vt 0.753662 0.281494
vt 0.743164 0.259766
vt 0.443359 0.667480
vt 0.426270 0.680176
vt 0.420654 0.666016
vt 0.435547 0.655518
vt 0.413330 0.656250
vt 0.425781 0.645752
vt 0.399902 0.659180
vt 0.406250 0.648926
vt 0.396973 0.653564
vt 0.386230 0.659668
vt 0.402344 0.670654
vt 0.404541 0.687500
vt 0.431152 0.692383
vt 0.406250 0.706055
vt 0.385254 0.701660
vt 0.383057 0.687744
vt 0.381592 0.670410
vt 0.376221 0.657227
vt 0.378662 0.653076
vt 0.371582 0.659424
vt 0.364258 0.685059
vt 0.379639 0.699951
vt 0.383545 0.709229
vt 0.366699 0.668701
vt 0.368652 0.697021
vt 0.370850 0.707275
vt 0.379883 0.715576
vt 0.361572 0.699463
vt 0.357910 0.705811
vt 0.360352 0.696777
vt 0.345215 0.676025
vt 0.355713 0.659424
vt 0.334717 0.699951
vt 0.354980 0.703369
vt 0.358643 0.711426
vt 0.324707 0.671875
vt 0.338135 0.658447
vt 0.351074 0.649902
vt 0.312744 0.658691
vt 0.329590 0.645752
vt 0.372070 0.655762
vt 0.373535 0.654053
vt 0.367920 0.656738
vt 0.367432 0.660400
vt 0.362549 0.653809
vt 0.361084 0.655273
vt 0.357178 0.650146
vt 0.359131 0.649170
vt 0.087402 0.908203
vt 0.072510 0.911865
vt 0.078613 0.901611
vt 0.063232 0.897217
vt 0.090332 0.896484
vt 0.098877 0.909668
vt 0.098877 0.896973
vt 0.099121 0.892578
vt 0.091797 0.890869
vt 0.083008 0.891846
vt 0.071045 0.892822
vt 0.075439 0.887207
vt 0.078369 0.884766
vt 0.073975 0.882324
vt 0.067871 0.882812
vt 0.072510 0.882324
vt 0.069336 0.875244
vt 0.063232 0.870605
vt 0.072510 0.879150
vt 0.072266 0.865479
vt 0.078613 0.875244
vt 0.078369 0.880615
vt 0.084473 0.880859
vt 0.078369 0.868164
vt 0.078125 0.864014
vt 0.084473 0.874756
vt 0.091797 0.881592
vt 0.084473 0.886475
vt 0.091797 0.887695
vt 0.098877 0.883301
vt 0.098877 0.887451
vt 0.104492 0.887207
vt 0.104492 0.881104
vt 0.098877 0.876953
vt 0.103027 0.876709
vt 0.093262 0.877197
vt 0.088623 0.874512
vt 0.087158 0.872559
vt 0.084229 0.869629
vt 0.087158 0.870361
vt 0.088623 0.867188
vt 0.083984 0.863525
vt 0.089600 0.861084
vt 0.089600 0.859131
vt 0.083496 0.860840
vt 0.091064 0.854736
vt 0.077881 0.862061
vt 0.073486 0.860352
vt 0.072510 0.850342
vt 0.215332 0.423828
vt 0.215332 0.440186
vt 0.208984 0.432129
vt 0.354736 0.720215
vt 0.346924 0.726562
vt 0.346924 0.711182
vt 0.270264 0.355469
vt 0.270752 0.363037
vt 0.268066 0.362061
vt 0.268066 0.368164
vt 0.270752 0.368896
vt 0.234375 0.404053
vt 0.234375 0.409912
vt 0.233154 0.404785
vt 0.005127 0.670654
vt 0.003418 0.663818
vt 0.006104 0.665039
vt 0.006348 0.657471
vt 0.006348 0.671143
vt 0.059814 0.119141
vt 0.059326 0.114014
vt 0.061768 0.118408
vt 0.059326 0.120361
vt 0.061035 0.119629
vt 0.991455 0.622803
vt 0.993408 0.622803
vt 0.993408 0.624023
vt 0.991699 0.626221
vt 0.993164 0.626221
vt 0.991455 0.627441
vt 0.992920 0.627441
vt 0.994629 0.577881
vt 0.992676 0.579346
vt 0.991455 0.577881
vt 0.996826 0.220459
vt 0.995850 0.221191
vt 0.991455 0.220459
vt 0.433594 0.686768
vt 0.432129 0.681641
vt 0.440918 0.685791
vt 0.437012 0.679932
vt 0.444092 0.683105
vt 0.444824 0.688721
vt 0.442627 0.677979
vt 0.437744 0.675537
vt 0.435303 0.677734
vt 0.442871 0.672119
vt 0.444824 0.671387
vt 0.219971 0.343506
vt 0.217041 0.340332
vt 0.219971 0.335205
vt 0.650391 0.647461
vt 0.652100 0.640137
vt 0.654297 0.644531
vt 0.655518 0.640137
vt 0.653564 0.633057
vt 0.650391 0.632568
vt 0.991455 0.452637
vt 0.995850 0.451416
vt 0.995850 0.452881
vt 0.303467 0.085449
vt 0.301514 0.078369
vt 0.304688 0.085449
vt 0.307129 0.076660
vt 0.297363 0.065674
vt 0.298340 0.077881
vt 0.307129 0.066406
vt 0.790771 0.421143
vt 0.783691 0.421143
vt 0.788574 0.409180
vt 0.799072 0.412354
vt 0.801025 0.403809
vt 0.796875 0.397461
vt 0.789795 0.397461
vt 0.783447 0.402344
vt 0.787598 0.394775
vt 0.428955 0.820068
vt 0.412842 0.812744
vt 0.428955 0.724365
vt 0.397705 0.799072
vt 0.389893 0.776123
vt 0.413330 0.726074
vt 0.399658 0.735107
vt 0.389648 0.751465
vt 0.176025 0.727539
vt 0.188477 0.731689
vt 0.169434 0.750977
vt 0.179932 0.755127
vt 0.191406 0.735840
vt 0.200928 0.716797
vt 0.184082 0.756348
vt 0.180908 0.778809
vt 0.210449 0.741455
vt 0.204102 0.763672
vt 0.232178 0.749268
vt 0.224854 0.771240
vt 0.256104 0.752930
vt 0.239502 0.734619
vt 0.251465 0.778809
vt 0.281738 0.765137
vt 0.983154 0.015137
vt 0.977539 0.025391
vt 0.978516 0.013916
vt 0.980713 0.002441
vt 0.977539 0.005371
vt 0.582520 0.219482
vt 0.572998 0.219971
vt 0.574219 0.207275
vt 0.582520 0.209473
vt 0.578613 0.199951
vt 0.582520 0.200928
vt 0.296143 0.010986
vt 0.291748 0.010986
vt 0.296143 0.000977
vt 0.292236 0.002686
vt 0.137695 0.201172
vt 0.134521 0.207275
vt 0.134521 0.198486
vt 0.289795 0.531982
vt 0.292969 0.540039
vt 0.289795 0.541504
vt 0.022217 0.069580
vt 0.018066 0.069580
vt 0.021729 0.061279
vt 0.654541 0.940186
vt 0.655518 0.954590
vt 0.643555 0.944336
vt 0.640869 0.948730
vt 0.645508 0.940186
vt 0.637695 0.945801
vt 0.632568 0.948486
vt 0.648438 0.927490
vt 0.639648 0.944336
vt 0.641846 0.940186
vt 0.641357 0.933105
vt 0.639893 0.934326
vt 0.633301 0.947021
vt 0.628418 0.945312
vt 0.636963 0.928711
vt 0.635498 0.929932
vt 0.631104 0.928467
vt 0.625488 0.929688
vt 0.639648 0.921631
vt 0.655518 0.907227
vt 0.634521 0.901123
vt 0.631348 0.925537
vt 0.628906 0.918457
vt 0.624268 0.926758
vt 0.625488 0.928223
vt 0.618652 0.929443
vt 0.621582 0.932373
vt 0.615723 0.916504
vt 0.617676 0.937988
vt 0.615479 0.929199
vt 0.615234 0.937744
vt 0.396973 0.319580
vt 0.400635 0.323975
vt 0.398438 0.323975
vt 0.396973 0.329346
vt 0.707764 0.315430
vt 0.707764 0.321289
vt 0.705078 0.316162
vt 0.991455 0.322266
vt 0.992676 0.319336
vt 0.996338 0.322266
vt 0.667725 0.347412
vt 0.669678 0.346680
vt 0.668945 0.353027
vt 0.667725 0.341309
vt 0.669678 0.340820
vt 0.012695 0.008057
vt 0.010742 0.012695
vt 0.010742 0.007080
vt 0.010742 0.002441
vt 0.661865 0.136230
vt 0.660156 0.130615
vt 0.661865 0.130127
vt 0.508057 0.361328
vt 0.509766 0.362305
vt 0.508057 0.367188
vt 0.016357 0.000977
vt 0.019043 0.006348
vt 0.016357 0.007812
vt 0.721924 0.213623
vt 0.716797 0.209717
vt 0.717285 0.205322
vt 0.715332 0.205078
vt 0.719238 0.201416
vt 0.717773 0.199707
vt 0.721924 0.197754
vt 0.733398 0.437744
vt 0.734619 0.442871
vt 0.733398 0.444336
vt 0.730225 0.437744
vt 0.730225 0.449707
vt 0.218506 0.414795
vt 0.212891 0.406494
vt 0.214844 0.402832
vt 0.218506 0.399170
vt 0.495605 0.005859
vt 0.493164 0.007812
vt 0.493164 0.001465
vt 0.224854 0.725342
vt 0.217041 0.732910
vt 0.219971 0.727783
vt 0.219727 0.723633
vt 0.223877 0.722656
vt 0.222656 0.718506
vt 0.217041 0.718506
vt 0.425781 0.017334
vt 0.419678 0.017334
vt 0.419189 0.014648
vt 0.424805 0.011963
vt 0.415039 0.015381
vt 0.416504 0.016602
vt 0.413330 0.017090
vt 0.417969 0.009277
vt 0.414551 0.009521
vt 0.414551 0.005127
vt 0.423584 0.006348
vt 0.417969 0.004639
vt 0.421875 0.003906
vt 0.420166 0.001221
vt 0.425049 0.001221
vt 0.433350 0.348145
vt 0.433350 0.342529
vt 0.437744 0.348145
vt 0.437744 0.342529
vt 0.443359 0.348389
vt 0.443359 0.342529
vt 0.433350 0.336914
vt 0.443359 0.336914
vt 0.437744 0.336914
vt 0.437500 0.332764
vt 0.994629 0.284180
vt 0.991455 0.283447
vt 0.996582 0.283447
vt 0.672119 0.251953
vt 0.674316 0.251221
vt 0.674316 0.253662
vt 0.672119 0.254395
vt 0.672119 0.259521
vt 0.665527 0.130127
vt 0.664062 0.128174
vt 0.666504 0.127441
vt 0.666504 0.136230
vt 0.348633 0.182861
vt 0.349609 0.185059
vt 0.346436 0.188232
vt 0.350586 0.191162
vt 0.353027 0.188965
vt 0.353027 0.194580
vt 0.344971 0.192627
vt 0.349854 0.197754
vt 0.348389 0.194580
vt 0.344971 0.196289
vt 0.346436 0.199463
vt 0.250244 0.261230
vt 0.246094 0.259277
vt 0.250244 0.251221
vt 0.329834 0.079102
vt 0.329834 0.069092
vt 0.333984 0.073730
vt 0.656982 0.192871
vt 0.654541 0.196289
vt 0.654541 0.189453
vt 0.192383 0.695068
vt 0.192139 0.691162
vt 0.196533 0.694824
vt 0.197998 0.691162
vt 0.192139 0.686768
vt 0.197998 0.686768
vt 0.763428 0.476074
vt 0.758789 0.479736
vt 0.759277 0.475586
vt 0.759521 0.469971
vt 0.762695 0.469971
vt 0.758789 0.465088
vt 0.767822 0.476074
vt 0.766846 0.470459
vt 0.763428 0.465332
vt 0.767334 0.467041
vt 0.731689 0.522461
vt 0.729248 0.519043
vt 0.732910 0.517334
vt 0.727783 0.513428
vt 0.730469 0.511963
vt 0.732910 0.510742
vt 0.437012 0.224609
vt 0.431641 0.224854
vt 0.437012 0.218750
vt 0.431641 0.218994
vt 0.427979 0.223877
vt 0.427979 0.218018
vt 0.430908 0.215332
vt 0.721680 0.347412
vt 0.719971 0.349854
vt 0.718262 0.346191
vt 0.714600 0.349854
vt 0.723389 0.344727
vt 0.714355 0.346191
vt 0.718506 0.341553
vt 0.714355 0.341553
vt 0.714600 0.335938
vt 0.719238 0.336426
vt 0.719482 0.333984
vt 0.716309 0.334473
vt 0.351562 0.012695
vt 0.348877 0.015869
vt 0.348877 0.010010
vt 0.293457 0.648682
vt 0.294434 0.653809
vt 0.292236 0.650391
vt 0.290527 0.649414
vt 0.291992 0.647705
vt 0.294434 0.646729
vt 0.274170 0.125977
vt 0.274170 0.120361
vt 0.280273 0.121826
vt 0.280273 0.127197
vt 0.274170 0.131348
vt 0.280273 0.129883
vt 0.020752 0.045166
vt 0.022217 0.051025
vt 0.020752 0.056885
vt 0.991943 0.227783
vt 0.991455 0.226074
vt 0.996826 0.226074
vt 0.991455 0.208008
vt 0.993896 0.206299
vt 0.996826 0.208008
vt 0.552490 0.730713
vt 0.552490 0.736084
vt 0.549805 0.730957
vt 0.552490 0.724121
vt 0.550781 0.723633
vt 0.551514 0.716553
vt 0.549805 0.716064
vt 0.551514 0.709717
vt 0.550293 0.709717
vt 0.437500 0.627930
vt 0.438232 0.621826
vt 0.439209 0.627930
vt 0.440186 0.633301
vt 0.440186 0.621826
vt 0.439941 0.614990
vt 0.708252 0.214111
vt 0.713867 0.214111
vt 0.712158 0.219971
vt 0.167725 0.433105
vt 0.165039 0.433838
vt 0.165039 0.426514
vt 0.167725 0.425781
vt 0.397461 0.494141
vt 0.397461 0.503418
vt 0.394043 0.500977
vt 0.385254 0.655518
vt 0.385254 0.647705
vt 0.387939 0.654297
vt 0.340332 0.475586
vt 0.336670 0.478027
vt 0.336670 0.470703
vt 0.959473 0.080811
vt 0.956055 0.074463
vt 0.958496 0.073242
vt 0.957031 0.067383
vt 0.958252 0.066650
vt 0.959473 0.062744
vt 0.957520 0.062256
vt 0.956787 0.061035
vt 0.958740 0.061523
vt 0.994141 0.590088
vt 0.994629 0.592041
vt 0.992676 0.590332
vt 0.991455 0.592041
vt 0.992920 0.630859
vt 0.991455 0.630859
vt 0.991699 0.629639
vt 0.993164 0.629639
vt 0.992676 0.313477
vt 0.991455 0.312500
vt 0.996582 0.312500
vt 0.080811 0.010986
vt 0.082275 0.016113
vt 0.080811 0.017334
vt 0.993408 0.458740
vt 0.991455 0.454834
vt 0.994385 0.454834
vt 0.994629 0.458740
vt 0.995605 0.454834
vt 0.611084 0.590576
vt 0.608887 0.588867
vt 0.611084 0.582764
vt 0.165039 0.408447
vt 0.167725 0.405029
vt 0.167725 0.413086
vt 0.273926 0.368652
vt 0.273926 0.376709
vt 0.271240 0.373535
vt 0.345215 0.473389
vt 0.341797 0.469971
vt 0.345215 0.459961
vt 0.598389 0.494385
vt 0.598389 0.508301
vt 0.587891 0.499512
vt 0.978760 0.051270
vt 0.975830 0.061768
vt 0.974854 0.053223
vt 0.962402 0.055664
vt 0.967529 0.049316
vt 0.963135 0.044434
vt 0.956055 0.047119
vt 0.960693 0.038574
vt 0.953369 0.036133
vt 0.962402 0.031494
vt 0.965332 0.025635
vt 0.953369 0.020996
vt 0.965576 0.020996
vt 0.973633 0.021240
vt 0.968262 0.028809
vt 0.973145 0.025146
vt 0.963623 0.032715
vt 0.965088 0.032715
vt 0.961670 0.038086
vt 0.969727 0.030518
vt 0.973633 0.027588
vt 0.974121 0.029297
vt 0.979980 0.036133
vt 0.963379 0.038574
vt 0.964111 0.043945
vt 0.964600 0.042969
vt 0.968750 0.047607
vt 0.101318 0.674316
vt 0.099609 0.668945
vt 0.101318 0.668213
vt 0.110840 0.435303
vt 0.108887 0.435303
vt 0.109619 0.429199
vt 0.107666 0.429199
vt 0.110840 0.423828
vt 0.109619 0.422363
vt 0.991455 0.266113
vt 0.996826 0.266113
vt 0.992920 0.267578
vt 0.908691 0.972656
vt 0.908691 0.983154
vt 0.889893 0.974121
vt 0.889160 0.956787
vt 0.907959 0.956787
vt 0.907959 0.943115
vt 0.889160 0.941650
vt 0.868408 0.958008
vt 0.869629 0.976807
vt 0.868652 0.941650
vt 0.726562 0.096436
vt 0.722900 0.096680
vt 0.722900 0.087891
vt 0.704590 0.398926
vt 0.700928 0.394287
vt 0.702881 0.393799
vt 0.704102 0.394287
vt 0.704590 0.388672
vt 0.390869 0.523926
vt 0.390869 0.517578
vt 0.392578 0.518311
vt 0.879883 0.335205
vt 0.897461 0.334473
vt 0.893066 0.366943
vt 0.915039 0.340088
vt 0.875977 0.364746
vt 0.911133 0.369629
vt 0.887939 0.395752
vt 0.915039 0.395508
vt 0.847900 0.642822
vt 0.871094 0.625977
vt 0.880127 0.642822
vt 0.860352 0.657227
vt 0.840088 0.673584
vt 0.872070 0.672607
vt 0.855469 0.693848
vt 0.880127 0.695068
vt 0.535645 0.971924
vt 0.562012 0.972168
vt 0.535645 0.999023
vt 0.626709 0.587402
vt 0.626709 0.550293
vt 0.641113 0.569580
vt 0.811279 0.210938
vt 0.817139 0.188232
vt 0.828369 0.211914
vt 0.811279 0.236328
vt 0.831543 0.238770
vt 0.787598 0.235840
vt 0.787842 0.211670
vt 0.788330 0.260010
vt 0.811768 0.259033
vt 0.832764 0.260254
vt 0.812988 0.263428
vt 0.787598 0.264160
vt 0.788086 0.276855
vt 0.812744 0.277588
vt 0.832520 0.278564
vt 0.542236 0.220703
vt 0.543701 0.210693
vt 0.552490 0.208984
vt 0.552002 0.221680
vt 0.546631 0.201416
vt 0.542236 0.202148
vt 0.354492 0.867188
vt 0.364014 0.867188
vt 0.355225 0.877686
vt 0.360596 0.879639
vt 0.356201 0.886475
vt 0.357666 0.886475
vt 0.392334 0.478027
vt 0.392334 0.457031
vt 0.395752 0.458740
vt 0.991455 0.391602
vt 0.995605 0.390381
vt 0.996094 0.391602
vt 0.133545 0.177734
vt 0.132324 0.170410
vt 0.136475 0.176025
vt 0.136230 0.180420
vt 0.140869 0.180664
vt 0.132324 0.197998
vt 0.487549 0.367188
vt 0.487549 0.354004
vt 0.490234 0.365967
vt 0.492432 0.354004
vt 0.148682 0.112549
vt 0.152100 0.111572
vt 0.152100 0.118652
vt 0.265869 0.066162
vt 0.261719 0.068115
vt 0.261719 0.056641
vt 0.265381 0.058350
vt 0.986328 0.612061
vt 0.977783 0.620605
vt 0.976074 0.609863
vt 0.979492 0.602051
vt 0.986328 0.597900
vt 0.294434 0.074463
vt 0.290527 0.074463
vt 0.290771 0.064453
vt 0.039551 0.492676
vt 0.036865 0.500244
vt 0.036865 0.489502
vt 0.571533 0.588867
vt 0.568115 0.582520
vt 0.571533 0.579834
vt 0.272217 0.021240
vt 0.269531 0.028564
vt 0.268799 0.021240
vt 0.728271 0.273926
vt 0.725586 0.272217
vt 0.728271 0.263428
vt 0.123535 0.376953
vt 0.123535 0.386230
vt 0.119629 0.384277
vt 0.126709 0.233154
vt 0.121826 0.231445
vt 0.121338 0.226074
vt 0.126221 0.237305
vt 0.121338 0.237549
vt 0.221680 0.969971
vt 0.226318 0.976807
vt 0.221436 0.976318
vt 0.224854 0.984375
vt 0.218506 0.982666
vt 0.216553 0.979004
vt 0.214111 0.984619
vt 0.212646 0.980957
vt 0.212646 0.975830
vt 0.217773 0.975098
vt 0.214844 0.969971
vt 0.219727 0.960938
vt 0.212891 0.963135
vt 0.212646 0.956055
vt 0.219238 0.955811
vt 0.524414 0.344238
vt 0.528564 0.342285
vt 0.530273 0.346680
vt 0.525146 0.347168
vt 0.530273 0.351074
vt 0.524414 0.351562
vt 0.336426 0.025635
vt 0.339844 0.021240
vt 0.341064 0.024170
vt 0.340820 0.028320
vt 0.345215 0.028564
vt 0.344971 0.022705
vt 0.345215 0.019287
vt 0.336914 0.018066
vt 0.342773 0.014404
vt 0.842285 0.519287
vt 0.837402 0.515625
vt 0.840332 0.512695
vt 0.835693 0.512695
vt 0.843750 0.514893
vt 0.839844 0.507812
vt 0.843750 0.507080
vt 0.839844 0.503662
vt 0.843750 0.500977
vt 0.839600 0.498291
vt 0.843506 0.495605
vt 0.642090 0.283447
vt 0.641357 0.277832
vt 0.647461 0.279541
vt 0.647461 0.274902
vt 0.640869 0.272949
vt 0.647461 0.269287
vt 0.641113 0.269775
vt 0.645752 0.265137
vt 0.360840 0.740723
vt 0.353760 0.740967
vt 0.354492 0.735840
vt 0.360352 0.735596
vt 0.360840 0.732422
vt 0.289795 0.507080
vt 0.292969 0.513184
vt 0.289795 0.516113
vt 0.068115 0.539795
vt 0.064697 0.536621
vt 0.068115 0.533936
vt 0.837402 0.317627
vt 0.833008 0.320557
vt 0.833252 0.317139
vt 0.828613 0.314209
vt 0.832275 0.311768
vt 0.828369 0.307373
vt 0.828369 0.322998
vt 0.824951 0.316162
vt 0.825195 0.307617
vt 0.820312 0.308838
vt 0.820557 0.315186
vt 0.824463 0.323730
vt 0.829834 0.330811
vt 0.824707 0.330811
vt 0.820312 0.329834
vt 0.517578 0.077637
vt 0.514404 0.074707
vt 0.517578 0.070068
vt 0.068115 0.233887
vt 0.065674 0.240723
vt 0.064697 0.233154
vt 0.066650 0.227539
vt 0.063965 0.225830
vt 0.060303 0.226074
vt 0.067871 0.222168
vt 0.061768 0.220947
vt 0.058350 0.220215
vt 0.066650 0.218262
vt 0.063965 0.216553
vt 0.068115 0.215332
vt 0.549316 0.006104
vt 0.549072 0.010986
vt 0.542725 0.005615
vt 0.542480 0.010498
vt 0.549316 0.001465
vt 0.542480 0.001465
vt 0.991455 0.242676
vt 0.996582 0.242676
vt 0.993408 0.247070
vt 0.368408 0.261230
vt 0.365723 0.256836
vt 0.368408 0.256836
vt 0.372314 0.261230
vt 0.368164 0.251709
vt 0.364258 0.251709
vt 0.373535 0.255371
vt 0.283203 0.424316
vt 0.286621 0.426514
vt 0.280762 0.427734
vt 0.282959 0.429199
vt 0.281006 0.433594
vt 0.285889 0.432129
vt 0.283691 0.436035
vt 0.286621 0.438477
vt 0.895996 0.678223
vt 0.890381 0.677979
vt 0.894775 0.672363
vt 0.888672 0.668701
vt 0.885010 0.673096
vt 0.880859 0.666260
vt 0.877441 0.680664
vt 0.891113 0.662354
vt 0.888184 0.655518
vt 0.882324 0.653564
vt 0.888672 0.646729
vt 0.895996 0.657715
vt 0.892334 0.653809
vt 0.599365 0.926758
vt 0.598877 0.930908
vt 0.593750 0.930420
vt 0.592529 0.924805
vt 0.593018 0.936523
vt 0.588135 0.935547
vt 0.586670 0.930664
vt 0.581543 0.932129
vt 0.587646 0.938232
vt 0.593506 0.940918
vt 0.598145 0.936035
vt 0.598389 0.941895
vt 0.592529 0.947021
vt 0.598633 0.947754
vt 0.596924 0.953857
vt 0.591797 0.952881
vt 0.595947 0.959717
vt 0.586914 0.951904
vt 0.587402 0.947266
vt 0.590332 0.957520
vt 0.600098 0.960938
vt 0.600098 0.953613
vt 0.593262 0.965576
vt 0.588379 0.963623
vt 0.589600 0.970459
vt 0.585693 0.969971
vt 0.584229 0.956299
vt 0.582031 0.950195
vt 0.577881 0.959229
vt 0.583008 0.942871
vt 0.579834 0.951172
vt 0.406982 0.215332
vt 0.406982 0.223145
vt 0.403320 0.219482
vt 0.246338 0.418945
vt 0.251709 0.412842
vt 0.250977 0.420410
vt 0.245361 0.424805
vt 0.248535 0.429443
vt 0.251709 0.429932
vt 0.249756 0.433838
vt 0.241455 0.421631
vt 0.243896 0.429688
vt 0.239746 0.426758
vt 0.242676 0.416992
vt 0.239014 0.415039
vt 0.307129 0.001465
vt 0.305664 0.006348
vt 0.300781 0.001465
vt 0.299316 0.005127
vt 0.302979 0.009521
vt 0.299561 0.009521
vt 0.126709 0.337158
vt 0.129883 0.334473
vt 0.129883 0.340332
vt 0.991455 0.447021
vt 0.995605 0.445557
vt 0.995605 0.449463
vt 0.993164 0.344482
vt 0.991455 0.341797
vt 0.996338 0.341797
vt 0.427490 0.144043
vt 0.432129 0.144043
vt 0.428467 0.145752
vt 0.431152 0.150391
vt 0.427979 0.149658
vt 0.467773 0.022949
vt 0.471436 0.023682
vt 0.471924 0.030029
vt 0.473389 0.022949
vt 0.685059 0.758789
vt 0.683594 0.763184
vt 0.681152 0.757568
vt 0.677734 0.762207
vt 0.681885 0.753174
vt 0.673584 0.755127
vt 0.670898 0.759766
vt 0.670654 0.766113
vt 0.675781 0.751709
vt 0.687012 0.755371
vt 0.678467 0.745850
vt 0.670654 0.750000
vt 0.671631 0.744385
vt 0.684570 0.748535
vt 0.690186 0.751465
vt 0.685547 0.744385
vt 0.679932 0.742676
vt 0.691895 0.746094
vt 0.702881 0.296875
vt 0.702881 0.304199
vt 0.698730 0.301270
vt 0.700928 0.308594
vt 0.177246 0.396484
vt 0.173096 0.397461
vt 0.173096 0.389893
vt 0.973877 0.785645
vt 0.977783 0.785889
vt 0.974121 0.791016
vt 0.977539 0.792969
vt 0.982422 0.787354
vt 0.983154 0.793701
vt 0.978027 0.797607
vt 0.982178 0.797119
vt 0.981445 0.802246
vt 0.977295 0.802734
vt 0.974854 0.797363
vt 0.977783 0.808594
vt 0.973877 0.800781
vt 0.981934 0.808105
vt 0.981445 0.813721
vt 0.419434 0.076660
vt 0.422607 0.079834
vt 0.419434 0.083984
vt 0.318848 0.099854
vt 0.321289 0.099609
vt 0.321289 0.107666
vt 0.686279 0.319336
vt 0.691895 0.325439
vt 0.686279 0.326172
vt 0.991455 0.024658
vt 0.997070 0.021729
vt 0.997070 0.026123
vt 0.001709 0.023193
vt 0.007812 0.022949
vt 0.006592 0.029785
vt 0.002441 0.029785
vt 0.002686 0.033447
vt 0.007812 0.034424
vt 0.006104 0.038574
vt 0.002197 0.038818
vt 0.001709 0.044434
vt 0.005859 0.044434
vt 0.007324 0.049561
vt 0.002441 0.050781
vt 0.303955 0.556641
vt 0.303955 0.562012
vt 0.301025 0.561768
vt 0.299805 0.555664
vt 0.457520 0.006104
vt 0.456055 0.010986
vt 0.451904 0.007568
vt 0.451416 0.010986
vt 0.451416 0.003418
vt 0.455322 0.001709
vt 0.717285 0.468994
vt 0.720215 0.469482
vt 0.719971 0.476562
vt 0.714844 0.475098
vt 0.720215 0.480713
vt 0.714600 0.481201
vt 0.991455 0.422607
vt 0.991699 0.418945
vt 0.995850 0.422607
vt 0.548340 0.607178
vt 0.552490 0.607422
vt 0.552246 0.613770
vt 0.548340 0.614258
vt 0.915283 0.956787
vt 0.916748 0.949951
vt 0.919678 0.956543
vt 0.910889 0.950195
vt 0.910889 0.944092
vt 0.910889 0.957275
vt 0.912842 0.961426
vt 0.914551 0.960693
vt 0.915771 0.968018
vt 0.912842 0.968750
vt 0.914795 0.973633
vt 0.917725 0.973633
vt 0.066406 0.087158
vt 0.066406 0.093506
vt 0.062256 0.088867
vt 0.066406 0.083252
vt 0.057617 0.240479
vt 0.060059 0.244385
vt 0.055664 0.247314
vt 0.060059 0.251709
vt 0.996582 0.255615
vt 0.996582 0.259766
vt 0.991455 0.257812
vt 0.710938 0.229492
vt 0.705811 0.228271
vt 0.707275 0.223877
vt 0.710205 0.223633
vt 0.713867 0.229004
vt 0.713135 0.222900
vt 0.713867 0.221191
vt 0.993408 0.030762
vt 0.991455 0.028320
vt 0.997314 0.028320
vt 0.343994 0.075195
vt 0.348389 0.070801
vt 0.348145 0.076660
vt 0.344238 0.080322
vt 0.348389 0.080811
vt 0.587646 0.531982
vt 0.590576 0.532959
vt 0.590576 0.538330
vt 0.586182 0.536865
vt 0.585938 0.532227
vt 0.996582 0.236572
vt 0.996582 0.240723
vt 0.991455 0.240723
vt 0.992432 0.236572
vt 0.404297 0.462158
vt 0.408447 0.461670
vt 0.407471 0.468018
vt 0.403564 0.468262
vt 0.404053 0.474121
vt 0.408447 0.474854
vt 0.128662 0.986328
vt 0.126709 0.980713
vt 0.130371 0.978760
vt 0.133057 0.983643
vt 0.127930 0.976562
vt 0.124512 0.976562
vt 0.126465 0.973877
vt 0.128906 0.974121
vt 0.132812 0.976807
vt 0.133057 0.969238
vt 0.126953 0.970947
vt 0.126709 0.965820
vt 0.130127 0.963867
vt 0.125244 0.962891
vt 0.009521 0.058350
vt 0.007080 0.063232
vt 0.007812 0.057617
vt 0.007080 0.054443
vt 0.044434 0.551270
vt 0.044434 0.557373
vt 0.040283 0.556152
vt 0.991455 0.356934
vt 0.994385 0.354248
vt 0.996094 0.356934
vt 0.462891 0.579834
vt 0.463867 0.582520
vt 0.458496 0.582520
vt 0.459717 0.576904
vt 0.767822 0.452637
vt 0.766113 0.457520
vt 0.760742 0.453857
vt 0.760742 0.448486
vt 0.767822 0.447266
vt 0.713867 0.322266
vt 0.709473 0.326416
vt 0.710205 0.318848
vt 0.713867 0.329346
vt 0.302002 0.467529
vt 0.302002 0.459717
vt 0.305908 0.466309
vt 0.306396 0.471680
vt 0.307861 0.457764
vt 0.310303 0.463135
vt 0.740967 0.615723
vt 0.733887 0.615234
vt 0.739990 0.609863
vt 0.733643 0.609375
vt 0.740967 0.607178
vt 0.734131 0.604004
vt 0.608887 0.504150
vt 0.609619 0.509766
vt 0.601318 0.508301
vt 0.601318 0.502686
vt 0.608154 0.499756
vt 0.602539 0.497070
vt 0.579346 0.535156
vt 0.573486 0.534424
vt 0.573486 0.531250
vt 0.579346 0.528809
vt 0.203369 0.718750
vt 0.208984 0.716797
vt 0.207764 0.723877
vt 0.203369 0.724365
vt 0.208984 0.731445
vt 0.351562 0.555420
vt 0.351562 0.562012
vt 0.345215 0.557373
vt 0.666016 0.312988
vt 0.671143 0.309570
vt 0.671143 0.318115
vt 0.000977 0.272217
vt 0.000977 0.263428
vt 0.004639 0.266357
vt 0.746338 0.256592
vt 0.742676 0.254395
vt 0.745117 0.248535
vt 0.737061 0.253174
vt 0.735840 0.259521
vt 0.740234 0.249023
vt 0.735840 0.248535
vt 0.741455 0.246094
vt 0.747314 0.243652
vt 0.383057 0.653809
vt 0.378906 0.648193
vt 0.383057 0.647705
vt 0.995850 0.410889
vt 0.991455 0.410889
vt 0.991943 0.406738
vt 0.991943 0.302979
vt 0.996338 0.306885
vt 0.991455 0.306885
vt 0.376465 0.279785
vt 0.377686 0.273682
vt 0.379883 0.276611
vt 0.379883 0.283447
vt 0.172852 0.201172
vt 0.169189 0.198975
vt 0.173584 0.197021
vt 0.170654 0.193115
vt 0.165527 0.196777
vt 0.162842 0.201172
vt 0.166992 0.190918
vt 0.169189 0.184814
vt 0.174072 0.187744
vt 0.162598 0.187500
vt 0.163574 0.194092
vt 0.165527 0.182617
vt 0.003174 0.150391
vt 0.001221 0.146973
vt 0.004639 0.143311
vt 0.001221 0.137939
vt 0.150391 0.685059
vt 0.147705 0.693359
vt 0.144043 0.685059
vt 0.622070 0.000977
vt 0.622070 0.009521
vt 0.618164 0.006348
vt 0.469971 0.437012
vt 0.466797 0.433105
vt 0.471680 0.432861
vt 0.466064 0.428955
vt 0.471680 0.426514
vt 0.277344 0.021484
vt 0.283447 0.021484
vt 0.281738 0.024658
vt 0.277344 0.028564
vt 0.676025 0.140869
vt 0.670166 0.137207
vt 0.675537 0.134033
vt 0.669678 0.130371
vt 0.671875 0.128174
vt 0.676025 0.126465
vt 0.400635 0.389648
vt 0.405029 0.386475
vt 0.406982 0.390869
vt 0.400635 0.396240
vt 0.406982 0.397461
vt 0.242188 0.407227
vt 0.241943 0.414795
vt 0.239014 0.407227
vt 0.472412 0.268799
vt 0.478027 0.274902
vt 0.472412 0.275391
vt 0.467285 0.001709
vt 0.473145 0.002197
vt 0.473389 0.008789
vt 0.467285 0.009521
vt 0.209473 0.693359
vt 0.209473 0.686523
vt 0.215332 0.687012
vt 0.987549 0.588867
vt 0.981445 0.595215
vt 0.983398 0.588379
vt 0.980713 0.587158
vt 0.987793 0.582520
vt 0.976318 0.586670
vt 0.977783 0.581055
vt 0.971924 0.581055
vt 0.971924 0.586914
vt 0.978271 0.574707
vt 0.971924 0.576416
vt 0.981201 0.579346
vt 0.983887 0.580078
vt 0.987061 0.573730
vt 0.981689 0.572266
vt 0.987549 0.567139
vt 0.114014 0.139893
vt 0.108398 0.140869
vt 0.108398 0.134521
vt 0.114014 0.133545
vt 0.112305 0.126465
vt 0.122070 0.082520
vt 0.126709 0.086670
vt 0.122070 0.090332
vt 0.061768 0.209473
vt 0.057129 0.215332
vt 0.057129 0.209717
vt 0.057129 0.204102
vt 0.508301 0.763428
vt 0.508301 0.769287
vt 0.503174 0.769043
vt 0.503174 0.763184
vt 0.993164 0.169434
vt 0.996826 0.172852
vt 0.991455 0.172852
vt 0.121826 0.215820
vt 0.121826 0.221680
vt 0.118164 0.217773
vt 0.281738 0.683838
vt 0.275879 0.683838
vt 0.277344 0.678223
vt 0.280273 0.677979
vt 0.042725 0.497559
vt 0.042725 0.503418
vt 0.039551 0.501221
vt 0.040283 0.498291
vt 0.299316 0.128174
vt 0.295654 0.124268
vt 0.299316 0.122803
vt 0.297119 0.118164
vt 0.992432 0.371582
vt 0.995117 0.370605
vt 0.996094 0.373291
vt 0.991455 0.373291
vt 0.696533 0.068848
vt 0.696045 0.073486
vt 0.693115 0.074463
vt 0.693115 0.068359
vt 0.991455 0.401123
vt 0.993164 0.399902
vt 0.996094 0.401123
vt 0.669434 0.414307
vt 0.674561 0.411621
vt 0.677490 0.414795
vt 0.670166 0.419434
vt 0.677002 0.420898
vt 0.669434 0.427490
vt 0.484375 0.356201
vt 0.484375 0.362549
vt 0.480225 0.358887
vt 0.387451 0.544678
vt 0.380615 0.541504
vt 0.387939 0.538574
vt 0.380615 0.537354
vt 0.386719 0.535645
vt 0.057861 0.153076
vt 0.058594 0.161621
vt 0.057861 0.164551
vt 0.410889 0.465820
vt 0.413574 0.464111
vt 0.414795 0.470215
vt 0.410889 0.473389
vt 0.601807 0.617188
vt 0.604736 0.628418
vt 0.597900 0.618652
vt 0.600342 0.588867
vt 0.603271 0.589844
vt 0.604736 0.584229
vt 0.938232 0.451416
vt 0.938721 0.463135
vt 0.923584 0.450684
vt 0.930420 0.474365
vt 0.935303 0.477295
vt 0.924316 0.474365
vt 0.916992 0.465332
vt 0.901123 0.450684
vt 0.892334 0.468506
vt 0.918701 0.478516
vt 0.907715 0.479736
vt 0.914551 0.486572
vt 0.901611 0.494873
vt 0.910889 0.498047
vt 0.909424 0.508301
vt 0.966797 0.551270
vt 0.979980 0.551514
vt 0.966797 0.581055
vt 0.665771 0.256348
vt 0.669678 0.264404
vt 0.669678 0.283447
vt 0.669678 0.250732
vt 0.665771 0.250977
vt 0.704346 0.115234
vt 0.699707 0.118652
vt 0.699707 0.107910
vt 0.707764 0.112305
vt 0.705322 0.106934
vt 0.484375 0.036377
vt 0.477295 0.036377
vt 0.478760 0.031982
vt 0.482666 0.031738
vt 0.478516 0.027832
vt 0.477295 0.029297
vt 0.996582 0.124512
vt 0.996826 0.129639
vt 0.991455 0.129639
vt 0.547119 0.584229
vt 0.544189 0.578125
vt 0.547852 0.578125
vt 0.118652 0.128174
vt 0.114502 0.124512
vt 0.118652 0.121094
vt 0.143311 0.223145
vt 0.143311 0.216064
vt 0.145752 0.217529
vt 0.991455 0.442139
vt 0.994385 0.442139
vt 0.995850 0.443359
vt 0.991455 0.443359
vt 0.991455 0.019775
vt 0.991699 0.016602
vt 0.995850 0.019775
vt 0.997314 0.016602
vt 0.992432 0.482910
vt 0.995605 0.483887
vt 0.991455 0.483887
vt 0.205322 0.433105
vt 0.205322 0.437012
vt 0.202637 0.437744
vt 0.201904 0.441650
vt 0.208984 0.441650
vt 0.429199 0.007812
vt 0.429199 0.001221
vt 0.432129 0.004883
vt 0.209961 0.606445
vt 0.210449 0.610840
vt 0.204102 0.606934
vt 0.203369 0.611084
vt 0.204834 0.602783
vt 0.210449 0.602295
vt 0.997070 0.091309
vt 0.997070 0.095947
vt 0.991455 0.094727
vt 0.004639 0.540527
vt 0.001465 0.544678
vt 0.001709 0.540527
vt 0.001465 0.537109
vt 0.761475 0.291260
vt 0.755127 0.291260
vt 0.755127 0.285400
vt 0.759766 0.284424
vt 0.991455 0.155518
vt 0.992432 0.150879
vt 0.996826 0.155518
vt 0.996338 0.151123
vt 0.991455 0.561035
vt 0.994873 0.561035
vt 0.992676 0.561768
vt 0.255371 0.083740
vt 0.254639 0.088135
vt 0.250488 0.087891
vt 0.256348 0.091797
vt 0.252441 0.083252
vt 0.256348 0.080811
vt 0.256348 0.082275
vt 0.992676 0.105713
vt 0.991455 0.103516
vt 0.996826 0.105469
vt 0.997070 0.103516
vt 0.996582 0.309082
vt 0.996094 0.310547
vt 0.991943 0.309082
vt 0.991455 0.310547
vt 0.452881 0.341553
vt 0.448975 0.336670
vt 0.456055 0.339111
vt 0.448486 0.344238
vt 0.456055 0.349854
vt 0.685547 0.153564
vt 0.681885 0.155029
vt 0.681885 0.148193
vt 0.732666 0.715576
vt 0.733154 0.709473
vt 0.740967 0.715332
vt 0.740967 0.708984
vt 0.740234 0.703857
vt 0.734619 0.705078
vt 0.608887 0.609863
vt 0.606445 0.615723
vt 0.604980 0.607910
vt 0.611084 0.603271
vt 0.604980 0.602539
vt 0.610352 0.596924
vt 0.605225 0.596680
vt 0.606689 0.591309
vt 0.133057 0.438232
vt 0.128174 0.440186
vt 0.128174 0.432129
vt 0.585205 0.300781
vt 0.585449 0.294434
vt 0.590332 0.295166
vt 0.590576 0.289307
vt 0.584717 0.287842
vt 0.590576 0.283691
vt 0.747803 0.539795
vt 0.743896 0.541504
vt 0.746826 0.535156
vt 0.742188 0.535645
vt 0.742188 0.531738
vt 0.748779 0.531494
vt 0.250244 0.194824
vt 0.248535 0.192139
vt 0.250244 0.187500
vt 0.636963 0.269287
vt 0.637695 0.274414
vt 0.635498 0.269043
vt 0.632080 0.276611
vt 0.635498 0.261230
vt 0.624268 0.262451
vt 0.629639 0.280273
vt 0.634033 0.260986
vt 0.636963 0.254150
vt 0.635254 0.253418
vt 0.624268 0.236084
vt 0.638428 0.245361
vt 0.641113 0.245850
vt 0.064209 0.008545
vt 0.068115 0.010010
vt 0.062744 0.012695
vt 0.068115 0.017334
vt 0.667725 0.164551
vt 0.667969 0.161865
vt 0.673584 0.163818
vt 0.673828 0.160889
vt 0.672363 0.146973
vt 0.681885 0.161865
vt 0.682373 0.164551
vt 0.036377 0.592041
vt 0.029785 0.588379
vt 0.036377 0.574707
vt 0.331299 0.190674
vt 0.333984 0.189209
vt 0.333984 0.196289
vt 0.132080 0.153076
vt 0.134521 0.159424
vt 0.132812 0.158936
vt 0.132080 0.164551
vt 0.952393 0.121582
vt 0.949951 0.113770
vt 0.964111 0.121094
vt 0.954590 0.096436
vt 0.953857 0.125977
vt 0.953857 0.130615
vt 0.962891 0.135254
vt 0.951416 0.127197
vt 0.952148 0.130371
vt 0.958740 0.136719
vt 0.952148 0.135254
vt 0.954102 0.135498
vt 0.954346 0.142578
vt 0.949951 0.139404
vt 0.997070 0.110596
vt 0.991455 0.110596
vt 0.994873 0.107910
vt 0.545410 0.525879
vt 0.547852 0.520752
vt 0.547852 0.527100
vt 0.311523 0.646973
vt 0.313477 0.648926
vt 0.311523 0.655518
vt 0.268799 0.061768
vt 0.272217 0.069336
vt 0.269043 0.067871
vt 0.270508 0.073486
vt 0.267334 0.072266
vt 0.267578 0.078369
vt 0.268799 0.079590
vt 0.263916 0.080811
vt 0.272217 0.081055
vt 0.272217 0.087158
vt 0.407227 0.386230
vt 0.409912 0.380371
vt 0.409912 0.387939
vt 0.132080 0.334473
vt 0.134521 0.336182
vt 0.132080 0.340332
vt 0.255371 0.427246
vt 0.255859 0.419922
vt 0.260986 0.426025
vt 0.254639 0.432129
vt 0.259033 0.418945
vt 0.257812 0.416260
vt 0.262695 0.433350
vt 0.254639 0.437012
vt 0.354980 0.074219
vt 0.355957 0.071045
vt 0.359375 0.071289
vt 0.359131 0.073730
vt 0.359375 0.079590
vt 0.352295 0.080811
vt 0.585693 0.471680
vt 0.582764 0.470215
vt 0.585693 0.456787
vt 0.766113 0.321289
vt 0.758789 0.320068
vt 0.758789 0.312988
vt 0.765381 0.312988
vt 0.115967 0.090332
vt 0.109619 0.085449
vt 0.117188 0.083496
vt 0.109619 0.093506
vt 0.500000 0.010254
vt 0.500000 0.002197
vt 0.506348 0.002441
vt 0.506348 0.009521
vt 0.510742 0.010010
vt 0.510986 0.003906
vt 0.512939 0.015869
vt 0.791992 0.509766
vt 0.796631 0.504883
vt 0.798096 0.512451
vt 0.791016 0.515869
vt 0.796631 0.517334
vt 0.802734 0.517578
vt 0.799561 0.508545
vt 0.802734 0.503906
vt 0.997070 0.083984
vt 0.991455 0.080566
vt 0.997070 0.078857
vt 0.557373 0.495850
vt 0.557373 0.501953
vt 0.555420 0.500488
vt 0.649902 0.564453
vt 0.655518 0.564453
vt 0.654053 0.572998
vt 0.107666 0.110107
vt 0.107666 0.120361
vt 0.104492 0.112793
vt 0.774902 0.531250
vt 0.772949 0.535889
vt 0.752930 0.538574
vt 0.767822 0.552002
vt 0.772705 0.525146
vt 0.778809 0.523682
vt 0.739990 0.549805
vt 0.785156 0.506592
vt 0.783936 0.515137
vt 0.788818 0.509277
vt 0.794678 0.502197
vt 0.744141 0.567383
vt 0.731689 0.558350
vt 0.727539 0.568115
vt 0.727539 0.576660
vt 0.775391 0.577637
vt 0.732910 0.590332
vt 0.757324 0.588867
vt 0.740479 0.601074
vt 0.746826 0.611084
vt 0.771240 0.606445
vt 0.794678 0.592529
vt 0.454346 0.445312
vt 0.454346 0.439209
vt 0.458984 0.446533
vt 0.458984 0.440186
vt 0.384277 0.022461
vt 0.387939 0.017090
vt 0.387939 0.025391
vt 0.554199 0.003418
vt 0.560547 0.002197
vt 0.560547 0.010742
vt 0.553223 0.010986
vt 0.575195 0.713867
vt 0.575195 0.708008
vt 0.581055 0.713867
vt 0.556396 0.221680
vt 0.561035 0.218018
vt 0.564697 0.220703
vt 0.563232 0.212646
vt 0.569824 0.216064
vt 0.567383 0.208008
vt 0.557373 0.204346
vt 0.555908 0.212158
vt 0.565918 0.201660
vt 0.569824 0.202881
vt 0.593750 0.636963
vt 0.593750 0.644287
vt 0.587891 0.638672
vt 0.586670 0.644287
vt 0.572266 0.964355
vt 0.579346 0.965576
vt 0.579346 0.971924
vt 0.572266 0.972168
vt 0.578369 0.977783
vt 0.572266 0.979248
vt 0.565430 0.974365
vt 0.565430 0.981445
vt 0.566406 0.984375
vt 0.573242 0.983887
vt 0.579346 0.983887
vt 0.573242 0.988525
vt 0.579346 0.989502
vt 0.194824 0.607178
vt 0.193604 0.615234
vt 0.189697 0.608887
vt 0.189697 0.615723
vt 0.991455 0.142334
vt 0.994873 0.138428
vt 0.996826 0.142334
vt 0.722168 0.557129
vt 0.726562 0.557129
vt 0.725342 0.562744
vt 0.722168 0.562988
vt 0.724365 0.569824
vt 0.020508 0.550293
vt 0.015381 0.551025
vt 0.015381 0.544678
vt 0.265381 0.090088
vt 0.265381 0.083252
vt 0.269043 0.088379
vt 0.269043 0.093506
vt 0.226318 0.740479
vt 0.220459 0.733398
vt 0.226318 0.732422
vt 0.219238 0.740967
vt 0.326172 0.091553
vt 0.329346 0.088379
vt 0.329346 0.096680
vt 0.168701 0.001709
vt 0.175781 0.001221
vt 0.175293 0.007324
vt 0.168945 0.008057
vt 0.173340 0.012695
vt 0.168701 0.012451
vt 0.432129 0.763916
vt 0.438477 0.763916
vt 0.437500 0.769775
vt 0.432617 0.770996
vt 0.088379 0.584717
vt 0.088623 0.590576
vt 0.083740 0.590576
vt 0.171631 0.574463
vt 0.171631 0.569336
vt 0.176270 0.574707
vt 0.175049 0.568604
vt 0.173584 0.565430
vt 0.179199 0.565674
vt 0.179199 0.568848
vt 0.180420 0.572754
vt 0.277588 0.376709
vt 0.278564 0.373047
vt 0.282471 0.376709
vt 0.280762 0.371094
vt 0.284912 0.375244
vt 0.284912 0.369873
vt 0.278076 0.366699
vt 0.282715 0.363770
vt 0.330811 0.739258
vt 0.330811 0.733398
vt 0.334717 0.738281
vt 0.335693 0.733398
vt 0.435547 0.270752
vt 0.435547 0.265869
vt 0.440186 0.269775
vt 0.440186 0.265137
vt 0.417969 0.157227
vt 0.413330 0.158203
vt 0.413330 0.151123
vt 0.369873 0.093262
vt 0.373535 0.089844
vt 0.373535 0.098145
vt 0.307861 0.362549
vt 0.310303 0.354248
vt 0.309326 0.361084
vt 0.310303 0.364014
vt 0.218262 0.690430
vt 0.225342 0.686768
vt 0.226318 0.691895
vt 0.226074 0.696533
vt 0.218262 0.695312
vt 0.659912 0.344238
vt 0.662354 0.344971
vt 0.663330 0.349854
vt 0.659912 0.354736
vt 0.209717 0.355469
vt 0.211426 0.349121
vt 0.216797 0.355469
vt 0.210693 0.360840
vt 0.216797 0.362549
vt 0.159912 0.012695
vt 0.155273 0.004883
vt 0.158691 0.006348
vt 0.159912 0.001221
vt 0.746826 0.127197
vt 0.747314 0.133057
vt 0.743164 0.129150
vt 0.742920 0.123047
vt 0.747314 0.122559
vt 0.797363 0.677246
vt 0.803711 0.676514
vt 0.805420 0.681152
vt 0.797363 0.682617
vt 0.799805 0.688477
vt 0.808838 0.675781
vt 0.810547 0.679932
vt 0.806885 0.687256
vt 0.806396 0.693359
vt 0.799561 0.693115
vt 0.805420 0.701416
vt 0.798828 0.701172
vt 0.049072 0.740967
vt 0.045166 0.737305
vt 0.049072 0.733887
vt 0.111572 0.705811
vt 0.115479 0.702148
vt 0.115479 0.710449
vt 0.111572 0.713867
vt 0.460693 0.226318
vt 0.456299 0.225586
vt 0.460449 0.220459
vt 0.457275 0.220459
vt 0.457520 0.216309
vt 0.456299 0.215576
vt 0.580322 0.699707
vt 0.581299 0.694092
vt 0.587402 0.698242
vt 0.587402 0.694092
vt 0.585449 0.689453
vt 0.582275 0.689453
vt 0.316650 0.744141
vt 0.310791 0.743896
vt 0.316162 0.739746
vt 0.310303 0.739502
vt 0.312500 0.733887
vt 0.316650 0.735840
vt 0.551025 0.433105
vt 0.547363 0.435303
vt 0.547363 0.429443
vt 0.966064 0.127197
vt 0.970459 0.125000
vt 0.970947 0.132324
vt 0.966797 0.131592
vt 0.975586 0.129883
vt 0.978271 0.121338
vt 0.974121 0.139893
vt 0.978271 0.152100
vt 0.573975 0.371826
vt 0.576172 0.367432
vt 0.576172 0.375244
vt 0.996338 0.327637
vt 0.991455 0.326172
vt 0.995850 0.324463
vt 0.991455 0.324463
vt 0.554199 0.302490
vt 0.551514 0.300049
vt 0.554199 0.296631
vt 0.996338 0.291016
vt 0.995850 0.295410
vt 0.991455 0.291016
vt 0.991699 0.294434
vt 0.991455 0.565430
vt 0.991455 0.563965
vt 0.994629 0.565430
vt 0.994141 0.609619
vt 0.991455 0.610352
vt 0.991455 0.608398
vt 0.264404 0.373535
vt 0.259766 0.369873
vt 0.264404 0.364014
vt 0.061523 0.587402
vt 0.057617 0.584961
vt 0.060791 0.581299
vt 0.064453 0.584961
vt 0.066406 0.580078
vt 0.066406 0.590576
vt 0.622070 0.334717
vt 0.622070 0.342773
vt 0.616699 0.342285
vt 0.622070 0.349854
vt 0.581055 0.037842
vt 0.580078 0.043701
vt 0.574219 0.044434
vt 0.580811 0.050049
vt 0.575195 0.050781
vt 0.580322 0.057129
vt 0.574951 0.059082
vt 0.581055 0.062988
vt 0.577148 0.064941
vt 0.109619 0.952148
vt 0.115479 0.951904
vt 0.113770 0.957031
vt 0.108154 0.957520
vt 0.112305 0.962402
vt 0.105469 0.963135
vt 0.109131 0.969727
vt 0.104980 0.968994
vt 0.107422 0.977783
vt 0.113770 0.976562
vt 0.114990 0.968506
vt 0.118164 0.960938
vt 0.121826 0.968750
vt 0.121582 0.974609
vt 0.121826 0.981445
vt 0.163330 0.693359
vt 0.161377 0.687256
vt 0.166260 0.687256
vt 0.991455 0.097900
vt 0.997070 0.097900
vt 0.996094 0.101562
vt 0.632568 0.740234
vt 0.633301 0.744629
vt 0.627686 0.745361
vt 0.631348 0.750000
vt 0.626953 0.740967
vt 0.623535 0.746826
vt 0.623047 0.742432
vt 0.627441 0.751953
vt 0.623047 0.751465
vt 0.725586 0.074463
vt 0.725586 0.068115
vt 0.729736 0.068848
vt 0.540283 0.044434
vt 0.544678 0.043945
vt 0.544189 0.048584
vt 0.540283 0.050293
vt 0.536377 0.045898
vt 0.543213 0.056641
vt 0.535889 0.050537
vt 0.539062 0.057617
vt 0.544678 0.062256
vt 0.533447 0.058350
vt 0.539307 0.064209
vt 0.533447 0.064941
vt 0.991455 0.518555
vt 0.995117 0.518555
vt 0.992676 0.521973
vt 0.391113 0.364014
vt 0.389893 0.367920
vt 0.387207 0.364258
vt 0.386475 0.368408
vt 0.391113 0.372070
vt 0.665283 0.325928
vt 0.667969 0.329834
vt 0.662109 0.328613
vt 0.663086 0.333008
vt 0.667969 0.334473
vt 0.664551 0.342041
vt 0.662109 0.341553
vt 0.311035 0.002197
vt 0.314941 0.002686
vt 0.311035 0.007812
vt 0.314697 0.007080
vt 0.319824 0.357422
vt 0.319824 0.363037
vt 0.313232 0.364014
vt 0.313965 0.357178
vt 0.318115 0.350586
vt 0.554932 0.041748
vt 0.558350 0.043213
vt 0.553467 0.046875
vt 0.558594 0.046875
vt 0.552979 0.052979
vt 0.563232 0.046387
vt 0.561279 0.040527
vt 0.563477 0.053711
vt 0.558838 0.054199
vt 0.557129 0.058594
vt 0.552979 0.057861
vt 0.552979 0.062744
vt 0.558105 0.064941
vt 0.290283 0.496338
vt 0.289795 0.490479
vt 0.294189 0.494385
vt 0.294434 0.502686
vt 0.289795 0.503418
vt 0.248047 0.023682
vt 0.248779 0.019287
vt 0.254150 0.022217
vt 0.250244 0.028564
vt 0.254883 0.027344
vt 0.254883 0.018066
vt 0.247314 0.017578
vt 0.642334 0.751953
vt 0.635986 0.751953
vt 0.636230 0.747070
vt 0.642822 0.746826
vt 0.635986 0.742432
vt 0.639893 0.740234
vt 0.069580 0.455322
vt 0.063965 0.456055
vt 0.068848 0.451416
vt 0.063721 0.450928
vt 0.065918 0.446533
vt 0.069580 0.448242
vt 0.147217 0.009766
vt 0.145508 0.014160
vt 0.141113 0.011963
vt 0.141602 0.006836
vt 0.146484 0.004639
vt 0.143799 0.003174
vt 0.141113 0.001953
vt 0.612549 0.510742
vt 0.612549 0.505615
vt 0.618896 0.505615
vt 0.615967 0.514404
vt 0.509521 0.297607
vt 0.514160 0.298096
vt 0.509521 0.302490
vt 0.516113 0.303223
vt 0.509521 0.307129
vt 0.514893 0.306885
vt 0.723877 0.403809
vt 0.720947 0.402344
vt 0.726562 0.399170
vt 0.722412 0.397949
vt 0.718018 0.401123
vt 0.723877 0.393555
vt 0.718018 0.394043
vt 0.281738 0.253418
vt 0.283203 0.246826
vt 0.285889 0.250977
vt 0.286865 0.245605
vt 0.286377 0.242432
vt 0.288574 0.248291
vt 0.289795 0.253418
vt 0.996826 0.264160
vt 0.991455 0.264160
vt 0.993652 0.261719
vt 0.349854 0.744141
vt 0.344238 0.742432
vt 0.349854 0.738281
vt 0.521484 0.305664
vt 0.521484 0.302490
vt 0.525635 0.302246
vt 0.522217 0.299072
vt 0.525635 0.305176
vt 0.180664 0.343262
vt 0.183838 0.343506
vt 0.185303 0.347168
vt 0.180664 0.350830
vt 0.184082 0.353027
vt 0.737061 0.620117
vt 0.739990 0.619873
vt 0.740967 0.626221
vt 0.735840 0.626221
vt 0.740967 0.631592
vt 0.736816 0.631592
vt 0.579834 0.489990
vt 0.582764 0.486572
vt 0.585693 0.490234
vt 0.585693 0.493652
vt 0.580811 0.496582
vt 0.585693 0.497070
vt 0.993896 0.270020
vt 0.996582 0.274414
vt 0.991455 0.274414
vt 0.991943 0.269775
vt 0.991455 0.060547
vt 0.997070 0.062500
vt 0.991455 0.063965
vt 0.991455 0.086182
vt 0.997070 0.086182
vt 0.994873 0.089355
vt 0.992920 0.089355
vt 0.991455 0.352295
vt 0.992676 0.350586
vt 0.996338 0.352295
vt 0.170654 0.736084
vt 0.165039 0.734619
vt 0.170898 0.731201
vt 0.163330 0.730469
vt 0.163574 0.726562
vt 0.170654 0.724854
vt 0.163330 0.722168
vt 0.991455 0.162842
vt 0.996826 0.163574
vt 0.991455 0.167480
vt 0.113037 0.565918
vt 0.118652 0.568359
vt 0.117920 0.571533
vt 0.111816 0.570801
vt 0.112549 0.576904
vt 0.118652 0.576172
vt 0.106445 0.575684
vt 0.114746 0.582764
vt 0.109619 0.583008
vt 0.117188 0.588623
vt 0.108398 0.590576
vt 0.760498 0.205566
vt 0.755859 0.205811
vt 0.761475 0.198242
vt 0.754883 0.198242
vt 0.643311 0.064453
vt 0.647705 0.064453
vt 0.643311 0.070801
vt 0.649170 0.070312
vt 0.644775 0.075928
vt 0.639160 0.063965
vt 0.639160 0.070312
vt 0.723389 0.377197
vt 0.717529 0.378418
vt 0.723389 0.372803
vt 0.717529 0.370117
vt 0.440186 0.456299
vt 0.433838 0.460693
vt 0.433838 0.451416
vt 0.071289 0.546143
vt 0.071289 0.537354
vt 0.079102 0.541260
vt 0.196777 0.353516
vt 0.198486 0.345947
vt 0.201172 0.353271
vt 0.204102 0.346924
vt 0.204102 0.359375
vt 0.389404 0.456787
vt 0.389404 0.467041
vt 0.386963 0.464111
vt 0.383789 0.456543
vt 0.381592 0.462158
vt 0.533447 0.953613
vt 0.529053 0.947510
vt 0.536377 0.945557
vt 0.530029 0.941162
vt 0.534424 0.938965
vt 0.538574 0.952637
vt 0.538818 0.957520
vt 0.533447 0.959717
vt 0.542969 0.957520
vt 0.544678 0.961914
vt 0.539551 0.960693
vt 0.538086 0.964355
vt 0.531006 0.964600
vt 0.535645 0.969238
vt 0.529053 0.971924
vt 0.426270 0.618408
vt 0.424561 0.622070
vt 0.419678 0.619141
vt 0.419678 0.613525
vt 0.427490 0.613281
vt 0.996826 0.190186
vt 0.991455 0.190186
vt 0.993164 0.186035
vt 0.544678 0.704346
vt 0.539551 0.707764
vt 0.539551 0.700684
vt 0.202637 0.727051
vt 0.202637 0.734619
vt 0.197021 0.732910
vt 0.355469 0.560791
vt 0.359375 0.556885
vt 0.359375 0.563477
vt 0.590576 0.049561
vt 0.585693 0.055420
vt 0.584961 0.048340
vt 0.589844 0.042480
vt 0.584229 0.041748
vt 0.590576 0.036133
vt 0.584961 0.035645
vt 0.421143 0.310059
vt 0.417725 0.314941
vt 0.417725 0.307129
vt 0.661377 0.376709
vt 0.664551 0.369141
vt 0.666504 0.376709
vt 0.121826 0.588867
vt 0.118408 0.581543
vt 0.121826 0.579834
vt 0.032471 0.550537
vt 0.038086 0.549316
vt 0.038086 0.555664
vt 0.107422 0.759766
vt 0.105469 0.766113
vt 0.102295 0.763428
vt 0.102295 0.757324
vt 0.105957 0.752686
vt 0.102295 0.750977
vt 0.110352 0.752930
vt 0.112305 0.760254
vt 0.525635 0.007568
vt 0.525635 0.014160
vt 0.520020 0.009033
vt 0.519531 0.013916
vt 0.524170 0.001221
vt 0.514648 0.012451
vt 0.518311 0.003906
vt 0.514648 0.009277
vt 0.515869 0.004883
vt 0.566650 0.009277
vt 0.564453 0.005371
vt 0.571533 0.005127
vt 0.571289 0.009521
vt 0.569824 0.000977
vt 0.563965 0.000977
vt 0.995117 0.066406
vt 0.997070 0.070557
vt 0.992432 0.070557
vt 0.991455 0.066162
vt 0.674316 0.247070
vt 0.670654 0.244629
vt 0.674316 0.239990
vt 0.657715 0.400635
vt 0.657715 0.393555
vt 0.661865 0.397949
vt 0.428955 0.160889
vt 0.424561 0.158936
vt 0.428955 0.154541
vt 0.424561 0.152588
vt 0.420410 0.162598
vt 0.423096 0.164551
vt 0.421875 0.156982
vt 0.420410 0.152588
vt 0.424561 0.146240
vt 0.004639 0.055420
vt 0.004395 0.059814
vt 0.001221 0.053223
vt 0.001221 0.064941
vt 0.991455 0.122559
vt 0.993896 0.119629
vt 0.996826 0.122559
vt 0.611084 0.680664
vt 0.608398 0.677002
vt 0.611084 0.673828
vt 0.212646 0.005615
vt 0.215332 0.001221
vt 0.218506 0.004150
vt 0.218506 0.008301
vt 0.217285 0.011230
vt 0.212646 0.012695
vt 0.291016 0.142578
vt 0.291016 0.135498
vt 0.294678 0.140869
vt 0.294678 0.135254
vt 0.296143 0.131348
vt 0.299316 0.136963
vt 0.298584 0.141357
vt 0.775879 0.569824
vt 0.778809 0.566162
vt 0.777832 0.572021
vt 0.781982 0.570068
vt 0.785156 0.567627
vt 0.778809 0.576172
vt 0.785156 0.575195
vt 0.293213 0.028564
vt 0.293213 0.021729
vt 0.297119 0.026123
vt 0.299316 0.024414
vt 0.326172 0.387939
vt 0.325439 0.383301
vt 0.330322 0.383057
vt 0.325684 0.380615
vt 0.332520 0.387939
vt 0.710449 0.110840
vt 0.707764 0.104004
vt 0.713867 0.104004
vt 0.283691 0.005859
vt 0.288086 0.000977
vt 0.288086 0.007324
vt 0.286377 0.010986
vt 0.193359 0.148926
vt 0.194824 0.142578
vt 0.198975 0.142822
vt 0.195557 0.134521
vt 0.199463 0.151367
vt 0.196045 0.154785
vt 0.190918 0.151855
vt 0.192139 0.156250
vt 0.185791 0.152100
vt 0.184814 0.159912
vt 0.192871 0.161621
vt 0.188477 0.164062
vt 0.192627 0.164307
vt 0.188232 0.169922
vt 0.195557 0.170898
vt 0.200195 0.167480
vt 0.196045 0.161377
vt 0.203857 0.140869
vt 0.200928 0.134277
vt 0.194580 0.127441
vt 0.197754 0.127686
vt 0.205811 0.129883
vt 0.204590 0.125977
vt 0.201904 0.120605
vt 0.194824 0.121094
vt 0.189453 0.116943
vt 0.194824 0.113770
vt 0.184814 0.112061
vt 0.191650 0.109863
vt 0.195557 0.108887
vt 0.198242 0.110840
vt 0.198486 0.115479
vt 0.197021 0.117432
vt 0.604736 0.291748
vt 0.604736 0.297363
vt 0.600342 0.298096
vt 0.600342 0.290283
vt 0.604736 0.288574
vt 0.596191 0.291504
vt 0.594727 0.299316
vt 0.594727 0.284668
vt 0.127197 0.351318
vt 0.131348 0.355225
vt 0.127197 0.359375
vt 0.760010 0.179199
vt 0.759277 0.186279
vt 0.754150 0.185303
vt 0.756348 0.193115
vt 0.754150 0.179443
vt 0.359375 0.392578
vt 0.353027 0.391113
vt 0.357666 0.383789
vt 0.347412 0.386475
vt 0.352783 0.380371
vt 0.346924 0.379883
vt 0.356689 0.376221
vt 0.359375 0.376953
vt 0.099854 0.641113
vt 0.094727 0.636963
vt 0.099854 0.631592
vt 0.095459 0.628418
vt 0.180420 0.167725
vt 0.173584 0.161133
vt 0.180176 0.160645
vt 0.176514 0.156250
vt 0.180420 0.155273
vt 0.322021 0.360840
vt 0.322021 0.353760
vt 0.329346 0.354980
vt 0.325195 0.347656
vt 0.322266 0.348389
vt 0.327148 0.347412
vt 0.993652 0.593994
vt 0.994629 0.595703
vt 0.991455 0.595703
vt 0.687500 0.378662
vt 0.689697 0.376709
vt 0.690186 0.380127
vt 0.687500 0.383057
vt 0.995361 0.508545
vt 0.991455 0.507080
vt 0.995361 0.507080
vt 0.560303 0.280762
vt 0.562500 0.282959
vt 0.558838 0.285645
vt 0.554932 0.282471
vt 0.565186 0.286621
vt 0.562744 0.288818
vt 0.554932 0.292725
vt 0.565186 0.291260
vt 0.562012 0.300781
vt 0.392578 0.216797
vt 0.389648 0.219971
vt 0.389648 0.212158
vt 0.994629 0.567383
vt 0.994629 0.568848
vt 0.991455 0.567383
vt 0.569824 0.111328
vt 0.572998 0.111328
vt 0.572754 0.117188
vt 0.598389 0.099854
vt 0.593262 0.099609
vt 0.593262 0.092041
vt 0.603271 0.089355
vt 0.693359 0.167480
vt 0.689941 0.172607
vt 0.689941 0.162109
vt 0.376709 0.214844
vt 0.374023 0.221680
vt 0.374023 0.213379
vt 0.022705 0.013672
vt 0.023682 0.024658
vt 0.022705 0.028564
vt 0.031738 0.011719
vt 0.034912 0.009033
vt 0.034424 0.012207
vt 0.029541 0.021240
vt 0.022705 0.036621
vt 0.030273 0.010254
vt 0.027344 0.034912
vt 0.028076 0.047607
vt 0.026855 0.062988
vt 0.025635 0.062988
vt 0.028320 0.063232
vt 0.030029 0.060547
vt 0.034912 0.069580
vt 0.020020 0.517090
vt 0.022217 0.514404
vt 0.022217 0.520752
vt 0.264160 0.732910
vt 0.264404 0.726807
vt 0.269043 0.730469
vt 0.267822 0.726807
vt 0.497070 0.057373
vt 0.497559 0.051758
vt 0.503418 0.058594
vt 0.502197 0.052490
vt 0.499512 0.048340
vt 0.503418 0.047852
vt 0.270752 0.258057
vt 0.273682 0.252686
vt 0.277100 0.257568
vt 0.277100 0.253662
vt 0.277100 0.249756
vt 0.992920 0.048828
vt 0.997314 0.048828
vt 0.994385 0.051270
vt 0.991455 0.050049
vt 0.995605 0.487061
vt 0.991455 0.487061
vt 0.992676 0.486084
vt 0.991699 0.008301
vt 0.991455 0.005127
vt 0.997314 0.005127
vt 0.992676 0.493164
vt 0.991455 0.492188
vt 0.995605 0.492188
vt 0.994385 0.503418
vt 0.995361 0.505127
vt 0.991455 0.505127
vt 0.330566 0.111328
vt 0.332520 0.114746
vt 0.330566 0.117188
vt 0.379150 0.718262
vt 0.384766 0.719971
vt 0.383545 0.723877
vt 0.379150 0.725098
vt 0.049072 0.269043
vt 0.047119 0.263672
vt 0.048828 0.264648
vt 0.049072 0.260742
vt 0.002686 0.679932
vt 0.006104 0.682617
vt 0.002197 0.685547
vt 0.007812 0.686035
vt 0.007080 0.688721
vt 0.002197 0.690186
vt 0.679199 0.315918
vt 0.674561 0.319824
vt 0.676758 0.313965
vt 0.677490 0.312744
vt 0.675537 0.311279
vt 0.674561 0.312500
vt 0.991455 0.148682
vt 0.991943 0.147461
vt 0.996826 0.148682
vt 0.996826 0.144287
vt 0.979980 0.201172
vt 0.979248 0.207031
vt 0.975586 0.201172
vt 0.972900 0.207031
vt 0.979980 0.213867
vt 0.966309 0.200684
vt 0.973633 0.197021
vt 0.967041 0.214355
vt 0.973633 0.213623
vt 0.979248 0.220947
vt 0.972900 0.220947
vt 0.966309 0.227051
vt 0.970947 0.228027
vt 0.290527 0.554932
vt 0.297607 0.553223
vt 0.296143 0.561523
vt 0.290527 0.562012
vt 0.125732 0.249756
vt 0.129883 0.242188
vt 0.129883 0.253418
vt 0.259521 0.009521
vt 0.255127 0.006348
vt 0.259521 0.001709
vt 0.125000 0.001709
vt 0.125000 0.009521
vt 0.121582 0.007324
vt 0.563232 0.729248
vt 0.566650 0.734131
vt 0.558594 0.734619
vt 0.564697 0.737793
vt 0.561279 0.740967
vt 0.554932 0.740967
vt 0.555420 0.730957
vt 0.262695 0.001221
vt 0.267334 0.000977
vt 0.267578 0.005127
vt 0.263184 0.005371
vt 0.262695 0.009766
vt 0.267334 0.010986
vt 0.120605 0.683350
vt 0.125000 0.683350
vt 0.124023 0.690186
vt 0.398193 0.465088
vt 0.400635 0.471680
vt 0.395996 0.471680
vt 0.368408 0.186768
vt 0.364258 0.186768
vt 0.366455 0.183105
vt 0.364258 0.179688
vt 0.368896 0.180664
vt 0.367432 0.180908
vt 0.368164 0.177002
vt 0.995117 0.528076
vt 0.991455 0.530273
vt 0.991455 0.528076
vt 0.109131 0.565186
vt 0.109131 0.568115
vt 0.107178 0.566895
vt 0.107178 0.571533
vt 0.107178 0.563965
vt 0.258789 0.647949
vt 0.261230 0.649658
vt 0.258789 0.653809
vt 0.534912 0.342285
vt 0.539795 0.341797
vt 0.538818 0.345215
vt 0.534912 0.348389
vt 0.162842 0.614502
vt 0.167725 0.611572
vt 0.167725 0.617432
vt 0.163086 0.124756
vt 0.163086 0.129395
vt 0.160156 0.129150
vt 0.161865 0.136230
vt 0.611084 0.010254
vt 0.610352 0.016113
vt 0.604004 0.015625
vt 0.611084 0.022217
vt 0.604004 0.002441
vt 0.114014 0.338623
vt 0.108887 0.343506
vt 0.108887 0.336914
vt 0.111084 0.332764
vt 0.108887 0.334473
vt 0.670410 0.377686
vt 0.671143 0.386230
vt 0.661621 0.382812
vt 0.664795 0.389648
vt 0.671143 0.392578
vt 0.659180 0.391602
vt 0.667969 0.395752
vt 0.664795 0.395752
vt 0.692627 0.303955
vt 0.692871 0.299316
vt 0.695068 0.303467
vt 0.694092 0.299072
vt 0.692627 0.296143
vt 0.504150 0.284180
vt 0.504639 0.281494
vt 0.506592 0.283936
vt 0.506592 0.289062
vt 0.500977 0.291016
vt 0.506592 0.294434
vt 0.392578 0.793945
vt 0.391357 0.800537
vt 0.388184 0.798340
vt 0.390381 0.785645
vt 0.384521 0.783203
vt 0.384521 0.809082
vt 0.997314 0.042725
vt 0.991455 0.040039
vt 0.997314 0.041260
vt 0.997314 0.040039
vt 0.414795 0.721924
vt 0.411377 0.719727
vt 0.414795 0.711426
vt 0.060059 0.314697
vt 0.060059 0.322998
vt 0.058105 0.317871
vt 0.601562 0.030518
vt 0.595459 0.039551
vt 0.598145 0.028809
vt 0.595459 0.000977
vt 0.340332 0.198730
vt 0.337158 0.201172
vt 0.337158 0.194580
vt 0.337891 0.187256
vt 0.291016 0.458496
vt 0.294189 0.452148
vt 0.296875 0.460449
vt 0.291016 0.468018
vt 0.295898 0.468506
vt 0.299316 0.462402
vt 0.224854 0.348389
vt 0.202881 0.343750
vt 0.198242 0.340332
vt 0.197754 0.338379
vt 0.192383 0.340332
vt 0.197510 0.336426
vt 0.191650 0.337402
vt 0.170410 0.340576
vt 0.167969 0.335693
vt 0.146240 0.340332
vt 0.147217 0.345459
vt 0.130371 0.348145
vt 0.129883 0.343994
vt 0.118408 0.347900
vt 0.117676 0.343994
vt 0.108643 0.348389
vt 0.737793 0.699951
vt 0.732422 0.702881
vt 0.732422 0.697266
vt 0.736328 0.696777
vt 0.733887 0.692871
vt 0.737305 0.693848
vt 0.182129 0.194336
vt 0.177246 0.197998
vt 0.176270 0.191895
vt 0.182129 0.189209
vt 0.176758 0.185303
vt 0.268799 0.951416
vt 0.238281 0.953125
vt 0.265137 0.937744
vt 0.289795 0.941162
vt 0.238281 0.936279
vt 0.260498 0.916504
vt 0.280273 0.928223
vt 0.239502 0.915771
vt 0.244629 0.901367
vt 0.459961 0.372070
vt 0.459961 0.365479
vt 0.462158 0.369629
vt 0.996826 0.136475
vt 0.991455 0.136475
vt 0.992920 0.131592
vt 0.996338 0.132080
vt 0.991699 0.337158
vt 0.996338 0.336426
vt 0.995361 0.339844
vt 0.991455 0.339844
vt 0.994873 0.548584
vt 0.994629 0.551758
vt 0.991455 0.548584
vt 0.991699 0.480713
vt 0.991455 0.478516
vt 0.995605 0.478516
vt 0.137207 0.230469
vt 0.140869 0.228760
vt 0.140869 0.235840
vt 0.137939 0.234619
vt 0.038574 0.764893
vt 0.039551 0.780518
vt 0.037842 0.779785
vt 0.037109 0.765137
vt 0.039551 0.745850
vt 0.375732 0.517822
vt 0.365723 0.528809
vt 0.360840 0.525391
vt 0.372559 0.513672
vt 0.344238 0.508301
vt 0.388916 0.500488
vt 0.385498 0.497559
vt 0.393555 0.484131
vt 0.397949 0.487793
vt 0.400635 0.476562
vt 0.371094 0.487793
vt 0.382080 0.470947
vt 0.361328 0.472168
vt 0.355225 0.499756
vt 0.343994 0.478516
vt 0.331543 0.484375
vt 0.322266 0.503174
vt 0.306152 0.497559
vt 0.307617 0.477051
vt 0.296875 0.490479
vt 0.291992 0.481689
vt 0.290527 0.470947
vt 0.240723 0.335449
vt 0.239990 0.356201
vt 0.239990 0.334229
vt 0.256348 0.666504
vt 0.255371 0.665771
vt 0.256348 0.651367
vt 0.442871 0.218262
vt 0.449707 0.226074
vt 0.442871 0.226318
vt 0.142578 0.698242
vt 0.138428 0.704590
vt 0.138916 0.695557
vt 0.142578 0.690674
vt 0.137207 0.688721
vt 0.135010 0.693848
vt 0.288330 0.021484
vt 0.289795 0.028564
vt 0.285645 0.024658
vt 0.285400 0.028564
vt 0.614990 0.673828
vt 0.618896 0.677979
vt 0.614990 0.682373
vt 0.618896 0.681152
vt 0.546143 0.289795
vt 0.543701 0.287842
vt 0.546143 0.283203
vt 0.991455 0.072754
vt 0.997070 0.072754
vt 0.992920 0.076660
vt 0.997070 0.076660
vt 0.996826 0.217529
vt 0.992676 0.218262
vt 0.991455 0.217529
vt 0.991943 0.413086
vt 0.995850 0.413086
vt 0.993408 0.416748
vt 0.991455 0.416748
vt 0.991943 0.386963
vt 0.996094 0.388184
vt 0.991455 0.388184
vt 0.991455 0.497314
vt 0.991455 0.495361
vt 0.995605 0.496582
vt 0.627686 0.061768
vt 0.627686 0.043701
vt 0.633301 0.045410
vt 0.161377 0.986328
vt 0.141846 0.984863
vt 0.141846 0.977539
vt 0.161377 0.971436
vt 0.143799 0.970215
vt 0.144287 0.963867
vt 0.159180 0.957031
vt 0.930176 0.068115
vt 0.932129 0.062500
vt 0.952148 0.068848
vt 0.932129 0.075195
vt 0.953125 0.056641
vt 0.934082 0.056152
vt 0.937012 0.050781
vt 0.939941 0.048340
vt 0.951660 0.045410
vt 0.953125 0.083008
vt 0.934082 0.082520
vt 0.937012 0.088379
vt 0.939941 0.091309
vt 0.951660 0.096680
vt 0.123535 0.412842
vt 0.123535 0.433838
vt 0.112549 0.429688
vt 0.294922 0.921387
vt 0.302734 0.908936
vt 0.338867 0.938721
vt 0.337891 0.908936
vt 0.292969 0.934082
vt 0.318604 0.957764
vt 0.079102 0.940918
vt 0.079102 0.954834
vt 0.050293 0.950195
vt 0.076416 0.967041
vt 0.071777 0.979980
vt 0.051514 0.975098
vt 0.267578 0.737061
vt 0.267578 0.753662
vt 0.264160 0.751465
vt 0.257324 0.739746
vt 0.252441 0.745117
vt 0.300781 0.535156
vt 0.290771 0.528564
vt 0.300781 0.498535
vt 0.865234 0.796387
vt 0.872314 0.796387
vt 0.873779 0.817139
vt 0.862549 0.820068
vt 0.805664 0.386230
vt 0.820068 0.371338
vt 0.820068 0.405273
vt 0.425537 0.970703
vt 0.433838 0.948486
vt 0.433838 0.976807
vt 0.386719 0.172119
vt 0.390625 0.161377
vt 0.415527 0.161377
vt 0.419434 0.179932
vt 0.386719 0.187988
vt 0.414551 0.199463
vt 0.839111 0.938965
vt 0.839111 0.970459
vt 0.827393 0.962891
vt 0.823242 0.571533
vt 0.823242 0.596924
vt 0.807861 0.574707
vt 0.472168 0.967041
vt 0.490723 0.967041
vt 0.472900 0.994141
vt 0.960938 0.953857
vt 0.983154 0.953857
vt 0.971924 0.984131
vt 0.983154 0.978516
vt 0.957275 0.984619
vt 0.630859 0.685547
vt 0.630859 0.650391
vt 0.642822 0.675537
vt 0.636963 0.655518
vt 0.631592 0.631348
vt 0.647461 0.631592
vt 0.647461 0.653320
vt 0.956543 0.824951
vt 0.968750 0.825928
vt 0.961182 0.847900
vt 0.968750 0.846680
vt 0.967041 0.859619
vt 0.321533 0.068848
vt 0.324463 0.080078
vt 0.312256 0.074219
vt 0.323730 0.084229
vt 0.307617 0.089355
vt 0.323242 0.090576
vt 0.324463 0.098145
vt 0.995850 0.224121
vt 0.991455 0.223145
vt 0.996826 0.223145
vt 0.060059 0.008789
vt 0.059326 0.020508
vt 0.055908 0.020508
vt 0.055908 0.009033
vt 0.994629 0.301025
vt 0.991455 0.297607
vt 0.996582 0.297607
vt 0.551025 0.968750
vt 0.551025 0.964844
vt 0.562256 0.966553
vt 0.560791 0.963623
vt 0.569336 0.961182
vt 0.569336 0.962646
vt 0.574951 0.954590
vt 0.573486 0.954346
vt 0.576172 0.947510
vt 0.574951 0.947510
vt 0.573486 0.939209
vt 0.574951 0.939209
vt 0.569336 0.932129
vt 0.569336 0.930908
vt 0.562256 0.926514
vt 0.560791 0.929199
vt 0.551025 0.927490
vt 0.551025 0.923340
vt 0.917969 0.387939
vt 0.917236 0.376709
vt 0.922363 0.377441
vt 0.922852 0.387207
vt 0.918945 0.368652
vt 0.922852 0.368408
vt 0.642090 0.424561
vt 0.641846 0.417480
vt 0.646484 0.424561
vt 0.646240 0.417480
vt 0.642090 0.434570
vt 0.650391 0.417480
vt 0.650635 0.424561
vt 0.650635 0.434814
vt 0.646484 0.434814
vt 0.641846 0.441650
vt 0.650391 0.441650
vt 0.646240 0.441650
vt 0.543457 0.736816
vt 0.547852 0.735352
vt 0.547852 0.745605
vt 0.543457 0.745117
vt 0.557373 0.530029
vt 0.552734 0.530273
vt 0.555908 0.523438
vt 0.551514 0.523682
vt 0.551514 0.515137
vt 0.555908 0.514893
vt 0.557373 0.507080
vt 0.553467 0.505615
vt 0.677246 0.148682
vt 0.679199 0.138672
vt 0.679199 0.156738
vt 0.653564 0.263184
vt 0.657715 0.263184
vt 0.656982 0.271729
vt 0.661865 0.263428
vt 0.653076 0.271729
vt 0.661133 0.271729
vt 0.657715 0.281738
vt 0.653564 0.281738
vt 0.661865 0.281738
vt 0.475342 0.396240
vt 0.479736 0.396973
vt 0.475342 0.405273
vt 0.207275 0.696777
vt 0.204102 0.704590
vt 0.202148 0.697754
vt 0.202148 0.686768
vt 0.207275 0.687256
vt 0.145020 0.578857
vt 0.145752 0.586914
vt 0.141602 0.587158
vt 0.141113 0.578857
vt 0.141113 0.567383
vt 0.145752 0.567871
vt 0.136963 0.579102
vt 0.137451 0.587402
vt 0.137451 0.568115
vt 0.141602 0.568115
vt 0.994873 0.384766
vt 0.991455 0.381104
vt 0.995850 0.381104
vt 0.609619 0.147217
vt 0.607422 0.137207
vt 0.609619 0.129150
vt 0.377686 0.002930
vt 0.381592 0.010742
vt 0.377686 0.012695
vt 0.163086 0.701416
vt 0.159424 0.707764
vt 0.159424 0.691406
vt 0.007812 0.010254
vt 0.003418 0.019043
vt 0.003418 0.002197
vt 0.626953 0.433838
vt 0.623047 0.425537
vt 0.626953 0.414795
vt 0.193604 0.014160
vt 0.193604 0.002930
vt 0.196289 0.013916
vt 0.991455 0.424805
vt 0.995850 0.424805
vt 0.991699 0.427246
vt 0.995850 0.427246
vt 0.361328 0.389404
vt 0.361328 0.379883
vt 0.365723 0.389404
vt 0.147217 0.200928
vt 0.147217 0.212158
vt 0.144531 0.211914
vt 0.002441 0.572266
vt 0.004639 0.581055
vt 0.002441 0.587402
vt 0.042725 0.723145
vt 0.042725 0.739258
vt 0.040039 0.731445
vt 0.692627 0.053467
vt 0.695068 0.047363
vt 0.695068 0.063232
vt 0.646484 0.254883
vt 0.646484 0.237305
vt 0.649170 0.245117
vt 0.080811 0.560547
vt 0.076416 0.550293
vt 0.080811 0.543213
vt 0.097900 0.647217
vt 0.101318 0.654541
vt 0.097900 0.664795
vt 0.567627 0.607910
vt 0.567627 0.589600
vt 0.571533 0.599609
vt 0.482910 0.689209
vt 0.482910 0.701416
vt 0.479248 0.691162
vt 0.140869 0.214844
vt 0.140869 0.226318
vt 0.138184 0.226074
vt 0.119141 0.213623
vt 0.119141 0.202393
vt 0.121826 0.213379
vt 0.995850 0.429443
vt 0.995850 0.431885
vt 0.991455 0.429443
vt 0.991699 0.431885
vt 0.408936 0.321289
vt 0.408936 0.311768
vt 0.413086 0.311768
vt 0.413086 0.321289
vt 0.360840 0.453125
vt 0.358154 0.460693
vt 0.356201 0.459229
vt 0.355225 0.453125
vt 0.175293 0.344727
vt 0.177246 0.343262
vt 0.177246 0.351562
vt 0.449707 0.574707
vt 0.446533 0.582520
vt 0.446533 0.567383
vt 0.270996 0.205322
vt 0.273926 0.213135
vt 0.270996 0.213623
vt 0.336182 0.085449
vt 0.338867 0.084961
vt 0.338867 0.094971
vt 0.554688 0.812256
vt 0.554688 0.796631
vt 0.562012 0.807373
vt 0.561279 0.788574
vt 0.169678 0.688232
vt 0.179443 0.685059
vt 0.166504 0.695801
vt 0.181152 0.693604
vt 0.165283 0.706055
vt 0.182617 0.703125
vt 0.197998 0.699707
vt 0.166748 0.714355
vt 0.197998 0.708252
vt 0.184082 0.711670
vt 0.174316 0.721924
vt 0.194580 0.717773
vt 0.185547 0.721191
vt 0.160400 0.573242
vt 0.163086 0.565674
vt 0.163086 0.574707
vt 0.069580 0.264404
vt 0.067627 0.261475
vt 0.069580 0.254150
vt 0.204102 0.003418
vt 0.204102 0.012695
vt 0.197754 0.008789
vt 0.195557 0.001465
vt 0.340332 0.386719
vt 0.335205 0.389404
vt 0.335205 0.380127
vt 0.058594 0.177490
vt 0.055176 0.185303
vt 0.052979 0.180664
vt 0.052979 0.170898
vt 0.506592 0.045654
vt 0.511475 0.045654
vt 0.512939 0.054932
vt 0.505859 0.054688
vt 0.512451 0.063232
vt 0.506348 0.064697
vt 0.510010 0.072754
vt 0.079834 0.976807
vt 0.079834 0.967041
vt 0.089844 0.965332
vt 0.089844 0.976807
vt 0.099854 0.976807
vt 0.099854 0.965576
vt 0.089844 0.986816
vt 0.079834 0.985352
vt 0.099854 0.986816
vt 0.098389 0.992676
vt 0.425781 0.104492
vt 0.421631 0.095215
vt 0.425781 0.091309
vt 0.247314 0.658691
vt 0.247314 0.645752
vt 0.253418 0.653809
vt 0.252686 0.664795
vt 0.976074 0.522461
vt 0.974365 0.516357
vt 0.982666 0.515625
vt 0.984619 0.505615
vt 0.974365 0.506592
vt 0.974365 0.495605
vt 0.982666 0.494629
vt 0.846680 0.175537
vt 0.843506 0.171631
vt 0.851074 0.170166
vt 0.850342 0.177246
vt 0.856445 0.172119
vt 0.855957 0.165039
vt 0.848633 0.163330
vt 0.841553 0.167725
vt 0.842773 0.162598
vt 0.843506 0.157471
vt 0.852051 0.159180
vt 0.846191 0.154297
vt 0.856445 0.156006
vt 0.851562 0.152100
vt 0.283447 0.093506
vt 0.280029 0.096680
vt 0.280029 0.076416
vt 0.572998 0.347412
vt 0.572998 0.368408
vt 0.567627 0.370361
vt 0.569092 0.345703
vt 0.565186 0.345703
vt 0.563721 0.370361
vt 0.559326 0.367432
vt 0.559814 0.347656
vt 0.105957 0.103027
vt 0.103516 0.107666
vt 0.103516 0.088867
vt 0.106934 0.093994
vt 0.107666 0.098145
vt 0.705566 0.303955
vt 0.705566 0.296387
vt 0.710938 0.298584
vt 0.259277 0.024902
vt 0.265869 0.021484
vt 0.265869 0.028564
vt 0.079590 0.584961
vt 0.077148 0.590576
vt 0.074463 0.587158
vt 0.073975 0.582764
vt 0.080811 0.579590
vt 0.073975 0.577148
vt 0.079346 0.575195
vt 0.075684 0.573242
vt 0.314941 0.518799
vt 0.320557 0.520752
vt 0.312256 0.523926
vt 0.320557 0.514893
vt 0.314697 0.514160
vt 0.325928 0.516113
vt 0.315918 0.508545
vt 0.312256 0.510986
vt 0.322021 0.507324
vt 0.326172 0.508301
vt 0.468994 0.220459
vt 0.471680 0.224854
vt 0.464600 0.224854
vt 0.465332 0.217041
vt 0.210449 0.571533
vt 0.213623 0.568359
vt 0.213623 0.587402
vt 0.608398 0.155518
vt 0.611084 0.152100
vt 0.611084 0.169434
vt 0.606934 0.161621
vt 0.607910 0.165771
vt 0.752441 0.322998
vt 0.748535 0.313232
vt 0.752686 0.313965
vt 0.749023 0.304199
vt 0.753662 0.303223
vt 0.748535 0.288818
vt 0.751953 0.288574
vt 0.034424 0.941895
vt 0.015869 0.940918
vt 0.013428 0.927734
vt 0.034180 0.913086
vt 0.013916 0.913330
vt 0.060059 0.941895
vt 0.013428 0.899170
vt 0.054199 0.912842
vt 0.034424 0.885010
vt 0.060059 0.885010
vt 0.951660 0.686768
vt 0.954590 0.688721
vt 0.950928 0.700684
vt 0.947754 0.700439
vt 0.948242 0.714600
vt 0.952393 0.713867
vt 0.951172 0.729736
vt 0.954590 0.727539
vt 0.675781 0.342529
vt 0.667725 0.319580
vt 0.681152 0.325439
vt 0.688721 0.333252
vt 0.693359 0.342773
vt 0.693115 0.353027
vt 0.667725 0.365967
vt 0.688477 0.368408
vt 0.680176 0.389404
vt 0.463135 0.372803
vt 0.474854 0.367676
vt 0.468750 0.392090
vt 0.455322 0.380371
vt 0.450928 0.391113
vt 0.450928 0.401611
vt 0.474854 0.418213
vt 0.455078 0.419434
vt 0.460938 0.428711
vt 0.462158 0.434082
vt 0.461426 0.440186
vt 0.367920 0.371338
vt 0.372070 0.370605
vt 0.367920 0.382324
vt 0.372070 0.381592
vt 0.367920 0.392578
vt 0.372070 0.392578
vt 0.313232 0.028564
vt 0.313232 0.018066
vt 0.316650 0.017578
vt 0.316650 0.028076
vt 0.394287 0.112305
vt 0.390381 0.112305
vt 0.393799 0.096436
vt 0.388672 0.095215
vt 0.389648 0.073730
vt 0.394287 0.073242
vt 0.427734 0.267090
vt 0.431885 0.263672
vt 0.432129 0.269287
vt 0.426514 0.273682
vt 0.432129 0.275146
vt 0.431396 0.280273
vt 0.403320 0.908936
vt 0.405762 0.915039
vt 0.402588 0.915527
vt 0.406738 0.925537
vt 0.413086 0.918213
vt 0.404053 0.932617
vt 0.398926 0.914795
vt 0.402100 0.938721
vt 0.401855 0.943359
vt 0.385742 0.943604
vt 0.384766 0.937744
vt 0.364258 0.939941
vt 0.364502 0.935303
vt 0.364990 0.918701
vt 0.384766 0.915039
vt 0.393799 0.887207
vt 0.364258 0.901123
vt 0.380859 0.892334
vt 0.198975 0.160156
vt 0.202637 0.154785
vt 0.202637 0.166260
vt 0.069580 0.240234
vt 0.069580 0.247070
vt 0.066406 0.244385
vt 0.430664 0.118652
vt 0.427490 0.114258
vt 0.430664 0.113770
vt 0.428955 0.110107
vt 0.427490 0.109131
vt 0.174072 0.920898
vt 0.172363 0.921387
vt 0.173340 0.906494
vt 0.145508 0.904053
vt 0.153076 0.885010
vt 0.173096 0.887207
vt 0.172852 0.870117
vt 0.145508 0.868164
vt 0.160400 0.862061
vt 0.173584 0.860840
vt 0.175537 0.860352
vt 0.179199 0.869873
vt 0.175049 0.887695
vt 0.179443 0.886963
vt 0.196289 0.885010
vt 0.193115 0.864258
vt 0.038086 0.528809
vt 0.035889 0.544678
vt 0.036621 0.528320
vt 0.035889 0.507324
vt 0.566406 0.079102
vt 0.569092 0.057373
vt 0.571533 0.057617
vt 0.566406 0.040527
vt 0.842773 0.411377
vt 0.854492 0.397461
vt 0.862305 0.414062
vt 0.840820 0.436523
vt 0.863525 0.458008
vt 0.843750 0.462402
vt 0.863525 0.436523
vt 0.876709 0.414062
vt 0.875488 0.404297
vt 0.880859 0.412842
vt 0.883301 0.435303
vt 0.879150 0.435303
vt 0.879150 0.456787
vt 0.877930 0.467041
vt 0.883301 0.456787
vt 0.932861 0.156738
vt 0.914307 0.156006
vt 0.912109 0.130127
vt 0.932129 0.127686
vt 0.932861 0.102295
vt 0.915039 0.105469
vt 0.945068 0.127441
vt 0.946777 0.156494
vt 0.946777 0.100830
vt 0.941895 0.389893
vt 0.948242 0.369141
vt 0.943115 0.390137
vt 0.942871 0.409424
vt 0.944092 0.409668
vt 0.948242 0.419434
vt 0.277100 0.093506
vt 0.275146 0.072021
vt 0.277100 0.071777
vt 0.976074 0.878662
vt 0.976074 0.855957
vt 0.987793 0.878174
vt 0.987793 0.857178
vt 0.241455 0.884521
vt 0.245117 0.863281
vt 0.257080 0.864502
vt 0.253418 0.885742
vt 0.242676 0.895752
vt 0.263184 0.908691
vt 0.275635 0.869141
vt 0.265381 0.845947
vt 0.270264 0.889893
vt 0.286377 0.907959
vt 0.281982 0.851562
vt 0.299316 0.861328
vt 0.293945 0.876221
vt 0.289307 0.891357
vt 0.299316 0.891357
vt 0.296143 0.899658
vt 0.297363 0.905273
vt 0.303955 0.502686
vt 0.311768 0.519775
vt 0.303955 0.527100
vt 0.477783 0.364990
vt 0.482910 0.390869
vt 0.477783 0.392578
vt 0.205078 0.120361
vt 0.204346 0.114990
vt 0.207275 0.114990
vt 0.204346 0.108887
vt 0.207275 0.109131
vt 0.115234 0.197021
vt 0.115234 0.191162
vt 0.117188 0.196533
vt 0.116455 0.202637
vt 0.970459 0.753174
vt 0.975830 0.751465
vt 0.975830 0.780273
vt 0.970459 0.780518
vt 0.980957 0.752686
vt 0.984863 0.756592
vt 0.986328 0.766602
vt 0.951172 0.278564
vt 0.948242 0.277100
vt 0.951416 0.268555
vt 0.952881 0.268555
vt 0.951660 0.257080
vt 0.954590 0.255859
vt 0.952148 0.244385
vt 0.950684 0.244385
vt 0.951172 0.234619
vt 0.948242 0.235840
vt 0.259033 0.685547
vt 0.258545 0.674561
vt 0.272949 0.675537
vt 0.259766 0.663330
vt 0.262207 0.654053
vt 0.267090 0.649414
vt 0.272949 0.648193
vt 0.278564 0.648926
vt 0.278564 0.675781
vt 0.251953 0.039307
vt 0.250732 0.032715
vt 0.253418 0.032471
vt 0.253418 0.039551
vt 0.051025 0.007812
vt 0.052246 0.008301
vt 0.051025 0.013916
vt 0.052246 0.014160
vt 0.991455 0.053955
vt 0.997314 0.053467
vt 0.997314 0.055176
vt 0.991699 0.209961
vt 0.996826 0.211426
vt 0.991455 0.211426
vt 0.992676 0.317139
vt 0.991455 0.315430
vt 0.996338 0.315430
vt 0.995850 0.317139
vt 0.993896 0.583984
vt 0.991943 0.583252
vt 0.994629 0.581543
vt 0.991455 0.581543
vt 0.565186 0.064453
vt 0.562744 0.064941
vt 0.565186 0.059326
vt 0.561035 0.064209
vt 0.561035 0.059082
vt 0.991455 0.585938
vt 0.994629 0.586914
vt 0.991455 0.587891
vt 0.993896 0.612305
vt 0.991699 0.614258
vt 0.991455 0.612305
vt 0.995850 0.434082
vt 0.995850 0.436035
vt 0.991455 0.436035
vt 0.992432 0.435059
vt 0.992432 0.616211
vt 0.993896 0.617432
vt 0.991455 0.617432
vt 0.992676 0.252686
vt 0.993164 0.250732
vt 0.995850 0.252441
vt 0.995605 0.249268
vt 0.991455 0.253662
vt 0.996582 0.253662
vt 0.992432 0.558838
vt 0.991455 0.557861
vt 0.993896 0.557861
vt 0.994873 0.558838
vt 0.435303 0.585693
vt 0.434082 0.585693
vt 0.435303 0.584229
vt 0.434082 0.583008
vt 0.435303 0.577148
vt 0.781982 0.563477
vt 0.780762 0.563232
vt 0.781006 0.561523
vt 0.774414 0.558838
vt 0.779297 0.555908
vt 0.777344 0.551025
vt 0.772705 0.552002
vt 0.772705 0.544922
vt 0.778320 0.545898
vt 0.775146 0.539551
vt 0.781738 0.542236
vt 0.776855 0.537354
vt 0.781982 0.541016
vt 0.779785 0.537354
vt 0.402344 0.278809
vt 0.399902 0.280273
vt 0.400146 0.277832
vt 0.405273 0.272705
vt 0.401855 0.272461
vt 0.405029 0.266357
vt 0.401611 0.266113
vt 0.402832 0.259521
vt 0.399902 0.260254
vt 0.991455 0.058594
vt 0.996582 0.057373
vt 0.997314 0.058594
vt 0.595215 0.614258
vt 0.592529 0.607910
vt 0.595215 0.607910
vt 0.643311 0.576172
vt 0.644531 0.571289
vt 0.646973 0.572021
vt 0.645752 0.566406
vt 0.647461 0.565918
vt 0.643311 0.561523
vt 0.646973 0.560547
vt 0.554199 0.454346
vt 0.551270 0.453613
vt 0.552979 0.447998
vt 0.551514 0.447510
vt 0.553711 0.440674
vt 0.552246 0.440186
vt 0.554199 0.434814
vt 0.552734 0.434326
vt 0.007812 0.540283
vt 0.010742 0.541504
vt 0.007568 0.546387
vt 0.010986 0.546143
vt 0.008301 0.548096
vt 0.010986 0.549316
vt 0.993652 0.160645
vt 0.991455 0.157471
vt 0.996826 0.157471
vt 0.210449 0.406982
vt 0.206787 0.403076
vt 0.210449 0.400879
vt 0.207764 0.400879
vt 0.208740 0.398682
vt 0.991455 0.620605
vt 0.992432 0.619385
vt 0.993896 0.620605
vt 0.994629 0.575928
vt 0.991455 0.575928
vt 0.993652 0.574463
vt 0.991455 0.512451
vt 0.992188 0.510742
vt 0.994629 0.512451
vt 0.995361 0.510742
vt 0.995361 0.514648
vt 0.991943 0.516602
vt 0.991455 0.514648
vt 0.995850 0.475342
vt 0.995117 0.476318
vt 0.993652 0.475342
vt 0.991455 0.475342
vt 0.973633 0.837402
vt 0.981445 0.835693
vt 0.979736 0.851807
vt 0.975342 0.851318
vt 0.972656 0.833496
vt 0.981445 0.823730
vt 0.971680 0.826172
vt 0.512939 0.344482
vt 0.512939 0.357666
vt 0.507324 0.356934
vt 0.505859 0.344727
vt 0.995605 0.364502
vt 0.996094 0.368652
vt 0.991455 0.368652
vt 0.997070 0.032959
vt 0.994385 0.038086
vt 0.991455 0.032959
vt 0.531982 0.584229
vt 0.530762 0.588867
vt 0.528320 0.587646
vt 0.528320 0.580322
vt 0.617676 0.336914
vt 0.614502 0.337158
vt 0.617676 0.322754
vt 0.611816 0.320557
vt 0.618896 0.318359
vt 0.608887 0.308105
vt 0.618896 0.305420
vt 0.618652 0.302490
vt 0.613281 0.292480
vt 0.118652 0.861572
vt 0.111816 0.859375
vt 0.113525 0.845215
vt 0.123047 0.847656
vt 0.115479 0.841064
vt 0.123779 0.843506
vt 0.118408 0.828369
vt 0.127930 0.830811
vt 0.118652 0.825684
vt 0.131348 0.826904
vt 0.115967 0.813965
vt 0.110352 0.802002
vt 0.113525 0.799561
vt 0.127441 0.810791
vt 0.129395 0.783936
vt 0.150879 0.806641
vt 0.147949 0.784912
vt 0.160156 0.783936
vt 0.164551 0.804443
vt 0.145752 0.825928
vt 0.159180 0.822021
vt 0.158691 0.826416
vt 0.143799 0.830078
vt 0.149658 0.829346
vt 0.133545 0.831543
vt 0.160156 0.839355
vt 0.143555 0.844482
vt 0.152588 0.841309
vt 0.133545 0.844727
vt 0.153564 0.845703
vt 0.134521 0.849121
vt 0.160889 0.843750
vt 0.157959 0.857910
vt 0.162354 0.856934
vt 0.143066 0.848633
vt 0.141357 0.864502
vt 0.135742 0.863770
vt 0.581299 0.587402
vt 0.580566 0.581787
vt 0.585205 0.584717
vt 0.585693 0.581787
vt 0.973633 0.915771
vt 0.974854 0.902588
vt 0.979980 0.901367
vt 0.981445 0.918945
vt 0.973145 0.920410
vt 0.981445 0.929199
vt 0.973389 0.927979
vt 0.621338 0.320557
vt 0.625244 0.321533
vt 0.625244 0.328857
vt 0.621338 0.329346
vt 0.284912 0.685303
vt 0.283447 0.670166
vt 0.288086 0.685547
vt 0.291260 0.668213
vt 0.283691 0.666016
vt 0.294434 0.658203
vt 0.283447 0.652832
vt 0.285156 0.648193
vt 0.536621 0.001953
vt 0.536621 0.010498
vt 0.529785 0.002686
vt 0.529785 0.012695
vt 0.041016 0.009521
vt 0.044434 0.018799
vt 0.041016 0.022217
vt 0.353027 0.228027
vt 0.348877 0.226074
vt 0.353027 0.218018
vt 0.276611 0.796631
vt 0.281738 0.805420
vt 0.276123 0.806152
vt 0.268311 0.800049
vt 0.263672 0.812256
vt 0.263672 0.786621
vt 0.153320 0.346680
vt 0.158203 0.348633
vt 0.153320 0.360840
vt 0.302979 0.962402
vt 0.316895 0.960693
vt 0.322754 0.974121
vt 0.302979 0.984619
vt 0.324707 0.989502
vt 0.329346 0.987061
vt 0.327393 0.976074
vt 0.360840 0.179443
vt 0.360840 0.193115
vt 0.356934 0.192139
vt 0.357910 0.179443
vt 0.096680 0.642334
vt 0.094238 0.644531
vt 0.086182 0.637451
vt 0.084961 0.633545
vt 0.085693 0.650635
vt 0.094482 0.654297
vt 0.085938 0.654053
vt 0.093750 0.657471
vt 0.084961 0.670166
vt 0.089355 0.671143
vt 0.621094 0.674805
vt 0.625244 0.674805
vt 0.623535 0.687012
vt 0.294189 0.359375
vt 0.303955 0.357422
vt 0.303955 0.370361
vt 0.292480 0.369141
vt 0.291504 0.360107
vt 0.969727 0.460693
vt 0.970215 0.449219
vt 0.980469 0.449707
vt 0.983154 0.460693
vt 0.979980 0.446533
vt 0.969727 0.446045
vt 0.979980 0.431885
vt 0.970947 0.431885
vt 0.443848 0.969727
vt 0.451172 0.959717
vt 0.457275 0.971680
vt 0.457275 0.973633
vt 0.443359 0.973633
vt 0.461670 0.962158
vt 0.467041 0.973145
vt 0.453125 0.956787
vt 0.462158 0.958984
vt 0.463135 0.943848
vt 0.467041 0.946533
vt 0.164551 0.002197
vt 0.162842 0.014160
vt 0.162842 0.001709
vt 0.151123 0.001709
vt 0.153564 0.014160
vt 0.151123 0.014160
vt 0.382568 0.392578
vt 0.389648 0.383057
vt 0.391113 0.392578
vt 0.324463 0.466797
vt 0.333984 0.466553
vt 0.333984 0.468994
vt 0.323242 0.469727
vt 0.326172 0.479248
vt 0.330811 0.479736
vt 0.861572 0.835693
vt 0.866211 0.826660
vt 0.874023 0.839600
vt 0.875977 0.828125
vt 0.860352 0.838623
vt 0.874512 0.843750
vt 0.870117 0.867188
vt 0.843750 0.846191
vt 0.845703 0.865234
vt 0.843750 0.882080
vt 0.864746 0.886230
vt 0.885498 0.885498
vt 0.889648 0.872070
vt 0.874023 0.892822
vt 0.001953 0.431152
vt 0.004639 0.440186
vt 0.001465 0.440186
vt 0.725098 0.370361
vt 0.716309 0.366699
vt 0.724609 0.367676
vt 0.724854 0.354492
vt 0.717773 0.354492
vt 0.755371 0.310303
vt 0.755615 0.307617
vt 0.764648 0.309082
vt 0.759521 0.295410
vt 0.764648 0.295654
vt 0.402100 0.109131
vt 0.396240 0.106689
vt 0.402100 0.103516
vt 0.396484 0.102051
vt 0.399170 0.098145
vt 0.001221 0.707764
vt 0.001221 0.701660
vt 0.006104 0.706787
vt 0.007812 0.702393
vt 0.001953 0.695801
vt 0.077637 0.446533
vt 0.077637 0.452393
vt 0.073242 0.447510
vt 0.072021 0.454346
vt 0.254883 0.670166
vt 0.254150 0.676025
vt 0.250977 0.673096
vt 0.250977 0.667480
vt 0.133057 0.589600
vt 0.125977 0.590576
vt 0.124756 0.576416
vt 0.131836 0.576904
vt 0.124023 0.572266
vt 0.132812 0.572754
vt 0.133057 0.566162
vt 0.121582 0.565918
vt 0.081299 0.451172
vt 0.080811 0.445557
vt 0.084717 0.448486
vt 0.085449 0.445557
vt 0.418457 0.946045
vt 0.422607 0.945557
vt 0.414551 0.961670
vt 0.422607 0.964111
vt 0.414551 0.965820
vt 0.420898 0.975098
vt 0.414551 0.973389
vt 0.074951 0.649414
vt 0.079102 0.648438
vt 0.072510 0.662598
vt 0.079102 0.666504
vt 0.971924 0.293701
vt 0.966309 0.278564
vt 0.970215 0.280029
vt 0.963135 0.296631
vt 0.971191 0.297852
vt 0.962646 0.306152
vt 0.971436 0.304932
vt 0.971924 0.310303
vt 0.181152 0.150391
vt 0.177979 0.149902
vt 0.178223 0.134033
vt 0.186035 0.132812
vt 0.178955 0.129883
vt 0.188477 0.122314
vt 0.177979 0.115723
vt 0.178223 0.111084
vt 0.275879 0.420166
vt 0.280273 0.421631
vt 0.275879 0.427490
vt 0.576172 0.503174
vt 0.570312 0.511230
vt 0.570312 0.498535
vt 0.381592 0.465088
vt 0.368896 0.467041
vt 0.373291 0.456055
vt 0.368896 0.453125
vt 0.701416 0.574707
vt 0.697266 0.571289
vt 0.701416 0.565918
vt 0.387939 0.509766
vt 0.387939 0.531982
vt 0.375244 0.522705
vt 0.375488 0.536621
vt 0.409912 0.261963
vt 0.421387 0.275391
vt 0.409912 0.280273
vt 0.424316 0.261963
vt 0.813721 0.965820
vt 0.797852 0.973633
vt 0.813477 0.951904
vt 0.797852 0.942139
vt 0.709229 0.548584
vt 0.692627 0.574707
vt 0.692627 0.542725
vt 0.565186 0.578857
vt 0.565186 0.611084
vt 0.552002 0.582520
vt 0.550537 0.602295
vt 0.547119 0.593750
vt 0.557373 0.879883
vt 0.544434 0.880127
vt 0.555420 0.858887
vt 0.544434 0.859863
vt 0.548828 0.844727
vt 0.540283 0.846680
vt 0.557373 0.845459
vt 0.542725 0.840332
vt 0.557129 0.842285
vt 0.549316 0.830811
vt 0.541992 0.831299
vt 0.554932 0.831543
vt 0.554688 0.827881
vt 0.543213 0.828125
vt 0.549561 0.817383
vt 0.545166 0.817139
vt 0.332764 0.973633
vt 0.332764 0.952881
vt 0.341797 0.972412
vt 0.343506 0.954346
vt 0.338623 0.941895
vt 0.517090 0.763428
vt 0.531982 0.763428
vt 0.525635 0.778809
vt 0.707764 0.919678
vt 0.704834 0.932617
vt 0.695801 0.933594
vt 0.697510 0.936523
vt 0.704590 0.935791
vt 0.699463 0.947510
vt 0.706543 0.946777
vt 0.707764 0.950684
vt 0.700684 0.951416
vt 0.707520 0.962158
vt 0.702393 0.962646
vt 0.362305 0.725342
vt 0.367188 0.720703
vt 0.367188 0.734619
vt 0.363281 0.733643
vt 0.700439 0.181152
vt 0.701660 0.184326
vt 0.695312 0.194824
vt 0.704590 0.194824
vt 0.383057 0.285645
vt 0.385254 0.276367
vt 0.386230 0.286621
vt 0.383057 0.289795
vt 0.394287 0.706543
vt 0.394043 0.710205
vt 0.387207 0.708252
vt 0.387207 0.720215
vt 0.390625 0.720215
vt 0.222168 0.002441
vt 0.228027 0.005615
vt 0.222168 0.010986
vt 0.991455 0.362305
vt 0.994141 0.358887
vt 0.996094 0.362305
vt 0.071289 0.011963
vt 0.075928 0.011230
vt 0.072021 0.015381
vt 0.075928 0.017334
vt 0.130859 0.011963
vt 0.137695 0.001709
vt 0.137695 0.014160
vt 0.110107 0.155029
vt 0.110107 0.142578
vt 0.114014 0.144531
vt 0.382324 0.219971
vt 0.382324 0.213867
vt 0.386230 0.216064
vt 0.386230 0.211914
vt 0.761475 0.411621
vt 0.755371 0.411133
vt 0.761475 0.401611
vt 0.755371 0.401367
vt 0.259033 0.083008
vt 0.262695 0.089111
vt 0.259033 0.090332
vt 0.301514 0.020264
vt 0.308594 0.021729
vt 0.303223 0.028076
vt 0.308594 0.028564
vt 0.315918 0.666748
vt 0.318115 0.671875
vt 0.315918 0.674316
vt 0.489258 0.012695
vt 0.482178 0.010986
vt 0.488770 0.008789
vt 0.489258 0.001953
vt 0.480225 0.002441
vt 0.631592 0.642822
vt 0.629395 0.645996
vt 0.629395 0.637451
vt 0.334229 0.068115
vt 0.340332 0.072754
vt 0.336426 0.072754
vt 0.334229 0.082275
vt 0.193115 0.136230
vt 0.188477 0.147217
vt 0.188477 0.134766
vt 0.185791 0.774170
vt 0.185791 0.762695
vt 0.192139 0.771729
vt 0.190430 0.762939
vt 0.195312 0.763428
vt 0.196289 0.770996
vt 0.929199 0.856445
vt 0.927246 0.863037
vt 0.923584 0.855225
vt 0.919922 0.863770
vt 0.927002 0.867676
vt 0.918701 0.880127
vt 0.914551 0.862061
vt 0.914307 0.866455
vt 0.914307 0.849121
vt 0.768555 0.980469
vt 0.770996 0.984619
vt 0.761230 0.982422
vt 0.767578 0.975342
vt 0.760986 0.972656
vt 0.768066 0.970215
vt 0.753662 0.973145
vt 0.749268 0.984619
vt 0.754150 0.968750
vt 0.761475 0.956787
vt 0.765381 0.957764
vt 0.320068 0.476562
vt 0.313232 0.476074
vt 0.315918 0.464355
vt 0.321289 0.464111
vt 0.319092 0.460449
vt 0.313232 0.460693
vt 0.701416 0.709961
vt 0.701416 0.725098
vt 0.698730 0.711670
vt 0.449707 0.680664
vt 0.446045 0.679688
vt 0.449219 0.677734
vt 0.446045 0.674561
vt 0.444824 0.642334
vt 0.444824 0.658691
vt 0.438965 0.645752
vt 0.440430 0.657959
vt 0.620605 0.596436
vt 0.615723 0.598389
vt 0.617432 0.593750
vt 0.613281 0.593262
vt 0.620605 0.583008
vt 0.478027 0.703369
vt 0.473877 0.715576
vt 0.473877 0.700195
vt 0.060791 0.104736
vt 0.063232 0.101074
vt 0.063232 0.115479
vt 0.993164 0.469727
vt 0.991455 0.468750
vt 0.991455 0.466797
vt 0.993164 0.465820
vt 0.995605 0.467773
vt 0.995605 0.469727
vt 0.993164 0.545410
vt 0.995117 0.546387
vt 0.991455 0.546387
vt 0.992676 0.489014
vt 0.995605 0.489990
vt 0.991455 0.489990
vt 0.992676 0.463867
vt 0.992676 0.461914
vt 0.994629 0.463867
vt 0.995605 0.460938
vt 0.991455 0.460938
vt 0.991455 0.198975
vt 0.995605 0.199463
vt 0.991699 0.204102
vt 0.993652 0.204102
vt 0.996582 0.200928
vt 0.996582 0.203125
vt 0.991455 0.044678
vt 0.997314 0.044678
vt 0.995117 0.046631
vt 0.996582 0.287109
vt 0.996094 0.288818
vt 0.993896 0.286377
vt 0.991455 0.288818
vt 0.994141 0.404785
vt 0.991455 0.403076
vt 0.996094 0.403076
vt 0.991455 0.571045
vt 0.994629 0.571045
vt 0.993408 0.572266
vt 0.993408 0.175781
vt 0.993408 0.178223
vt 0.991455 0.178467
vt 0.994629 0.175049
vt 0.995605 0.176758
vt 0.996826 0.178467
vt 0.991455 0.543457
vt 0.993164 0.541016
vt 0.994873 0.543457
vt 0.722900 0.521240
vt 0.726074 0.521240
vt 0.726562 0.523193
vt 0.726562 0.526611
vt 0.724854 0.527100
vt 0.721680 0.524170
vt 0.720947 0.525391
vt 0.993896 0.379150
vt 0.992432 0.378662
vt 0.991455 0.375488
vt 0.994141 0.376221
vt 0.996094 0.375488
vt 0.995605 0.378418
vt 0.991455 0.397705
vt 0.991699 0.395752
vt 0.993164 0.396973
vt 0.991699 0.393799
vt 0.993164 0.395020
vt 0.995605 0.396973
vt 0.995850 0.393799
vt 0.994141 0.473145
vt 0.991455 0.471924
vt 0.994629 0.471924
vt 0.995850 0.472412
vt 0.993896 0.501221
vt 0.991455 0.499268
vt 0.995605 0.499268
vt 0.667480 0.168213
vt 0.696533 0.178223
vt 0.687012 0.194580
vt 0.664551 0.184082
vt 0.712402 0.201904
vt 0.711182 0.210205
vt 0.685303 0.203125
vt 0.659668 0.197021
vt 0.677979 0.217285
vt 0.707520 0.220459
vt 0.656738 0.208252
vt 0.654297 0.229980
vt 0.679443 0.231445
vt 0.649170 0.263916
vt 0.710449 0.232910
vt 0.710449 0.263916
vt 0.677002 0.262451
vt 0.711426 0.281982
vt 0.676758 0.280518
vt 0.677734 0.292969
vt 0.712402 0.294434
vt 0.311768 0.774658
vt 0.329346 0.802734
vt 0.289551 0.810059
vt 0.325195 0.834961
vt 0.286133 0.765625
vt 0.264160 0.775879
vt 0.293945 0.851807
vt 0.264160 0.834717
vt 0.196289 0.940430
vt 0.177002 0.937744
vt 0.196045 0.914307
vt 0.177490 0.913086
vt 0.196289 0.888428
vt 0.177734 0.889893
vt 0.237549 0.337402
vt 0.235840 0.364014
vt 0.229980 0.360352
vt 0.229980 0.334473
vt 0.927246 0.509277
vt 0.927734 0.484863
vt 0.936768 0.481201
vt 0.938721 0.509521
vt 0.927246 0.535156
vt 0.895020 0.536621
vt 0.879639 0.532959
vt 0.895996 0.507812
vt 0.881836 0.506836
vt 0.895264 0.476318
vt 0.879639 0.477051
vt 0.033936 0.800293
vt 0.039551 0.807861
vt 0.012451 0.810547
vt 0.011963 0.798828
vt 0.034668 0.788574
vt 0.005615 0.778320
vt 0.033936 0.778320
vt 0.034668 0.750244
vt 0.001953 0.749023
vt 0.006104 0.723389
vt 0.036865 0.729980
vt 0.039551 0.717773
vt 0.005127 0.712158
vt 0.966797 0.316406
vt 0.978271 0.312256
vt 0.978271 0.342041
vt 0.852539 0.937500
vt 0.854980 0.970459
vt 0.842529 0.967773
vt 0.842529 0.934570
vt 0.732666 0.930420
vt 0.770996 0.929199
vt 0.756592 0.959961
vt 0.732666 0.973633
vt 0.097900 0.847900
vt 0.063477 0.848633
vt 0.094482 0.832520
vt 0.065430 0.834473
vt 0.093994 0.824707
vt 0.094971 0.816406
vt 0.114014 0.826172
vt 0.063477 0.820312
vt 0.069092 0.808350
vt 0.098633 0.804688
vt 0.093750 0.785889
vt 0.066162 0.784668
vt 0.070312 0.754639
vt 0.099121 0.756104
vt 0.721924 0.992432
vt 0.705322 0.992676
vt 0.721924 0.965332
vt 0.703857 0.969238
vt 0.696533 0.990967
vt 0.696777 0.966064
vt 0.043945 0.823242
vt 0.044189 0.790771
vt 0.056885 0.820801
vt 0.056885 0.787109
vt 0.794678 0.940674
vt 0.794678 0.975098
vt 0.773193 0.967285
vt 0.771240 0.934082
vt 0.888916 0.260742
vt 0.901855 0.260010
vt 0.894775 0.289307
vt 0.908691 0.291016
vt 0.888916 0.319824
vt 0.968994 0.349609
vt 0.978271 0.349121
vt 0.978271 0.378418
vt 0.216797 0.417969
vt 0.197998 0.437012
vt 0.197998 0.398682
vt 0.265869 0.957764
vt 0.240234 0.984619
vt 0.240234 0.955078
vt 0.840332 0.849854
vt 0.812012 0.856445
vt 0.839844 0.836914
vt 0.808838 0.843750
vt 0.824707 0.831299
vt 0.839355 0.827637
vt 0.839355 0.822021
vt 0.857910 0.832031
vt 0.823242 0.825928
vt 0.808350 0.827148
vt 0.819092 0.799561
vt 0.837402 0.797607
vt 0.858154 0.827881
vt 0.858154 0.799072
vt 0.836426 0.777832
vt 0.816895 0.781006
vt 0.883057 0.128174
vt 0.885254 0.100586
vt 0.916260 0.099609
vt 0.884766 0.083984
vt 0.916748 0.078857
vt 0.883057 0.072510
vt 0.916260 0.069092
vt 0.884033 0.638428
vt 0.882080 0.612305
vt 0.918213 0.643311
vt 0.918213 0.616455
vt 0.916748 0.671143
vt 0.163086 0.389648
vt 0.162598 0.427246
vt 0.153320 0.427490
vt 0.153320 0.388184
vt 0.386230 0.074707
vt 0.386230 0.112305
vt 0.376953 0.114014
vt 0.376953 0.074951
vt 0.425781 0.338623
vt 0.417236 0.367188
vt 0.417236 0.333984
vt 0.465332 0.936768
vt 0.442627 0.965820
vt 0.442627 0.918701
vt 0.930908 0.678711
vt 0.934082 0.729736
vt 0.921143 0.726562
vt 0.920898 0.699219
vt 0.926514 0.677002
vt 0.916992 0.721436
vt 0.902100 0.717041
vt 0.900635 0.717773
vt 0.900635 0.694336
vt 0.905273 0.672607
vt 0.968506 0.146484
vt 0.968750 0.193115
vt 0.963379 0.171143
vt 0.964355 0.192627
vt 0.945312 0.171875
vt 0.945068 0.193115
vt 0.950684 0.150879
vt 0.965576 0.150391
vt 0.371826 0.728271
vt 0.371826 0.712158
vt 0.376709 0.726807
vt 0.664062 0.354980
vt 0.667969 0.357910
vt 0.657227 0.377197
vt 0.653076 0.375732
vt 0.652588 0.396484
vt 0.648438 0.397705
vt 0.653320 0.417236
vt 0.657959 0.414795
vt 0.663818 0.433838
vt 0.667969 0.431152
vt 0.104492 0.913818
vt 0.101562 0.936035
vt 0.082520 0.916748
vt 0.083740 0.937256
vt 0.100098 0.961914
vt 0.085449 0.962646
vt 0.062744 0.935303
vt 0.062744 0.914795
vt 0.693359 0.360107
vt 0.693359 0.375244
vt 0.689209 0.373779
vt 0.612549 0.360840
vt 0.618896 0.363281
vt 0.612549 0.378418
vt 0.768066 0.282227
vt 0.777344 0.280029
vt 0.777344 0.299316
vt 0.965088 0.724121
vt 0.975098 0.739746
vt 0.965088 0.755127
vt 0.267090 0.437012
vt 0.267090 0.418701
vt 0.277100 0.433350
vt 0.607910 0.373047
vt 0.607910 0.392578
vt 0.603516 0.375244
vt 0.603760 0.360596
vt 0.607910 0.355225
vt 0.018555 0.710205
vt 0.018311 0.704346
vt 0.039307 0.706543
vt 0.039551 0.712402
vt 0.019531 0.702148
vt 0.002197 0.693115
vt 0.039062 0.704590
vt 0.058838 0.701416
vt 0.038818 0.696533
vt 0.059082 0.703369
vt 0.019287 0.695312
vt 0.080566 0.697998
vt 0.039307 0.680908
vt 0.058838 0.692871
vt 0.019775 0.678467
vt 0.005371 0.676758
vt 0.011719 0.670654
vt 0.055664 0.677002
vt 0.079102 0.687256
vt 0.068115 0.665527
vt 0.105957 0.683594
vt 0.106445 0.698730
vt 0.106689 0.700684
vt 0.123535 0.693848
vt 0.081055 0.699951
vt 0.081299 0.705811
vt 0.060547 0.708984
vt 0.107178 0.712402
vt 0.081299 0.710449
vt 0.983398 0.546875
vt 0.976318 0.547852
vt 0.976318 0.525879
vt 0.984619 0.524902
vt 0.225586 0.778809
vt 0.237305 0.797607
vt 0.184570 0.779053
vt 0.205566 0.772217
vt 0.174072 0.798340
vt 0.237549 0.818604
vt 0.171631 0.818359
vt 0.174561 0.838379
vt 0.231445 0.838623
vt 0.229248 0.858154
vt 0.173584 0.858154
vt 0.424072 0.908936
vt 0.437012 0.926025
vt 0.422607 0.908936
vt 0.424072 0.887451
vt 0.422607 0.887451
vt 0.435547 0.870605
vt 0.437012 0.870605
vt 0.960693 0.587158
vt 0.952637 0.587402
vt 0.956055 0.567139
vt 0.964111 0.567139
vt 0.960693 0.546875
vt 0.952637 0.545654
vt 0.366699 0.001465
vt 0.375244 0.002686
vt 0.368408 0.023438
vt 0.375244 0.023682
vt 0.820801 0.989990
vt 0.812500 0.990967
vt 0.812500 0.970459
vt 0.820801 0.968018
vt 0.831055 0.968750
vt 0.010742 0.017090
vt 0.009277 0.017334
vt 0.027344 0.005615
vt 0.027832 0.007568
vt 0.047852 0.004395
vt 0.047363 0.002441
vt 0.068115 0.005127
vt 0.068848 0.007080
vt 0.089355 0.008057
vt 0.089844 0.010010
vt 0.114990 0.008545
vt 0.115479 0.010498
vt 0.131592 0.017334
vt 0.133057 0.016113
vt 0.955566 0.360840
vt 0.958984 0.340820
vt 0.963867 0.359619
vt 0.968750 0.341309
vt 0.963867 0.322266
vt 0.955566 0.320557
vt 0.026855 0.651855
vt 0.026855 0.671143
vt 0.016357 0.652344
vt 0.015381 0.670410
vt 0.009033 0.656006
vt 0.964600 0.643555
vt 0.959473 0.661865
vt 0.949707 0.657471
vt 0.953125 0.641846
vt 0.949707 0.681152
vt 0.965820 0.667725
vt 0.956787 0.685547
vt 0.637695 0.438477
vt 0.629883 0.424805
vt 0.637939 0.424805
vt 0.717529 0.866943
vt 0.730713 0.877197
vt 0.717529 0.874512
vt 0.705566 0.878906
vt 0.719482 0.887451
vt 0.739990 0.885986
vt 0.696777 0.888428
vt 0.720215 0.905273
vt 0.742920 0.906250
vt 0.745605 0.924561
vt 0.696777 0.908447
vt 0.697021 0.924561
vt 0.033203 0.540771
vt 0.028564 0.547852
vt 0.023438 0.533936
vt 0.007080 0.537354
vt 0.016602 0.514648
vt 0.001221 0.517822
vt 0.001709 0.497070
vt 0.015625 0.495605
vt 0.003418 0.474854
vt 0.020020 0.471191
vt 0.001221 0.448975
vt 0.033203 0.488037
vt 0.718750 0.574707
vt 0.708740 0.573975
vt 0.718750 0.557373
vt 0.707275 0.557129
vt 0.639648 0.782715
vt 0.645996 0.809326
vt 0.633301 0.806641
vt 0.621582 0.782715
vt 0.622070 0.804443
vt 0.618896 0.818359
vt 0.865967 0.954590
vt 0.856689 0.953125
vt 0.865723 0.932373
vt 0.854004 0.931885
vt 0.865967 0.906250
vt 0.001221 0.828369
vt 0.019043 0.813477
vt 0.047119 0.832275
vt 0.034424 0.814697
vt 0.001221 0.868164
vt 0.055420 0.857910
vt 0.013916 0.882324
vt 0.032471 0.883301
vt 0.048096 0.876465
vt 0.775635 0.431152
vt 0.761963 0.444824
vt 0.761963 0.418945
vt 0.514893 0.604736
vt 0.512207 0.580566
vt 0.525635 0.580566
vt 0.812744 0.799072
vt 0.813965 0.819336
vt 0.806152 0.820068
vt 0.803467 0.799805
vt 0.801270 0.779541
vt 0.813721 0.779053
vt 0.802734 0.758301
vt 0.817383 0.757324
vt 0.801270 0.732910
vt 0.818359 0.731445
vt 0.569824 0.471680
vt 0.567139 0.492676
vt 0.563232 0.471680
vt 0.569824 0.446045
vt 0.556152 0.446045
vt 0.557373 0.471436
vt 0.560303 0.492920
vt 0.567871 0.513184
vt 0.561279 0.513184
vt 0.562744 0.533447
vt 0.569336 0.533447
vt 0.626953 0.647461
vt 0.619873 0.646973
vt 0.626953 0.628906
vt 0.619629 0.629639
vt 0.618896 0.853516
vt 0.618896 0.910156
vt 0.613525 0.854980
vt 0.613525 0.910400
vt 0.921631 0.794434
vt 0.946777 0.794678
vt 0.946777 0.849121
vt 0.921143 0.850098
vt 0.904297 0.838135
vt 0.905029 0.804443
vt 0.899414 0.821533
vt 0.978271 0.703369
vt 0.978271 0.721924
vt 0.959717 0.721680
vt 0.958496 0.703125
vt 0.978271 0.687744
vt 0.958496 0.687500
vt 0.956543 0.786133
vt 0.970703 0.786133
vt 0.970703 0.806396
vt 0.971924 0.805176
vt 0.956299 0.806396
vt 0.970703 0.821533
vt 0.956543 0.821533
vt 0.167480 0.822266
vt 0.169434 0.822021
vt 0.166992 0.839600
vt 0.165039 0.838623
vt 0.167480 0.856445
vt 0.169434 0.855957
vt 0.640625 0.819580
vt 0.652344 0.807373
vt 0.652344 0.832764
vt 0.921875 0.962158
vt 0.923584 0.942383
vt 0.941650 0.961670
vt 0.941895 0.942383
vt 0.941895 0.976807
vt 0.557129 0.708496
vt 0.557373 0.687500
vt 0.571533 0.688965
vt 0.571289 0.708496
vt 0.557373 0.725098
vt 0.571533 0.725098
vt 0.968750 0.932373
vt 0.963135 0.931396
vt 0.968750 0.901611
vt 0.963135 0.900635
vt 0.957764 0.631592
vt 0.952393 0.631592
vt 0.952393 0.590576
vt 0.957764 0.590576
vt 0.911621 0.151123
vt 0.911865 0.189941
vt 0.898926 0.151123
vt 0.891602 0.151855
vt 0.880127 0.189453
vt 0.880127 0.151611
vt 0.891602 0.130127
vt 0.898682 0.130615
vt 0.025146 0.510742
vt 0.019531 0.511230
vt 0.019531 0.498535
vt 0.025391 0.499268
vt 0.897461 0.059570
vt 0.897461 0.021973
vt 0.908936 0.022217
vt 0.916016 0.021973
vt 0.929199 0.060059
vt 0.928955 0.023438
vt 0.916016 0.001953
vt 0.908691 0.002197
vt 0.017334 0.060059
vt 0.011963 0.059570
vt 0.011963 0.020264
vt 0.017334 0.020752
vt 0.597412 0.645264
vt 0.597412 0.633789
vt 0.603271 0.633057
vt 0.603271 0.645996
vt 0.123535 0.351074
vt 0.123535 0.373535
vt 0.117920 0.372070
vt 0.117432 0.351074
vt 0.054199 0.846924
vt 0.054199 0.828125
vt 0.060059 0.846436
vt 0.060059 0.827637
vt 0.590820 0.688965
vt 0.596924 0.689453
vt 0.590820 0.696289
vt 0.596924 0.696533
vt 0.409424 0.011475
vt 0.406982 0.016846
vt 0.402100 0.011963
vt 0.403809 0.020020
vt 0.402588 0.004395
vt 0.409912 0.007568
vt 0.396973 0.015625
vt 0.398926 0.021240
vt 0.393799 0.022217
vt 0.395508 0.008789
vt 0.391846 0.013428
vt 0.397461 0.002197
vt 0.391846 0.001465
vt 0.400635 0.093994
vt 0.397217 0.096680
vt 0.397217 0.075684
vt 0.133301 0.020996
vt 0.134521 0.040283
vt 0.129395 0.042725
vt 0.129395 0.020020
vt 0.320557 0.688721
vt 0.320557 0.672363
vt 0.322998 0.684814
vt 0.327637 0.692139
vt 0.325195 0.696533
vt 0.327637 0.687988
vt 0.325195 0.682373
vt 0.324951 0.027832
vt 0.324951 0.023682
vt 0.332520 0.028564
vt 0.332520 0.022949
vt 0.326172 0.017578
vt 0.331787 0.017090
vt 0.328613 0.014404
vt 0.416748 0.708496
vt 0.417969 0.702393
vt 0.422119 0.708008
vt 0.423584 0.703369
vt 0.423340 0.713623
vt 0.428955 0.705566
vt 0.427246 0.701416
vt 0.428955 0.711426
vt 0.428467 0.715576
vt 0.425781 0.718750
vt 0.725830 0.691162
vt 0.729736 0.691162
vt 0.729736 0.715576
vt 0.725830 0.715576
vt 0.038086 0.018311
vt 0.038086 0.041260
vt 0.033447 0.038818
vt 0.032715 0.020996
vt 0.575928 0.296875
vt 0.573730 0.300781
vt 0.571289 0.293701
vt 0.578857 0.292969
vt 0.571777 0.287842
vt 0.579346 0.288818
vt 0.577637 0.282715
vt 0.571289 0.282227
vt 0.213623 0.718262
vt 0.213623 0.737793
vt 0.210449 0.720703
vt 0.663330 0.322998
vt 0.660889 0.318848
vt 0.660889 0.314453
vt 0.663330 0.308838
vt 0.260254 0.609863
vt 0.262695 0.607178
vt 0.262695 0.622070
vt 0.154541 0.565430
vt 0.158203 0.569336
vt 0.154541 0.581055
vt 0.402100 0.340088
vt 0.401611 0.334961
vt 0.405273 0.340088
vt 0.402100 0.346436
vt 0.405273 0.351562
vt 0.400879 0.344971
vt 0.400146 0.340332
vt 0.993164 0.538818
vt 0.991455 0.536377
vt 0.994873 0.536377
vt 0.995117 0.534180
vt 0.991943 0.534180
vt 0.994629 0.532471
vt 0.991455 0.532471
vt 0.203857 0.964355
vt 0.205811 0.961914
vt 0.207275 0.963867
vt 0.208984 0.964355
vt 0.208740 0.965820
vt 0.205078 0.969482
vt 0.202148 0.968750
vt 0.201416 0.974609
vt 0.204590 0.975342
vt 0.203369 0.980469
vt 0.206787 0.979980
vt 0.208984 0.984619
vt 0.991943 0.439941
vt 0.991455 0.437988
vt 0.995850 0.437988
vt 0.997314 0.000977
vt 0.994141 0.002930
vt 0.991455 0.000977
vt 0.270752 0.756836
vt 0.269531 0.756104
vt 0.270996 0.750000
vt 0.273926 0.750244
vt 0.275391 0.756836
vt 0.994385 0.601318
vt 0.993652 0.602783
vt 0.991699 0.601318
vt 0.991455 0.602539
vt 0.991455 0.555664
vt 0.991455 0.553711
vt 0.994873 0.554932
vt 0.553955 0.343506
vt 0.557373 0.344727
vt 0.555664 0.349121
vt 0.552490 0.349365
vt 0.555420 0.354980
vt 0.553467 0.356689
vt 0.557373 0.360840
vt 0.555420 0.362549
vt 0.466797 0.281494
vt 0.465332 0.281738
vt 0.465332 0.275879
vt 0.466797 0.275635
vt 0.465332 0.268799
vt 0.467041 0.269775
vt 0.702393 0.495117
vt 0.704590 0.500732
vt 0.699219 0.501465
vt 0.704590 0.506592
vt 0.700439 0.507080
vt 0.704346 0.514404
vt 0.699219 0.511963
vt 0.001709 0.710205
vt 0.003174 0.711426
vt 0.001709 0.717041
vt 0.454346 0.433838
vt 0.451660 0.427246
vt 0.454346 0.426270
vt 0.390381 0.505371
vt 0.392578 0.505127
vt 0.392578 0.512207
vt 0.390381 0.512207
vt 0.391846 0.514404
vt 0.409180 0.215332
vt 0.411621 0.214111
vt 0.411621 0.220947
vt 0.410400 0.221680
vt 0.182617 0.567139
vt 0.188477 0.567871
vt 0.182861 0.572266
vt 0.185059 0.572998
vt 0.182617 0.574707
vt 0.123535 0.395752
vt 0.123291 0.401367
vt 0.122070 0.400635
vt 0.122314 0.403076
vt 0.123535 0.403809
vt 0.991699 0.604736
vt 0.994385 0.604736
vt 0.991455 0.606201
vt 0.994141 0.606201
vt 0.746826 0.346924
vt 0.753662 0.344482
vt 0.753662 0.351562
vt 0.747070 0.351074
vt 0.414795 0.224854
vt 0.416504 0.218018
vt 0.424316 0.224854
vt 0.423584 0.219727
vt 0.418457 0.214111
vt 0.424072 0.215088
vt 0.993652 0.180420
vt 0.996826 0.183838
vt 0.991455 0.183838
vt 0.996826 0.215332
vt 0.991455 0.215332
vt 0.991943 0.213623
vt 0.996582 0.234375
vt 0.991455 0.234375
vt 0.991943 0.229980
vt 0.194824 0.348877
vt 0.192383 0.353027
vt 0.192383 0.346924
vt 0.194824 0.344238
vt 0.192871 0.343506
vt 0.996826 0.196045
vt 0.991455 0.197021
vt 0.995850 0.192871
vt 0.991455 0.192383
vt 0.995117 0.525879
vt 0.992188 0.525879
vt 0.994629 0.524170
vt 0.991455 0.524170
vt 0.549316 0.054199
vt 0.549316 0.060059
vt 0.546387 0.059082
vt 0.545898 0.054443
vt 0.991455 0.346680
vt 0.996338 0.346680
vt 0.996338 0.348389
vt 0.991455 0.348389
vt 0.739258 0.082520
vt 0.736084 0.068848
vt 0.750488 0.068848
vt 0.749756 0.086914
vt 0.726318 0.080566
vt 0.725830 0.084473
vt 0.739014 0.084229
vt 0.749512 0.089355
vt 0.729980 0.094971
vt 0.470703 0.307373
vt 0.465088 0.293945
vt 0.487549 0.308594
vt 0.471680 0.279053
vt 0.487549 0.276367
vt 0.606201 0.850830
vt 0.596680 0.864502
vt 0.577881 0.860840
vt 0.580078 0.834717
vt 0.561523 0.857666
vt 0.561035 0.835205
vt 0.603760 0.835205
vt 0.607910 0.836426
vt 0.609375 0.850342
vt 0.618896 0.847900
vt 0.618896 0.837646
vt 0.565918 0.812256
vt 0.556885 0.822510
vt 0.556396 0.815918
vt 0.579590 0.811035
vt 0.578369 0.806885
vt 0.594971 0.814209
vt 0.607422 0.821533
vt 0.582764 0.806885
vt 0.608154 0.815430
vt 0.593750 0.809082
vt 0.599121 0.811035
vt 0.586182 0.800537
vt 0.604004 0.804932
vt 0.594727 0.801758
vt 0.611572 0.809082
vt 0.594482 0.797363
vt 0.606934 0.801270
vt 0.587402 0.796387
vt 0.598145 0.782959
vt 0.591309 0.780762
vt 0.613037 0.804688
vt 0.613770 0.789551
vt 0.618896 0.791504
vt 0.668945 0.552246
vt 0.672852 0.569824
vt 0.658691 0.569824
vt 0.369141 0.863037
vt 0.350586 0.864502
vt 0.371582 0.841064
vt 0.347900 0.837402
vt 0.334473 0.850098
vt 0.336182 0.835205
vt 0.331055 0.847656
vt 0.365723 0.821777
vt 0.379395 0.825684
vt 0.378906 0.821533
vt 0.369629 0.818359
vt 0.379883 0.808594
vt 0.372314 0.806641
vt 0.373047 0.802246
vt 0.380615 0.804199
vt 0.377197 0.790283
vt 0.381592 0.791016
vt 0.351318 0.821289
vt 0.363770 0.817871
vt 0.338623 0.823242
vt 0.353516 0.816650
vt 0.347900 0.817383
vt 0.363281 0.803711
vt 0.338379 0.820312
vt 0.353027 0.803955
vt 0.343262 0.805420
vt 0.354004 0.799561
vt 0.334961 0.808105
vt 0.362549 0.799561
vt 0.360352 0.784424
vt 0.354736 0.785156
vt 0.342529 0.801270
vt 0.333008 0.804199
vt 0.337891 0.787842
vt 0.331055 0.790283
vt 0.972656 0.258057
vt 0.972656 0.230225
vt 0.986328 0.232910
vt 0.513672 0.960693
vt 0.500732 0.959961
vt 0.500732 0.937988
vt 0.515625 0.939697
vt 0.506836 0.922119
vt 0.525635 0.960938
vt 0.527100 0.940918
vt 0.523193 0.926025
vt 0.514404 0.926270
vt 0.514893 0.923096
vt 0.525146 0.912842
vt 0.518799 0.913330
vt 0.979980 0.665283
vt 0.970459 0.676025
vt 0.970459 0.647461
vt 0.412354 0.381592
vt 0.412354 0.364990
vt 0.416260 0.374512
vt 0.116455 0.417969
vt 0.107666 0.415527
vt 0.120361 0.395752
vt 0.109619 0.395264
vt 0.116699 0.382568
vt 0.108887 0.379883
vt 0.115234 0.375732
vt 0.107910 0.365723
vt 0.115234 0.366943
vt 0.114502 0.363770
vt 0.107666 0.352539
vt 0.112061 0.352539
vt 0.958008 0.303467
vt 0.960938 0.316650
vt 0.948730 0.302002
vt 0.950684 0.299316
vt 0.957764 0.300293
vt 0.952637 0.288330
vt 0.959961 0.289307
vt 0.960938 0.285400
vt 0.953125 0.283203
vt 0.960938 0.273926
vt 0.955811 0.273682
vt 0.134033 0.143311
vt 0.136230 0.140625
vt 0.136230 0.155029
vt 0.607422 0.741943
vt 0.617432 0.745850
vt 0.607422 0.751953
vt 0.554932 0.473877
vt 0.558838 0.473877
vt 0.557617 0.479736
vt 0.581543 0.001465
vt 0.587402 0.002930
vt 0.583984 0.014160
vt 0.587402 0.014160
vt 0.055908 0.191650
vt 0.060059 0.194092
vt 0.054932 0.198730
vt 0.060059 0.204102
vt 0.368652 0.085449
vt 0.365723 0.075684
vt 0.372070 0.084961
vt 0.372070 0.072266
vt 0.515381 0.348389
vt 0.516357 0.343262
vt 0.519287 0.347656
vt 0.519287 0.341797
vt 0.371582 0.529053
vt 0.372070 0.532715
vt 0.368408 0.530273
vt 0.367432 0.534912
vt 0.372070 0.538330
vt 0.664307 0.283691
vt 0.667969 0.288330
vt 0.664307 0.289795
vt 0.608398 0.646484
vt 0.608154 0.634766
vt 0.615723 0.637451
vt 0.612793 0.647461
vt 0.615723 0.633789
vt 0.609375 0.627686
vt 0.615479 0.627686
vt 0.103516 0.828369
vt 0.109131 0.828125
vt 0.107910 0.839355
vt 0.102051 0.839600
vt 0.100830 0.842773
vt 0.107910 0.843506
vt 0.109131 0.850586
vt 0.100098 0.851807
vt 0.110352 0.693359
vt 0.113037 0.686035
vt 0.117188 0.686035
vt 0.110352 0.680664
vt 0.094238 0.674316
vt 0.094238 0.665771
vt 0.096680 0.671387
vt 0.004639 0.120361
vt 0.001709 0.118408
vt 0.004639 0.107666
vt 0.715576 0.399902
vt 0.709961 0.400635
vt 0.715332 0.392578
vt 0.708252 0.391357
vt 0.715576 0.388184
vt 0.710693 0.374268
vt 0.713623 0.375000
vt 0.812500 0.110840
vt 0.812988 0.103516
vt 0.823242 0.107910
vt 0.821777 0.102783
vt 0.819824 0.098145
vt 0.812500 0.099121
vt 0.819092 0.085449
vt 0.813232 0.085449
vt 0.049072 0.508301
vt 0.045410 0.505615
vt 0.049072 0.499023
vt 0.262695 0.146973
vt 0.263428 0.141846
vt 0.270264 0.148926
vt 0.270752 0.139404
vt 0.262695 0.136963
vt 0.270508 0.123535
vt 0.266113 0.124512
vt 0.393555 0.212402
vt 0.403809 0.212402
vt 0.396973 0.216553
vt 0.399414 0.223145
vt 0.425781 0.169922
vt 0.425049 0.175781
vt 0.421875 0.173096
vt 0.421875 0.167480
vt 0.577881 0.007568
vt 0.573486 0.007812
vt 0.574707 0.005127
vt 0.577881 0.002197
vt 0.123535 0.334229
vt 0.123535 0.340088
vt 0.120117 0.336182
vt 0.118408 0.340332
vt 0.064941 0.287354
vt 0.060547 0.288086
vt 0.064941 0.274170
vt 0.058350 0.270996
vt 0.064697 0.269775
vt 0.055420 0.262207
vt 0.064453 0.256592
vt 0.064941 0.252441
vt 0.182861 0.031738
vt 0.178711 0.030762
vt 0.178955 0.018555
vt 0.187012 0.016602
vt 0.179443 0.013916
vt 0.189941 0.007568
vt 0.178711 0.001953
vt 0.541992 0.689453
vt 0.546143 0.686279
vt 0.546143 0.701416
vt 0.327637 0.112305
vt 0.327637 0.098145
vt 0.330811 0.101318
vt 0.722412 0.458984
vt 0.732910 0.453613
vt 0.732178 0.467773
vt 0.724854 0.470215
vt 0.732910 0.471924
vt 0.729736 0.487549
vt 0.732910 0.487061
vt 0.627441 0.005615
vt 0.629639 0.001221
vt 0.637939 0.011230
vt 0.628174 0.018799
vt 0.635254 0.020996
vt 0.627930 0.023438
vt 0.631348 0.039551
vt 0.627441 0.038086
vt 0.045654 0.944580
vt 0.047607 0.955811
vt 0.039307 0.954590
vt 0.039307 0.958740
vt 0.047607 0.973145
vt 0.043457 0.973633
vt 0.693359 0.332764
vt 0.696045 0.333740
vt 0.693359 0.337891
vt 0.698242 0.338867
vt 0.277588 0.000977
vt 0.278564 0.005859
vt 0.273682 0.002930
vt 0.273682 0.009766
vt 0.278076 0.010986
vt 0.289795 0.370361
vt 0.286377 0.366943
vt 0.289795 0.364746
vt 0.439941 0.434326
vt 0.442871 0.419922
vt 0.447266 0.418213
vt 0.449707 0.437012
vt 0.440674 0.438721
vt 0.449219 0.447021
vt 0.440186 0.446045
vt 0.439941 0.451172
vt 0.963867 0.497070
vt 0.956543 0.489990
vt 0.965332 0.491943
vt 0.967773 0.484619
vt 0.960449 0.480225
vt 0.968750 0.480225
vt 0.968750 0.465332
vt 0.956299 0.473389
vt 0.966797 0.463379
vt 0.818115 0.960938
vt 0.820068 0.946289
vt 0.828857 0.951416
vt 0.829590 0.941895
vt 0.819092 0.940430
vt 0.819092 0.933838
vt 0.827148 0.929688
vt 0.819092 0.929443
vt 0.822510 0.914307
vt 0.818115 0.915771
vt 0.642822 0.262695
vt 0.638672 0.262451
vt 0.642822 0.248779
vt 0.327637 0.734619
vt 0.324463 0.734619
vt 0.327637 0.722656
vt 0.973877 0.261719
vt 0.984619 0.265625
vt 0.974609 0.272461
vt 0.983398 0.275391
vt 0.973877 0.275391
vt 0.983643 0.278809
vt 0.978271 0.289795
vt 0.973877 0.289062
vt 0.299561 0.729248
vt 0.310303 0.720459
vt 0.310303 0.729980
vt 0.300293 0.732422
vt 0.309814 0.733154
vt 0.305176 0.747314
vt 0.577881 0.788086
vt 0.577881 0.799805
vt 0.564941 0.791504
vt 0.567871 0.802734
vt 0.564453 0.787354
vt 0.226318 0.345215
vt 0.223389 0.344482
vt 0.226318 0.334717
vt 0.223389 0.334229
vt 0.048340 0.748779
vt 0.050781 0.751953
vt 0.048340 0.763184
vt 0.161133 0.429199
vt 0.161377 0.441406
vt 0.152588 0.435059
vt 0.152588 0.444580
vt 0.161133 0.444824
vt 0.063232 0.294678
vt 0.062744 0.305664
vt 0.059570 0.305664
vt 0.063232 0.316650
vt 0.176758 0.783691
vt 0.163818 0.778809
vt 0.166016 0.769775
vt 0.177246 0.771484
vt 0.176514 0.768799
vt 0.171387 0.757080
vt 0.163818 0.757324
vt 0.370361 0.218262
vt 0.368408 0.227783
vt 0.356934 0.218262
vt 0.357666 0.229980
vt 0.367188 0.230713
vt 0.357910 0.232666
vt 0.361572 0.245361
vt 0.366455 0.245117
vt 0.274658 0.739258
vt 0.283447 0.739258
vt 0.274902 0.742432
vt 0.282715 0.754150
vt 0.278076 0.755127
vt 0.298340 0.647949
vt 0.308594 0.647949
vt 0.307861 0.662354
vt 0.298828 0.662109
vt 0.303955 0.666504
vt 0.695068 0.038086
vt 0.696777 0.027832
vt 0.698242 0.038086
vt 0.574463 0.734619
vt 0.575195 0.731934
vt 0.584229 0.730957
vt 0.574951 0.718750
vt 0.582031 0.718750
vt 0.429199 0.013672
vt 0.437012 0.002441
vt 0.433594 0.014160
vt 0.430664 0.019043
vt 0.437012 0.016846
vt 0.309570 0.665771
vt 0.311768 0.671387
vt 0.305664 0.668457
vt 0.305664 0.673584
vt 0.311768 0.677490
vt 0.690918 0.785889
vt 0.694824 0.789307
vt 0.689697 0.799561
vt 0.702881 0.799561
vt 0.646484 0.687012
vt 0.646484 0.674072
vt 0.652344 0.679199
vt 0.649902 0.671387
vt 0.134521 0.001709
vt 0.129883 0.007812
vt 0.129883 0.001709
vt 0.123535 0.697021
vt 0.123535 0.713867
vt 0.118164 0.699707
vt 0.120361 0.713867
vt 0.992188 0.112549
vt 0.995117 0.113770
vt 0.991455 0.117432
vt 0.996826 0.117432
vt 0.996094 0.276367
vt 0.996582 0.281250
vt 0.991455 0.281250
vt 0.223633 0.351074
vt 0.226318 0.355469
vt 0.221191 0.352783
vt 0.221191 0.357910
vt 0.225830 0.360840
vt 0.552490 0.688965
vt 0.548340 0.699707
vt 0.548340 0.685791
s 1
usemtl tripo_mat_59fb8010-babc-4166-bec9-f3c1e6e4c619
f 926/1 928/2 772/3
f 926/1 772/3 767/4
f 772/3 928/2 919/5
f 772/3 919/5 775/6
f 772/3 775/6 439/7
f 772/3 439/7 436/8
f 436/8 439/7 140/9
f 140/9 439/7 142/10
f 140/9 142/10 1174/11
f 1174/11 142/10 1176/12
f 1174/11 1176/12 1521/13
f 1521/13 1176/12 1523/14
f 778/15 775/6 919/5
f 778/15 919/5 930/16
f 778/15 930/16 908/17
f 961/18 890/19 908/17
f 908/17 890/19 810/20
f 908/17 810/20 778/15
f 778/15 810/20 530/21
f 778/15 530/21 444/22
f 444/22 530/21 144/23
f 144/23 530/21 168/24
f 928/25 926/26 984/27
f 928/25 984/27 988/28
f 984/29 926/30 982/31
f 982/31 926/30 915/32
f 915/32 926/30 767/33
f 915/32 767/33 766/34
f 766/34 767/33 435/35
f 766/34 435/35 138/36
f 766/34 138/36 388/37
f 388/37 138/36 102/38
f 102/38 138/36 1172/39
f 988/40 984/41 986/42
f 986/42 984/41 982/43
f 986/42 982/43 917/44
f 917/44 982/43 915/45
f 988/46 986/47 974/48
f 988/46 974/48 928/49
f 928/49 974/48 919/50
f 974/48 986/47 972/51
f 972/51 986/47 917/52
f 917/53 915/54 769/55
f 769/55 915/54 766/56
f 769/55 766/56 388/57
f 435/58 767/59 436/60
f 436/60 767/59 772/61
f 435/58 436/60 138/62
f 138/62 436/60 140/63
f 138/62 140/63 1172/64
f 1172/64 140/63 1174/65
f 1172/64 1174/65 1521/66
f 1172/64 1521/66 1520/67
f 1172/64 1520/67 1171/68
f 1520/67 1521/66 1762/69
f 1520/67 1762/69 1759/70
f 904/71 917/72 769/73
f 904/71 769/73 771/74
f 771/74 769/73 442/75
f 442/75 769/73 438/76
f 917/77 904/78 972/79
f 972/80 904/81 906/82
f 972/80 906/82 976/83
f 972/80 976/83 974/84
f 974/84 976/83 990/85
f 904/86 771/87 777/88
f 777/88 771/87 442/89
f 904/86 777/88 906/90
f 906/90 777/88 744/91
f 906/90 744/91 894/92
f 906/90 894/92 959/93
f 906/90 959/93 976/94
f 744/91 777/88 446/95
f 744/91 446/95 489/96
f 106/97 446/95 442/89
f 489/96 446/95 120/98
f 120/98 446/95 106/97
f 489/96 120/98 232/99
f 232/99 120/98 1283/100
f 1283/100 120/98 1281/101
f 1281/101 120/98 106/97
f 106/97 442/89 438/102
f 1281/101 106/97 104/103
f 104/103 106/97 438/102
f 1281/101 104/103 1279/104
f 104/103 438/102 102/105
f 104/103 102/105 1279/104
f 102/105 438/102 388/106
f 1279/104 102/105 1278/107
f 1278/107 102/105 101/108
f 438/109 769/110 388/111
f 777/112 442/113 446/114
f 1281/115 1279/116 1544/117
f 1544/117 1279/116 1577/118
f 1544/117 1577/118 1725/119
f 1725/119 1577/118 1761/120
f 1281/121 1544/122 1283/123
f 1283/123 1544/122 1546/124
f 744/125 489/126 665/127
f 665/127 489/126 448/128
f 448/128 489/126 232/129
f 448/128 232/129 272/130
f 232/131 1283/132 1145/133
f 232/131 1145/133 272/134
f 272/134 1145/133 170/135
f 1145/133 1283/132 1525/136
f 1525/136 1283/132 1546/137
f 1525/136 1546/137 1729/138
f 1525/136 1729/138 1765/139
f 448/140 272/141 170/142
f 448/140 170/142 168/143
f 168/143 170/142 1145/144
f 448/140 168/143 665/145
f 168/146 1145/147 1178/148
f 1178/148 1145/147 1525/149
f 168/146 1178/148 144/150
f 1765/151 1726/152 1525/149
f 1525/149 1726/152 1523/153
f 1525/149 1523/153 1178/148
f 1178/148 1523/153 1176/154
f 1178/148 1176/154 144/150
f 144/150 1176/154 142/155
f 144/150 142/155 444/156
f 444/156 142/155 439/157
f 444/156 439/157 775/158
f 444/156 775/158 778/159
f 1729/160 1546/161 1725/162
f 1725/162 1546/161 1544/163
f 1729/160 1725/162 1765/164
f 1765/164 1725/162 1726/165
f 1523/166 1726/167 1521/168
f 1521/168 1726/167 1762/169
f 1762/169 1726/167 1725/170
f 1762/169 1725/170 1761/171
f 1577/172 1279/173 1278/174
f 1577/172 1278/174 1576/175
f 1762/176 1761/177 1759/178
f 1759/178 1761/177 1760/179
f 1760/179 1761/177 1576/180
f 1576/180 1761/177 1577/181
f 1760/182 1576/183 1759/184
f 1759/184 1576/183 1520/185
f 1520/185 1576/183 1278/186
f 1520/185 1278/186 101/187
f 1520/185 101/187 1171/188
f 1171/189 101/190 102/191
f 1171/189 102/191 1172/192
f 168/193 530/194 665/195
f 665/195 530/194 810/196
f 665/195 810/196 863/197
f 863/197 810/196 890/198
f 665/195 863/197 894/199
f 665/195 894/199 744/200
f 894/199 863/197 932/201
f 863/197 890/198 934/202
f 863/197 934/202 932/201
f 934/202 890/198 961/203
f 934/202 961/203 932/201
f 930/204 919/205 974/206
f 930/204 974/206 990/207
f 930/204 990/207 908/208
f 908/208 990/207 961/209
f 990/210 976/211 959/212
f 990/210 959/212 961/213
f 961/213 959/212 932/214
f 932/214 959/212 894/215
f 532/216 122/217 248/218
f 532/219 248/220 1219/221
f 1219/221 248/220 1132/222
f 1219/221 1132/222 1602/223
f 1219/221 1602/223 1844/224
f 1132/225 248/226 1221/227
f 1221/227 248/226 122/228
f 1221/227 122/228 1238/229
f 1238/229 122/228 124/230
f 1132/231 1221/232 1602/233
f 1602/233 1221/232 1604/234
f 1604/234 1221/232 1238/235
f 257/236 122/237 532/238
f 257/236 532/238 390/239
f 257/236 390/239 234/240
f 124/241 122/242 257/243
f 124/241 257/243 259/244
f 124/241 259/244 64/245
f 124/241 64/245 1258/246
f 1258/246 64/245 1240/247
f 64/245 259/244 195/248
f 64/245 195/248 108/249
f 108/249 195/248 261/250
f 108/249 261/250 86/251
f 86/251 261/250 318/252
f 86/251 318/252 146/253
f 146/253 318/252 197/254
f 197/254 318/252 450/255
f 197/254 450/255 562/256
f 197/254 562/256 250/257
f 250/257 562/256 291/258
f 291/258 562/256 645/259
f 291/258 645/259 534/260
f 534/260 645/259 799/261
f 534/260 799/261 888/262
f 291/258 534/260 392/263
f 291/258 392/263 264/264
f 392/263 534/260 564/265
f 392/263 564/265 176/266
f 392/263 176/266 148/267
f 564/265 534/260 695/268
f 695/268 534/260 888/262
f 564/265 695/268 633/269
f 633/269 695/268 212/270
f 695/268 888/262 900/271
f 695/268 900/271 746/272
f 746/272 900/271 814/273
f 814/273 900/271 963/274
f 814/273 963/274 865/275
f 865/275 963/274 1008/276
f 1238/277 124/278 1258/279
f 1238/277 1258/279 1604/280
f 390/281 532/282 1219/283
f 390/281 1219/283 35/284
f 35/284 1219/283 1443/285
f 1443/285 1219/283 1844/286
f 257/287 234/288 259/289
f 259/289 234/288 210/290
f 390/291 35/292 234/293
f 234/293 35/292 1082/294
f 234/293 1082/294 210/295
f 210/295 1082/294 1100/296
f 35/297 1443/298 1082/299
f 1082/299 1443/298 1445/300
f 1082/299 1445/300 1100/301
f 1100/301 1445/300 1527/302
f 1100/301 1527/302 1085/303
f 1085/303 1527/302 1447/304
f 1085/303 1447/304 1194/305
f 1194/305 1447/304 1579/306
f 1194/305 1579/306 1606/307
f 1194/305 1606/307 1180/308
f 1180/308 1606/307 1118/309
f 1118/309 1606/307 1499/310
f 1118/309 1499/310 1086/311
f 1086/311 1499/310 1529/312
f 1086/311 1529/312 1501/313
f 1086/311 1501/313 1080/314
f 1080/314 1501/313 16/315
f 16/315 1501/313 1581/316
f 16/315 1581/316 37/317
f 37/317 1581/316 1710/318
f 37/317 1710/318 39/319
f 39/319 1710/318 1890/320
f 39/319 1890/320 41/321
f 37/317 39/319 812/322
f 812/322 39/319 873/323
f 37/317 812/322 667/324
f 1844/325 1602/326 1604/327
f 1844/325 1604/327 1821/328
f 1443/329 1844/330 1445/331
f 1445/331 1844/330 1821/332
f 1445/331 1821/332 1527/333
f 1527/333 1821/332 1870/334
f 1527/333 1870/334 1802/335
f 1527/333 1802/335 1447/336
f 1447/336 1802/335 1579/337
f 1579/337 1802/335 1888/338
f 1579/337 1888/338 1606/339
f 1606/339 1888/338 1912/340
f 1606/339 1912/340 1499/341
f 1499/341 1912/340 1846/342
f 1499/341 1846/342 1529/343
f 1529/343 1846/342 1872/344
f 1529/343 1872/344 1501/345
f 1501/345 1872/344 1848/346
f 1501/345 1848/346 1581/347
f 1581/347 1848/346 1959/348
f 1581/347 1959/348 1710/349
f 1710/349 1959/348 2096/350
f 1687/351 1604/352 1258/353
f 1687/351 1258/353 1635/354
f 1635/354 1258/353 1240/355
f 1635/354 1240/355 1324/356
f 1635/354 1324/356 1731/357
f 1731/357 1324/356 1767/358
f 1767/358 1324/356 1326/359
f 1767/358 1326/359 1637/360
f 1637/360 1326/359 1242/361
f 1637/360 1242/361 1223/362
f 1637/360 1223/362 1662/363
f 1662/363 1223/362 1373/364
f 1662/363 1373/364 1664/365
f 1373/364 1223/362 1196/366
f 1196/366 1223/362 88/367
f 1870/368 1821/369 1604/370
f 1870/368 1604/370 1687/371
f 1687/372 1635/373 1870/374
f 1870/374 1635/373 1802/375
f 1100/376 1085/377 172/378
f 1100/376 172/378 210/379
f 1085/380 1194/381 172/382
f 172/382 1194/381 174/383
f 174/383 1194/381 1180/384
f 174/383 1180/384 236/385
f 236/385 1180/384 274/386
f 274/386 1180/384 1118/387
f 274/386 1118/387 351/388
f 1888/389 1802/390 1635/391
f 1888/389 1635/391 1731/392
f 195/393 210/394 172/395
f 210/394 195/393 259/396
f 1888/397 1731/398 1767/399
f 1888/397 1767/399 1912/400
f 1912/400 1767/399 1846/401
f 1846/401 1767/399 1637/402
f 195/403 172/404 261/405
f 261/405 172/404 174/406
f 261/405 174/406 318/407
f 318/407 174/406 236/408
f 318/407 236/408 450/409
f 450/409 236/408 274/410
f 450/409 274/410 351/411
f 450/409 351/411 562/412
f 562/412 351/411 645/413
f 645/413 351/411 491/414
f 645/413 491/414 667/415
f 645/413 667/415 799/416
f 799/416 667/415 812/417
f 799/416 812/417 888/418
f 888/418 812/417 873/419
f 888/418 873/419 900/420
f 900/420 873/419 963/421
f 963/421 873/419 969/422
f 969/422 873/419 883/423
f 963/421 969/422 1029/424
f 963/421 1029/424 1008/425
f 969/422 883/423 874/426
f 1029/424 969/422 964/427
f 964/427 969/422 874/426
f 1029/424 964/427 1009/428
f 1009/428 964/427 866/429
f 866/429 964/427 815/430
f 815/430 964/427 899/431
f 899/431 964/427 874/426
f 815/430 899/431 747/432
f 747/432 899/431 696/433
f 899/431 874/426 889/434
f 899/431 889/434 696/433
f 889/434 874/426 813/435
f 696/433 889/434 535/436
f 696/433 535/436 565/437
f 889/434 813/435 798/438
f 889/434 798/438 535/436
f 798/438 813/435 668/439
f 565/437 535/436 393/440
f 798/438 668/439 646/441
f 798/438 646/441 535/436
f 393/440 535/436 290/442
f 290/442 535/436 646/441
f 393/440 290/442 263/443
f 492/444 352/445 646/441
f 646/441 352/445 563/446
f 646/441 563/446 290/442
f 290/442 563/446 251/447
f 251/447 563/446 198/448
f 198/448 563/446 451/449
f 198/448 451/449 319/450
f 198/448 319/450 147/451
f 147/451 319/450 87/452
f 87/452 319/450 262/453
f 64/454 108/455 1240/456
f 1324/457 1240/458 108/459
f 1324/457 108/459 86/460
f 1324/461 86/462 146/463
f 1324/461 146/463 1326/464
f 1326/464 146/463 1242/465
f 1242/465 146/463 197/466
f 1242/465 197/466 250/467
f 1242/465 250/467 1223/468
f 1223/468 250/467 88/469
f 88/469 250/467 291/470
f 88/469 291/470 264/471
f 148/472 264/471 392/473
f 264/471 148/472 89/474
f 264/471 89/474 88/469
f 88/469 89/474 1198/475
f 88/469 1198/475 1196/476
f 1196/476 1198/475 1373/477
f 1373/477 1198/475 1375/478
f 1846/479 1637/480 1662/481
f 1118/482 1086/483 351/484
f 1872/485 1846/486 1662/487
f 1872/485 1662/487 1848/488
f 1848/488 1662/487 1664/489
f 1848/488 1664/489 1667/490
f 351/491 1086/492 1080/493
f 351/491 1080/493 491/494
f 491/494 1080/493 16/495
f 491/496 16/497 667/498
f 16/499 37/500 667/501
f 1710/502 2096/503 1890/504
f 1890/504 2096/503 2275/505
f 2275/505 2096/503 1823/506
f 1823/506 2096/503 1735/507
f 2275/505 1823/506 1914/508
f 1735/507 2096/503 1959/509
f 1735/507 1959/509 1667/510
f 1667/510 1959/509 1848/511
f 1735/507 1667/510 1689/512
f 2275/505 1914/508 2358/513
f 2358/513 1914/508 1989/514
f 2358/513 1989/514 2398/515
f 2358/513 2398/515 2397/516
f 2397/516 2398/515 2472/517
f 2275/505 2358/513 2306/518
f 2306/518 2358/513 2397/516
f 2275/505 2306/518 1890/504
f 2306/518 2397/516 2359/519
f 1890/504 2306/518 1935/520
f 2306/518 2359/519 2276/521
f 1935/520 2306/518 1891/522
f 1891/522 2306/518 2276/521
f 1891/522 2276/521 2097/523
f 1891/522 2097/523 1711/524
f 1711/524 2097/523 1960/525
f 1711/524 1960/525 1608/526
f 1608/526 1960/525 1849/527
f 1608/526 1849/527 1502/528
f 39/529 41/530 873/531
f 873/531 41/530 883/532
f 883/532 41/530 874/533
f 41/534 1890/535 1935/536
f 41/534 1935/536 1891/537
f 41/538 1891/539 40/540
f 41/541 40/542 874/543
f 874/543 40/542 813/544
f 813/544 40/542 38/545
f 813/544 38/545 668/546
f 668/546 38/545 17/547
f 668/546 17/547 492/548
f 492/548 17/547 1084/549
f 492/548 1084/549 352/550
f 40/551 1891/552 1711/553
f 40/551 1711/553 38/554
f 38/554 1711/553 1608/555
f 38/554 1608/555 17/556
f 17/556 1608/555 1502/557
f 17/556 1502/557 1084/558
f 1084/558 1502/557 1087/559
f 1087/559 1502/557 1530/560
f 1087/559 1530/560 1500/561
f 1087/559 1500/561 1119/562
f 1119/562 1500/561 1607/563
f 1119/562 1607/563 1181/564
f 1181/564 1607/563 1195/565
f 1195/565 1607/563 1580/566
f 1580/566 1607/563 1889/567
f 1195/565 1580/566 1448/568
f 1195/565 1448/568 1099/569
f 1099/569 1448/568 1528/570
f 1099/569 1528/570 1101/571
f 1101/571 1528/570 1446/572
f 2097/573 2276/574 1824/575
f 1824/575 2276/574 1915/576
f 1915/576 2276/574 2359/577
f 1915/576 2359/577 1990/578
f 1990/578 2359/577 2399/579
f 2399/579 2359/577 2397/580
f 2399/579 2397/580 2472/581
f 2097/573 1824/575 1736/582
f 2097/573 1736/582 1960/583
f 1378/584 1692/585 1736/582
f 1736/582 1692/585 1690/586
f 1960/583 1736/582 1668/587
f 1668/587 1736/582 1690/586
f 1960/583 1668/587 1849/588
f 1668/587 1690/586 1665/589
f 1665/589 1690/586 1377/590
f 1665/589 1377/590 1399/591
f 1665/589 1399/591 1397/592
f 1665/589 1397/592 1641/593
f 1665/589 1641/593 1639/594
f 1665/589 1639/594 1668/587
f 1668/587 1639/594 1849/588
f 1849/588 1639/594 1663/595
f 1663/595 1639/594 1374/596
f 1849/588 1663/595 1873/597
f 1873/597 1663/595 1847/598
f 1847/598 1663/595 1638/599
f 1847/598 1638/599 1768/600
f 1847/598 1768/600 1913/601
f 1913/601 1768/600 1889/602
f 1889/602 1768/600 1732/603
f 1889/602 1732/603 1636/604
f 1889/602 1636/604 1803/605
f 1803/605 1636/604 1871/606
f 1871/606 1636/604 1688/607
f 1871/606 1688/607 1605/608
f 1871/606 1605/608 1822/609
f 1822/609 1605/608 1845/610
f 1845/610 1605/608 1603/611
f 1824/612 1915/613 1107/614
f 1107/614 1915/613 1109/615
f 1109/615 1915/613 1990/616
f 1824/612 1107/614 1105/617
f 1824/612 1105/617 1736/618
f 1736/618 1105/617 1103/619
f 1103/619 1105/617 747/620
f 2399/621 2472/622 2490/623
f 2490/624 2472/625 2398/626
f 2490/624 2398/626 2450/627
f 2450/627 2398/626 2128/628
f 2128/628 2398/626 1989/629
f 1107/630 1109/631 866/632
f 1107/630 866/632 815/633
f 1107/630 815/633 1105/634
f 1105/634 815/633 747/635
f 2129/636 1990/637 2399/638
f 1990/637 2129/636 1344/639
f 2129/636 2399/638 2451/640
f 1344/641 1109/642 1990/643
f 2451/644 2399/645 2490/646
f 1344/647 2129/648 1346/649
f 1346/649 2129/648 2156/650
f 1344/647 1346/649 356/651
f 1344/647 356/651 354/652
f 356/651 1346/649 395/653
f 1346/649 2156/650 1380/654
f 1346/649 1380/654 395/653
f 395/653 1380/654 397/655
f 1380/654 2156/650 2278/656
f 397/655 1380/654 1401/657
f 1401/657 1380/654 2278/656
f 1401/657 2278/656 2308/658
f 1401/657 2308/658 1422/659
f 1422/659 2308/658 2310/660
f 2129/661 2451/662 2156/663
f 2156/663 2451/662 2471/664
f 2471/664 2451/662 2490/665
f 2156/663 2471/664 2278/666
f 2471/664 2490/665 2501/667
f 2278/666 2471/664 2496/668
f 2496/668 2471/664 2501/667
f 2278/666 2496/668 2308/669
f 2496/668 2501/667 2524/670
f 2308/669 2496/668 2511/671
f 2511/671 2496/668 2524/670
f 2511/671 2524/670 2528/672
f 2308/669 2511/671 2310/673
f 2511/671 2528/672 2503/674
f 2511/671 2503/674 2310/673
f 2503/674 2528/672 2525/675
f 1450/676 1422/677 2310/673
f 1450/676 2310/673 2292/678
f 2292/678 2310/673 2503/674
f 2503/674 2525/675 2498/679
f 2503/674 2498/679 2292/678
f 2498/679 2525/675 2517/680
f 2292/678 2498/679 2372/681
f 2292/678 2372/681 2251/682
f 2251/682 2372/681 2390/683
f 2390/683 2372/681 2409/684
f 2372/681 2498/679 2489/685
f 2489/685 2498/679 2517/680
f 2372/681 2489/685 2409/684
f 2489/685 2517/680 2512/686
f 2409/684 2489/685 2463/687
f 2463/687 2489/685 2512/686
f 354/688 1109/689 1344/690
f 1109/689 354/688 866/691
f 866/691 354/688 922/692
f 354/693 356/694 937/695
f 354/693 937/695 922/696
f 937/695 356/694 953/697
f 953/697 356/694 395/698
f 953/697 395/698 958/699
f 958/699 395/698 397/700
f 958/699 397/700 321/701
f 321/701 397/700 1401/702
f 958/699 321/701 942/703
f 321/701 1401/702 1422/704
f 942/703 321/701 277/705
f 277/705 321/701 1422/704
f 277/705 1422/704 1450/706
f 277/705 1450/706 1504/707
f 942/703 277/705 911/708
f 277/705 1504/707 160/709
f 277/705 160/709 911/708
f 911/708 160/709 852/710
f 852/710 160/709 279/711
f 1052/712 937/713 953/714
f 1052/712 953/714 958/715
f 937/713 1052/712 1039/716
f 937/713 1039/716 922/717
f 922/717 1039/716 1033/718
f 1052/712 958/715 1057/719
f 1057/719 958/715 942/720
f 1057/719 942/720 1047/721
f 1052/712 1057/719 1059/722
f 1052/712 1059/722 1039/716
f 1059/722 1057/719 1061/723
f 1033/718 1039/716 1050/724
f 1050/724 1039/716 1059/722
f 1033/718 1050/724 1045/725
f 1045/725 1050/724 1032/726
f 1050/724 1059/722 1038/727
f 1038/727 1059/722 1051/728
f 866/729 922/730 1009/731
f 1009/731 922/730 1033/732
f 1009/731 1033/732 1029/733
f 1029/733 1033/732 1045/734
f 1029/733 1045/734 1032/735
f 1029/733 1032/735 1008/736
f 1032/737 1050/738 1038/739
f 1032/737 1038/739 921/740
f 921/740 1038/739 936/741
f 936/741 1038/739 1051/742
f 936/741 1051/742 952/743
f 952/743 1051/742 957/744
f 952/743 957/744 394/745
f 394/745 957/744 396/746
f 957/744 1051/742 1056/747
f 1056/747 1051/742 1059/748
f 957/744 1056/747 941/749
f 1056/747 1059/748 1061/750
f 941/749 1056/747 1046/751
f 1046/751 1056/747 1061/750
f 941/749 1046/751 910/752
f 1046/751 1061/750 1058/753
f 910/752 1046/751 1034/754
f 1034/754 1046/751 1058/753
f 1034/754 1058/753 1049/755
f 910/752 1034/754 851/756
f 851/756 1034/754 978/757
f 867/758 978/757 946/759
f 978/757 867/758 669/760
f 978/757 669/760 851/756
f 851/756 669/760 278/761
f 278/761 669/760 23/762
f 851/756 278/761 159/763
f 159/763 278/761 239/764
f 239/764 278/761 1126/765
f 159/763 239/764 90/766
f 90/766 239/764 201/767
f 201/767 239/764 1136/768
f 201/767 1136/768 1204/769
f 90/766 201/767 18/770
f 201/767 1204/769 126/771
f 201/767 126/771 18/770
f 18/770 126/771 1081/772
f 1081/772 126/771 20/773
f 1081/772 20/773 1149/774
f 1149/774 20/773 1124/775
f 1149/774 1124/775 1244/776
f 1124/775 20/773 1328/777
f 1328/777 20/773 1287/778
f 1008/779 1032/780 921/781
f 1008/779 921/781 865/782
f 865/783 921/784 353/785
f 865/783 353/785 1108/786
f 1108/786 353/785 1343/787
f 1108/786 1343/787 1989/788
f 921/789 936/790 353/791
f 353/792 936/793 355/794
f 936/795 952/796 355/797
f 355/797 952/796 394/798
f 355/797 394/798 1345/799
f 1345/799 394/798 1379/800
f 1061/801 1057/802 1047/803
f 1058/804 1061/805 1047/806
f 1047/807 942/808 911/809
f 1047/807 911/809 1035/810
f 1047/807 1035/810 1058/811
f 1035/810 911/809 852/812
f 1058/811 1035/810 1049/813
f 1049/813 1035/810 1015/814
f 1049/813 1015/814 1034/815
f 1034/815 1015/814 978/816
f 978/816 1015/814 997/817
f 978/816 997/817 970/818
f 978/816 970/818 946/819
f 840/820 867/821 946/819
f 867/821 840/820 697/822
f 867/821 697/822 669/823
f 669/823 697/822 22/824
f 669/823 22/824 23/825
f 23/825 22/824 1302/826
f 1000/827 1015/814 998/828
f 998/828 1015/814 979/829
f 979/829 1015/814 1035/810
f 998/828 979/829 971/830
f 979/829 1035/810 852/812
f 971/830 979/829 947/831
f 979/829 852/812 670/832
f 947/831 979/829 868/833
f 868/833 979/829 670/832
f 947/831 868/833 842/834
f 842/834 868/833 700/835
f 700/835 868/833 670/832
f 700/835 670/832 24/836
f 670/832 852/812 279/837
f 24/836 670/832 25/838
f 25/838 670/832 279/837
f 24/836 25/838 1303/839
f 25/838 279/837 1089/840
f 1089/840 279/837 1127/841
f 1127/841 279/837 240/842
f 1127/841 240/842 1137/843
f 1137/843 240/842 202/844
f 1137/843 202/844 1205/845
f 1205/845 202/844 127/846
f 1205/845 127/846 1288/847
f 1288/847 127/846 21/848
f 1288/847 21/848 1329/849
f 1329/849 21/848 1125/850
f 1329/849 1125/850 1348/851
f 1348/851 1125/850 1123/852
f 1348/851 1123/852 1286/853
f 1348/851 1286/853 1479/854
f 1479/854 1286/853 1407/855
f 1479/854 1407/855 1614/856
f 1614/856 1407/855 1454/857
f 1614/856 1454/857 1676/858
f 843/834 699/835 819/859
f 843/834 819/859 845/860
f 843/834 845/860 913/861
f 913/861 845/860 853/862
f 853/862 845/860 782/863
f 853/862 782/863 726/864
f 727/865 781/866 726/864
f 726/864 781/866 853/862
f 853/862 781/866 844/867
f 853/862 844/867 912/868
f 912/868 844/867 841/820
f 841/820 844/867 818/869
f 841/820 818/869 698/822
f 853/862 912/868 923/870
f 853/862 923/870 913/861
f 923/870 912/868 965/871
f 913/861 923/870 966/872
f 923/870 965/871 994/873
f 923/870 994/873 966/872
f 941/874 910/875 276/876
f 159/877 910/875 851/878
f 910/875 159/877 276/876
f 276/876 159/877 1503/879
f 276/876 1503/879 1449/880
f 276/876 1449/880 1421/881
f 276/876 1421/881 320/882
f 276/876 320/882 941/874
f 941/874 320/882 957/883
f 957/883 320/882 396/884
f 997/885 1015/886 1000/887
f 997/885 1000/887 1001/888
f 997/885 1001/888 992/889
f 970/890 997/891 992/892
f 970/890 992/892 967/893
f 970/890 967/893 946/894
f 946/894 967/893 938/895
f 946/894 938/895 901/896
f 901/896 938/895 892/897
f 967/898 992/899 954/900
f 967/898 954/900 938/901
f 938/901 954/900 896/902
f 938/901 896/902 892/903
f 892/903 896/902 820/904
f 892/903 820/904 875/905
f 875/905 820/904 398/906
f 398/906 820/904 493/907
f 398/906 493/907 42/908
f 875/905 398/906 800/909
f 875/905 800/909 846/910
f 992/911 1001/912 980/913
f 992/911 980/913 954/914
f 980/915 1001/916 994/917
f 980/915 994/917 965/918
f 980/915 965/918 954/919
f 954/919 965/918 912/920
f 954/919 912/920 841/921
f 954/919 841/921 896/922
f 896/922 841/921 698/923
f 896/922 698/923 820/924
f 820/924 698/923 292/925
f 820/924 292/925 493/926
f 994/927 1001/928 1000/929
f 1002/930 1000/931 998/932
f 1002/930 998/932 993/933
f 1000/934 1002/935 994/936
f 994/936 1002/935 981/937
f 981/937 1002/935 993/938
f 994/936 981/937 966/939
f 981/937 993/938 955/940
f 981/937 955/940 966/939
f 966/939 955/940 913/941
f 913/941 955/940 843/942
f 843/942 955/940 897/943
f 843/942 897/943 699/944
f 699/944 897/943 821/945
f 699/944 821/945 293/946
f 293/946 821/945 494/947
f 293/946 494/947 67/948
f 993/949 998/950 971/951
f 993/952 971/953 968/954
f 993/955 968/956 955/957
f 968/958 971/959 947/960
f 939/961 955/962 968/963
f 955/962 939/961 897/964
f 897/964 939/961 893/965
f 897/964 893/965 821/966
f 821/966 893/965 876/967
f 821/966 876/967 399/968
f 399/968 876/967 801/969
f 801/969 876/967 847/970
f 821/966 399/968 494/971
f 494/971 399/968 43/972
f 494/971 43/972 113/973
f 494/971 113/973 69/974
f 69/974 113/973 1228/975
f 1228/975 113/973 1232/976
f 69/974 1228/975 71/977
f 71/977 1228/975 1230/978
f 69/974 71/977 358/979
f 69/974 358/979 401/980
f 401/980 358/979 673/981
f 401/980 673/981 719/982
f 719/982 673/981 861/983
f 719/982 861/983 882/984
f 939/985 968/986 947/987
f 939/985 947/987 902/988
f 939/985 902/988 893/989
f 902/990 947/991 842/992
f 902/990 842/992 885/993
f 885/993 842/992 700/994
f 885/993 700/994 857/995
f 902/996 885/997 893/998
f 893/998 885/997 857/999
f 893/998 857/999 876/1000
f 876/1000 857/999 817/1001
f 876/1000 817/1001 847/1002
f 817/1003 857/1004 700/1005
f 847/1006 817/1007 759/1008
f 847/1006 759/1008 801/1009
f 801/1009 759/1008 323/1010
f 801/1009 323/1010 399/1011
f 399/1011 323/1010 24/1012
f 399/1011 24/1012 43/1013
f 43/1013 24/1012 1303/1014
f 43/1013 1303/1014 1290/1015
f 1290/1015 1303/1014 1618/1016
f 1290/1015 1618/1016 1620/1017
f 1620/1017 1618/1016 1945/1018
f 1620/1017 1945/1018 1964/1019
f 759/1020 817/1021 700/1022
f 759/1020 700/1022 323/1023
f 323/1023 700/1022 24/1024
f 113/1025 43/1026 1290/1027
f 494/1028 69/1029 67/1030
f 293/1031 67/1032 401/1033
f 401/1033 67/1032 69/1034
f 293/1031 401/1033 719/1035
f 293/1031 719/1035 699/1036
f 699/1036 719/1035 878/1037
f 878/1037 719/1035 882/1038
f 699/1036 878/1037 831/1039
f 673/1040 358/1041 1266/1042
f 1266/1042 358/1041 71/1043
f 1266/1042 71/1043 1230/1044
f 1266/1042 1230/1044 1456/1045
f 1266/1042 1456/1045 1719/1046
f 861/1047 673/1048 1266/1049
f 861/1047 1266/1049 784/1050
f 1232/1051 113/1052 1290/1053
f 1228/1054 1232/1055 1510/1056
f 1228/1054 1510/1056 1483/1057
f 1228/1054 1483/1057 1230/1058
f 1483/1057 1510/1056 1853/1059
f 1483/1057 1853/1059 1748/1060
f 1748/1060 1853/1059 2103/1061
f 1456/1062 1748/1060 1719/1063
f 1719/1063 1748/1060 1971/1064
f 1971/1064 1748/1060 2103/1061
f 1719/1063 1971/1064 1948/1065
f 1971/1064 2103/1061 2075/1066
f 2075/1066 2103/1061 2256/1067
f 1948/1065 1971/1064 2074/1066
f 2075/1066 2256/1067 2102/1068
f 1948/1065 2074/1066 2018/1069
f 2018/1069 2074/1066 1946/1070
f 1946/1070 2074/1066 1968/1071
f 2075/1066 2102/1068 1968/1071
f 1946/1070 1968/1071 1718/1072
f 1968/1071 2102/1068 1747/1073
f 1968/1071 1747/1073 1718/1072
f 1718/1072 1747/1073 1455/1074
f 1747/1073 2102/1068 1852/1075
f 1455/1074 1747/1073 1482/1076
f 1482/1076 1747/1073 1852/1075
f 1482/1076 1852/1075 1509/1077
f 1510/1078 1232/1079 1290/1080
f 1510/1078 1290/1080 1620/1081
f 1510/1078 1620/1081 1964/1082
f 1510/1078 1964/1082 1853/1083
f 1853/1083 1964/1082 2284/1084
f 1853/1083 2284/1084 2103/1085
f 1230/1086 1483/1087 1456/1088
f 1456/1088 1483/1087 1748/1089
f 1719/1090 1948/1091 1266/1092
f 1266/1092 1948/1091 2018/1093
f 1266/1092 2018/1093 1946/1094
f 1266/1092 1946/1094 1718/1095
f 1618/1096 1303/1097 1555/1098
f 1618/1096 1555/1098 1945/1099
f 1555/1098 1303/1097 25/1100
f 1555/1098 25/1100 1616/1101
f 1555/1098 1616/1101 2164/1102
f 1616/1101 25/1100 1089/1103
f 2164/1102 1616/1101 2194/1104
f 1616/1101 1089/1103 1645/1105
f 1616/1101 1645/1105 2194/1104
f 1645/1105 1089/1103 1127/1106
f 2194/1104 1645/1105 2228/1107
f 1645/1105 1127/1106 1678/1108
f 1645/1105 1678/1108 2228/1107
f 2228/1107 1678/1108 2255/1109
f 1678/1108 1127/1106 1137/1110
f 2255/1109 1678/1108 1717/1111
f 1717/1111 1678/1108 1137/1110
f 1717/1111 1137/1110 1205/1112
f 1717/1111 1205/1112 1834/1113
f 1834/1113 1205/1112 1288/1114
f 1717/1111 1834/1113 2300/1115
f 2300/1115 1834/1113 2357/1116
f 2196/1117 2284/1118 1964/1119
f 2284/1118 2196/1117 2301/1120
f 2284/1118 2301/1120 2347/1121
f 2347/1121 2301/1120 2283/1122
f 2283/1122 2301/1120 2195/1123
f 2283/1122 2195/1123 1963/1124
f 1963/1124 2195/1123 1944/1125
f 1963/1124 1944/1125 1619/1126
f 2196/1127 1964/1128 1945/1129
f 1945/1130 1555/1131 2164/1132
f 2196/1133 1945/1134 2340/1135
f 2340/1136 1945/1137 2164/1138
f 2301/1139 2196/1140 2340/1141
f 2301/1139 2340/1141 2366/1142
f 2301/1139 2366/1142 2339/1143
f 2301/1139 2339/1143 2195/1144
f 2366/1142 2340/1141 2483/1145
f 2366/1142 2483/1145 2339/1143
f 2483/1145 2340/1141 2463/1146
f 2195/1144 2339/1143 1944/1147
f 2483/1145 2463/1146 2512/1148
f 1944/1147 2339/1143 2163/1149
f 2339/1143 2483/1145 2462/1150
f 2462/1150 2483/1145 2512/1148
f 2339/1143 2462/1150 2163/1149
f 2462/1150 2512/1148 2488/1151
f 2488/1151 2512/1148 2517/1152
f 2163/1149 2462/1150 2408/1153
f 2408/1153 2462/1150 2488/1151
f 2163/1149 2408/1153 2193/1154
f 2193/1154 2408/1153 2389/1155
f 2193/1154 2389/1155 2227/1156
f 2389/1155 2408/1153 2371/1157
f 2371/1157 2408/1153 2488/1151
f 2227/1156 2389/1155 2385/1158
f 2227/1156 2385/1158 2254/1159
f 2254/1159 2385/1158 2383/1160
f 2254/1159 2383/1160 2299/1161
f 2299/1161 2383/1160 2400/1162
f 2299/1161 2400/1162 2356/1163
f 2356/1163 2400/1162 2436/1164
f 2356/1163 2436/1164 2354/1165
f 2354/1165 2436/1164 2420/1166
f 2354/1165 2420/1166 2377/1167
f 2497/1168 2371/1157 2488/1151
f 2497/1168 2488/1151 2517/1152
f 2497/1168 2517/1152 2525/1169
f 2497/1168 2525/1169 2502/1170
f 2502/1170 2525/1169 2528/1171
f 2497/1168 2502/1170 2291/1172
f 2502/1170 2528/1171 2510/1173
f 2291/1172 2502/1170 2309/1174
f 2309/1174 2502/1170 2510/1173
f 2309/1174 2510/1173 2307/1175
f 279/1176 160/1177 240/1178
f 240/1179 160/1180 91/1181
f 202/1182 240/1183 91/1184
f 202/1182 91/1184 19/1185
f 202/1182 19/1185 127/1186
f 127/1186 19/1185 1062/1187
f 127/1186 1062/1187 21/1188
f 21/1188 1062/1187 1150/1189
f 21/1188 1150/1189 1125/1190
f 1125/1190 1150/1189 1245/1191
f 1125/1190 1245/1191 1123/1192
f 1123/1192 1245/1191 1261/1193
f 1123/1192 1261/1193 1286/1194
f 1286/1194 1261/1193 1403/1195
f 1286/1194 1403/1195 1407/1196
f 1407/1196 1403/1195 1551/1197
f 1407/1196 1551/1197 1454/1198
f 1454/1198 1551/1197 1610/1199
f 91/1200 160/1201 1504/1202
f 91/1200 1504/1202 1506/1203
f 1506/1203 1504/1202 2223/1204
f 2223/1204 1504/1202 2251/1205
f 2251/1205 1504/1202 1450/1206
f 2251/1205 1450/1206 2292/1207
f 19/1208 91/1209 1506/1210
f 19/1208 1506/1210 1532/1211
f 19/1208 1532/1211 1062/1212
f 1062/1212 1532/1211 1549/1213
f 1062/1212 1549/1213 1150/1214
f 1549/1213 1532/1211 2253/1215
f 2253/1215 1532/1211 2224/1216
f 1150/1214 1549/1213 1670/1217
f 1670/1217 1549/1213 2253/1215
f 1670/1217 2253/1215 2312/1218
f 1150/1214 1670/1217 1245/1219
f 1670/1217 2312/1218 2314/1220
f 1245/1219 1670/1217 1713/1221
f 1713/1221 1670/1217 2314/1220
f 1245/1219 1713/1221 1770/1222
f 1770/1222 1713/1221 2314/1220
f 1245/1219 1770/1222 1261/1223
f 1770/1222 2314/1220 2342/1224
f 1261/1223 1770/1222 1403/1225
f 1770/1222 2342/1224 2368/1226
f 1403/1225 1770/1222 1893/1227
f 1893/1227 1770/1222 2368/1226
f 1403/1225 1893/1227 1551/1228
f 1893/1227 2368/1226 2361/1229
f 1551/1228 1893/1227 1962/1230
f 1962/1230 1893/1227 2361/1229
f 1551/1228 1962/1230 1610/1231
f 1962/1230 2361/1229 2363/1232
f 1610/1231 1962/1230 1992/1233
f 1992/1233 1962/1230 2363/1232
f 2255/1234 1717/1235 2300/1236
f 1834/1237 1288/1238 1851/1239
f 1851/1239 1288/1238 1329/1240
f 1834/1237 1851/1239 2357/1241
f 2357/1241 1851/1239 2355/1242
f 2224/1243 1532/1244 1506/1245
f 2224/1246 1506/1247 2223/1248
f 2253/1249 2224/1250 2402/1251
f 2402/1251 2224/1250 2384/1252
f 2384/1252 2224/1250 2223/1253
f 2384/1252 2223/1253 2387/1254
f 2253/1249 2402/1251 2437/1255
f 2253/1249 2437/1255 2312/1256
f 2312/1256 2437/1255 2421/1257
f 2312/1256 2421/1257 2314/1258
f 2314/1258 2421/1257 2455/1259
f 2314/1258 2455/1259 2342/1260
f 2342/1260 2455/1259 2475/1261
f 2342/1260 2475/1261 2368/1262
f 2368/1262 2475/1261 2442/1263
f 2368/1262 2442/1263 2361/1264
f 2361/1264 2442/1263 2443/1265
f 2361/1264 2443/1265 2363/1266
f 2387/1267 2223/1268 2251/1269
f 2402/1270 2384/1271 2300/1272
f 2300/1272 2384/1271 2255/1273
f 2402/1270 2300/1272 2357/1274
f 2255/1273 2384/1271 2387/1275
f 2402/1270 2357/1274 2437/1276
f 2255/1273 2387/1275 2228/1277
f 2437/1276 2357/1274 2355/1278
f 2228/1277 2387/1275 2390/1279
f 2437/1276 2355/1278 2421/1280
f 2228/1277 2390/1279 2194/1281
f 2421/1280 2355/1278 2378/1282
f 2194/1281 2390/1279 2409/1283
f 2194/1281 2409/1283 2164/1284
f 2164/1284 2409/1283 2463/1285
f 2421/1280 2378/1282 2455/1286
f 2455/1286 2378/1282 2411/1287
f 2455/1286 2411/1287 2475/1288
f 2390/1289 2387/1290 2251/1291
f 2355/1292 1851/1293 1897/1294
f 1897/1294 1851/1293 1329/1295
f 1897/1294 1329/1295 1348/1296
f 2355/1292 1897/1294 2378/1297
f 1897/1294 1348/1296 1479/1298
f 2378/1297 1897/1294 2002/1299
f 2002/1299 1897/1294 1479/1298
f 2378/1297 2002/1299 2411/1300
f 2002/1299 1479/1298 1614/1301
f 2475/1302 2411/1303 2394/1304
f 2475/1302 2394/1304 2442/1305
f 2394/1306 2411/1307 2002/1308
f 2394/1306 2002/1308 2017/1309
f 2017/1309 2002/1308 1614/1310
f 2443/1311 2442/1312 2394/1313
f 2443/1311 2394/1313 2392/1314
f 2363/1315 2443/1316 1996/1317
f 1996/1317 2443/1316 2392/1318
f 2363/1319 1996/1320 1992/1321
f 1992/1321 1996/1320 1610/1322
f 2392/1323 2394/1324 2017/1325
f 2392/1323 2017/1325 2043/1326
f 2043/1326 2017/1325 1676/1327
f 1676/1327 2017/1325 1614/1328
f 2392/1329 2043/1330 1996/1331
f 1996/1331 2043/1330 1676/1332
f 1996/1331 1676/1332 1454/1333
f 1610/1334 1996/1335 1454/1336
f 1198/1337 89/1338 1183/1339
f 1183/1339 89/1338 148/1340
f 1183/1339 148/1340 176/1341
f 1183/1339 176/1341 1134/1342
f 1198/1337 1183/1339 1398/1343
f 1398/1343 1183/1339 1134/1342
f 1198/1337 1398/1343 1375/1344
f 1398/1343 1134/1342 1376/1345
f 1375/1344 1398/1343 1666/1346
f 1666/1346 1398/1343 1376/1345
f 1375/1344 1666/1346 1640/1347
f 1666/1346 1376/1345 1689/1348
f 176/1349 564/1350 612/1351
f 176/1349 612/1351 199/1352
f 176/1349 199/1352 1134/1353
f 1134/1353 199/1352 1147/1354
f 1134/1353 1147/1354 1419/1355
f 1134/1353 1419/1355 1376/1356
f 1376/1356 1419/1355 1733/1357
f 1376/1356 1733/1357 1689/1358
f 612/1359 564/1360 633/1361
f 633/1362 212/1363 612/1364
f 612/1364 212/1363 199/1365
f 199/1365 212/1363 1120/1366
f 199/1365 1120/1366 1147/1367
f 1120/1366 212/1363 1102/1368
f 1102/1368 212/1363 695/1369
f 1102/1370 695/1371 746/1372
f 1102/1370 746/1372 1104/1373
f 1104/1373 746/1372 814/1374
f 1104/1373 814/1374 1106/1375
f 1106/1375 814/1374 865/1376
f 1147/1377 1120/1378 1419/1379
f 1419/1379 1120/1378 1357/1380
f 1357/1380 1120/1378 1102/1381
f 1419/1379 1357/1380 1733/1382
f 1733/1382 1357/1380 1691/1383
f 1691/1383 1357/1380 1735/1384
f 1691/1383 1735/1384 1689/1385
f 1689/1386 1733/1387 1691/1388
f 1735/1389 1357/1390 1102/1391
f 1373/1392 1375/1393 1640/1394
f 1373/1392 1640/1394 1664/1395
f 1664/1396 1640/1397 1666/1398
f 1664/1399 1666/1400 1667/1401
f 1667/1401 1666/1400 1689/1402
f 1104/1403 1735/1404 1102/1405
f 1735/1404 1104/1403 1823/1406
f 1823/1406 1104/1403 1106/1407
f 1823/1406 1106/1407 1914/1408
f 1914/1408 1106/1407 1108/1409
f 1914/1408 1108/1409 1989/1410
f 1106/1411 865/1412 1108/1413
f 1343/1414 353/1415 355/1416
f 1343/1414 355/1416 1345/1417
f 1343/1414 1345/1417 2128/1418
f 2128/1418 1345/1417 2155/1419
f 2155/1419 1345/1417 1379/1420
f 2155/1419 1379/1420 2277/1421
f 394/1422 396/1423 1379/1420
f 1379/1420 396/1423 1400/1424
f 1379/1420 1400/1424 2277/1421
f 1400/1424 396/1423 320/1425
f 1400/1424 320/1425 1421/1426
f 2277/1421 1400/1424 2307/1427
f 2307/1427 1400/1424 1421/1426
f 2277/1421 2307/1427 2495/1428
f 2495/1428 2307/1427 2510/1429
f 2307/1427 1421/1426 2309/1430
f 2309/1430 1421/1426 1449/1431
f 2309/1430 1449/1431 2291/1432
f 2291/1432 1449/1431 2250/1433
f 2250/1433 1449/1431 1503/1434
f 2128/1435 1989/1436 1343/1437
f 2450/1438 2128/1439 2155/1440
f 2450/1438 2155/1440 2470/1441
f 2470/1441 2155/1440 2277/1442
f 2450/1438 2470/1441 2490/1443
f 2470/1441 2277/1442 2495/1444
f 2490/1443 2470/1441 2501/1445
f 2501/1445 2470/1441 2495/1444
f 2501/1445 2495/1444 2524/1446
f 2524/1446 2495/1444 2510/1447
f 2524/1446 2510/1447 2528/1448
f 2164/1449 2463/1450 2340/1451
f 2371/1452 2497/1453 2291/1454
f 2371/1455 2291/1456 2250/1457
f 2389/1458 2371/1459 2250/1460
f 2389/1461 2250/1462 2385/1463
f 2250/1464 1503/1465 2221/1466
f 2250/1464 2221/1466 2385/1467
f 2385/1467 2221/1466 2383/1468
f 2383/1468 2221/1466 2222/1469
f 2163/1470 2193/1471 1615/1472
f 1615/1472 2193/1471 1644/1473
f 1644/1473 2193/1471 2227/1474
f 2163/1470 1615/1472 1554/1475
f 2163/1470 1554/1475 1944/1476
f 1944/1476 1554/1475 1617/1477
f 1617/1477 1554/1475 1302/1478
f 1302/1478 1554/1475 23/1479
f 23/1479 1554/1475 1615/1472
f 23/1479 1615/1472 1088/1480
f 1088/1480 1615/1472 1644/1473
f 1088/1480 1644/1473 1126/1481
f 1126/1481 1644/1473 1677/1482
f 1677/1482 1644/1473 2227/1474
f 1126/1481 1677/1482 1136/1483
f 1677/1482 2227/1474 2254/1484
f 1136/1483 1677/1482 1716/1485
f 1716/1485 1677/1482 2254/1484
f 1716/1485 2254/1484 2299/1486
f 1716/1485 2299/1486 1833/1487
f 1716/1485 1833/1487 1204/1488
f 1204/1488 1833/1487 1287/1489
f 1833/1487 2299/1486 2356/1490
f 1833/1487 2356/1490 1850/1491
f 1850/1491 2356/1490 2354/1492
f 1850/1491 2354/1492 1896/1493
f 1850/1491 1896/1493 1328/1494
f 1328/1494 1896/1493 1347/1495
f 1896/1493 2354/1492 2377/1496
f 1347/1495 1896/1493 1478/1497
f 1896/1493 2377/1496 2001/1498
f 1896/1493 2001/1498 1478/1497
f 2001/1498 2377/1496 2410/1499
f 1478/1497 2001/1498 1613/1500
f 2001/1498 2410/1499 2393/1501
f 1613/1500 2001/1498 2016/1502
f 2016/1502 2001/1498 2393/1501
f 1613/1500 2016/1502 1675/1503
f 2016/1502 2393/1501 2391/1504
f 1675/1503 2016/1502 2042/1505
f 2042/1505 2016/1502 2391/1504
f 2383/1506 2222/1507 2400/1508
f 2222/1509 2221/1510 1505/1511
f 2222/1509 1505/1511 1531/1512
f 2222/1509 1531/1512 2252/1513
f 2252/1513 1531/1512 1548/1514
f 1531/1512 1505/1511 18/1515
f 18/1515 1505/1511 90/1516
f 1531/1512 18/1515 1081/1517
f 1531/1512 1081/1517 1548/1514
f 1548/1514 1081/1517 1149/1518
f 1548/1514 1149/1518 1669/1519
f 1669/1519 1149/1518 1244/1520
f 1669/1519 1244/1520 1712/1521
f 1712/1521 1244/1520 1769/1522
f 1769/1522 1244/1520 1260/1523
f 1769/1522 1260/1523 1402/1524
f 1769/1522 1402/1524 1892/1525
f 1769/1522 1892/1525 2367/1526
f 1769/1522 2367/1526 2341/1527
f 1769/1522 2341/1527 2313/1528
f 1505/1529 2221/1530 1503/1531
f 2400/1532 2222/1533 2252/1534
f 1505/1535 1503/1536 90/1537
f 90/1537 1503/1536 159/1538
f 2252/1539 1548/1540 1669/1541
f 20/1542 126/1543 1287/1544
f 1287/1544 126/1543 1204/1545
f 1204/1546 1136/1547 1716/1548
f 1136/1549 239/1550 1126/1551
f 1088/1552 1126/1553 278/1554
f 1088/1552 278/1554 23/1555
f 1944/1556 1617/1557 1619/1558
f 1619/1558 1617/1557 1289/1559
f 1289/1559 1617/1557 1302/1560
f 1289/1559 1302/1560 42/1561
f 42/1561 1302/1560 22/1562
f 42/1561 22/1562 398/1563
f 398/1563 22/1562 322/1564
f 398/1563 322/1564 800/1565
f 800/1565 322/1564 758/1566
f 1963/1567 1619/1568 1509/1569
f 1963/1567 1509/1569 1852/1570
f 1509/1569 1619/1568 1289/1571
f 1509/1569 1289/1571 1231/1572
f 1231/1572 1289/1571 112/1573
f 112/1573 1289/1571 42/1574
f 112/1573 42/1574 493/1575
f 2283/1576 1963/1577 1852/1578
f 2283/1576 1852/1578 2102/1579
f 2283/1576 2102/1579 2347/1580
f 2347/1580 2102/1579 2256/1581
f 2284/1582 2347/1583 2103/1584
f 2103/1585 2347/1586 2256/1587
f 1482/1588 1509/1589 1227/1590
f 1227/1590 1509/1589 1231/1591
f 1227/1590 1231/1591 112/1592
f 1227/1590 112/1592 68/1593
f 68/1593 112/1592 493/1594
f 1455/1595 1482/1596 1229/1597
f 1229/1598 1482/1599 1227/1600
f 1455/1601 1229/1602 1266/1603
f 1455/1601 1266/1603 1718/1604
f 1266/1603 1229/1602 70/1605
f 1266/1603 70/1605 357/1606
f 1229/1607 1227/1608 70/1609
f 70/1610 1227/1611 68/1612
f 68/1613 493/1614 66/1615
f 357/1616 70/1617 68/1618
f 357/1616 68/1618 400/1619
f 357/1616 400/1619 672/1620
f 672/1620 400/1619 718/1621
f 672/1620 718/1621 860/1622
f 860/1622 718/1621 881/1623
f 860/1622 881/1623 879/1624
f 68/1625 66/1626 400/1627
f 400/1627 66/1626 292/1628
f 66/1629 493/1630 292/1631
f 400/1632 292/1633 718/1634
f 718/1634 292/1633 698/1635
f 718/1634 698/1635 877/1636
f 718/1634 877/1636 881/1637
f 877/1636 698/1635 830/1638
f 830/1638 698/1635 818/1639
f 877/1636 830/1638 854/1640
f 854/1640 830/1638 818/1639
f 357/1641 672/1642 1266/1643
f 672/1644 860/1645 1266/1646
f 1266/1646 860/1645 783/1647
f 879/1648 881/1649 877/1650
f 879/1648 877/1650 869/1651
f 869/1651 877/1650 854/1652
f 869/1651 854/1652 844/1653
f 860/1654 879/1655 858/1656
f 860/1654 858/1656 802/1657
f 860/1654 802/1657 783/1658
f 783/1658 802/1657 727/1659
f 783/1658 727/1659 702/1660
f 702/1660 727/1659 701/1661
f 701/1661 727/1659 726/1662
f 858/1663 879/1664 781/1665
f 781/1665 879/1664 869/1666
f 781/1665 869/1666 844/1667
f 858/1668 781/1669 802/1670
f 802/1670 781/1669 727/1671
f 783/1672 702/1673 1266/1674
f 1266/1674 702/1673 701/1675
f 844/1676 854/1677 818/1678
f 22/1679 697/1680 322/1681
f 322/1681 697/1680 758/1682
f 758/1682 697/1680 816/1683
f 800/1684 758/1685 846/1686
f 846/1686 758/1685 816/1687
f 846/1688 816/1689 875/1690
f 875/1690 816/1689 855/1691
f 875/1690 855/1691 892/1692
f 892/1692 855/1691 884/1693
f 855/1694 816/1695 697/1696
f 855/1697 697/1698 884/1699
f 884/1699 697/1698 840/1700
f 884/1699 840/1700 901/1701
f 901/1701 840/1700 946/1702
f 884/1703 901/1704 892/1705
f 1328/1706 1287/1707 1850/1708
f 1850/1708 1287/1707 1833/1709
f 2436/1710 2400/1711 2252/1712
f 2436/1713 2252/1714 2311/1715
f 2436/1713 2311/1715 2420/1716
f 2420/1716 2311/1715 2313/1717
f 2313/1717 2311/1715 1669/1718
f 2313/1717 1669/1718 1712/1719
f 2313/1717 1712/1719 1769/1720
f 2311/1721 2252/1722 1669/1723
f 2420/1724 2313/1725 2454/1726
f 2420/1724 2454/1726 2377/1727
f 2454/1728 2313/1729 2341/1730
f 2454/1728 2341/1730 2473/1731
f 2473/1731 2341/1730 2367/1732
f 2473/1731 2367/1732 2440/1733
f 2440/1733 2367/1732 2360/1734
f 2360/1734 2367/1732 1892/1735
f 2360/1734 1892/1735 1961/1736
f 2440/1733 2360/1734 2441/1737
f 2441/1737 2360/1734 2362/1738
f 2377/1739 2454/1740 2410/1741
f 2410/1741 2454/1740 2473/1742
f 2410/1741 2473/1742 2393/1743
f 2393/1743 2473/1742 2440/1744
f 2393/1743 2440/1744 2441/1745
f 2393/1743 2441/1745 2391/1746
f 2391/1747 2441/1748 1995/1749
f 2391/1747 1995/1749 2042/1750
f 2042/1750 1995/1749 1675/1751
f 2441/1752 2362/1753 1995/1754
f 1995/1754 2362/1753 1991/1755
f 1995/1754 1991/1755 1609/1756
f 2362/1757 2360/1758 1961/1759
f 2362/1757 1961/1759 1991/1760
f 1991/1760 1961/1759 1609/1761
f 1609/1761 1961/1759 1550/1762
f 1961/1763 1892/1764 1550/1765
f 1550/1765 1892/1764 1402/1766
f 1995/1767 1609/1768 1453/1769
f 1995/1767 1453/1769 1675/1770
f 1453/1771 1609/1772 1550/1773
f 1453/1771 1550/1773 1406/1774
f 1406/1774 1550/1773 1402/1775
f 1406/1774 1402/1775 1285/1776
f 1285/1776 1402/1775 1260/1777
f 1285/1776 1260/1777 1122/1778
f 1406/1774 1285/1776 1478/1779
f 1406/1774 1478/1779 1613/1780
f 1613/1781 1675/1782 1453/1783
f 1613/1781 1453/1783 1406/1784
f 1347/1785 1478/1786 1285/1787
f 1347/1785 1285/1787 1122/1788
f 1347/1785 1122/1788 1124/1789
f 1347/1785 1124/1789 1328/1790
f 1124/1791 1122/1792 1244/1793
f 1244/1793 1122/1792 1260/1794
f 1043/1795 1036/1796 1048/1797
f 1043/1795 1048/1797 1055/1798
f 1036/1799 1043/1800 1017/1801
f 1036/1799 1017/1801 1003/1802
f 1017/1803 1043/1804 1024/1805
f 1017/1806 1024/1807 1003/1808
f 1003/1808 1024/1807 1011/1809
f 1036/1810 1003/1811 1011/1812
f 1036/1810 1011/1812 1016/1813
f 1016/1813 1011/1812 995/1814
f 1016/1813 995/1814 999/1815
f 1036/1810 1016/1813 1048/1816
f 1048/1816 1016/1813 1021/1817
f 1055/1818 1048/1819 1031/1820
f 1043/1821 1055/1822 1025/1823
f 1025/1823 1055/1822 1031/1824
f 1043/1825 1025/1826 1024/1827
f 1024/1827 1025/1826 1007/1828
f 1031/1829 1048/1830 1021/1831
f 1031/1832 1021/1833 1025/1834
f 1025/1834 1021/1833 1016/1835
f 1007/1836 1011/1837 1024/1838
f 1011/1837 1007/1836 995/1839
f 1007/1840 1025/1841 1014/1842
f 1007/1843 1014/1844 995/1845
f 995/1845 1014/1844 999/1846
f 1014/1847 1025/1848 1016/1849
f 1014/1847 1016/1849 999/1850
f 1010/1851 1022/1852 1018/1853
f 1022/1852 1010/1851 1019/1854
f 1010/1855 1018/1856 1004/1857
f 1010/1855 1004/1857 996/1858
f 1004/1859 1018/1860 1012/1861
f 1012/1861 1018/1860 1022/1862
f 1010/1863 996/1864 1019/1865
f 1019/1865 996/1864 1005/1866
f 996/1867 1004/1868 1012/1869
f 996/1867 1012/1869 1005/1870
f 1022/1871 1019/1872 1005/1873
f 1022/1871 1005/1873 1012/1874
f 728/1875 701/1876 726/1877
f 701/1876 728/1875 703/1878
f 703/1878 728/1875 784/1879
f 701/1876 703/1878 1266/1880
f 1266/1880 703/1878 784/1879
f 728/1881 726/1882 782/1883
f 784/1884 728/1885 803/1886
f 784/1884 803/1886 861/1887
f 861/1887 803/1886 859/1888
f 861/1887 859/1888 880/1889
f 861/1887 880/1889 882/1890
f 803/1891 728/1892 782/1893
f 803/1891 782/1893 859/1894
f 859/1894 782/1893 880/1895
f 878/1896 882/1897 880/1898
f 880/1899 782/1900 870/1901
f 870/1901 782/1900 845/1902
f 880/1903 870/1904 878/1905
f 878/1905 870/1904 856/1906
f 856/1906 870/1904 845/1907
f 878/1908 856/1909 831/1910
f 831/1910 856/1909 819/1911
f 831/1910 819/1911 699/1912
f 819/1913 856/1914 845/1915
f 566/1916 614/1917 452/1918
f 614/1917 566/1916 671/1919
f 614/1917 671/1919 729/1920
f 729/1920 671/1919 760/1921
f 614/1917 729/1920 593/1922
f 452/1918 614/1917 324/1923
f 324/1923 614/1917 593/1922
f 324/1923 593/1922 280/1924
f 452/1918 324/1923 213/1925
f 324/1923 280/1924 149/1926
f 324/1923 149/1926 213/1925
f 213/1925 149/1926 1/1927
f 1/1927 149/1926 1250/1928
f 566/1929 452/1930 453/1931
f 453/1931 452/1930 213/1932
f 453/1931 213/1932 214/1933
f 214/1933 213/1932 1/1934
f 214/1933 1/1934 2/1935
f 2/1935 1/1934 1250/1936
f 2/1935 1250/1936 1251/1937
f 1251/1937 1250/1936 1480/1938
f 566/1939 453/1940 615/1941
f 566/1939 615/1941 671/1942
f 615/1941 453/1940 325/1943
f 325/1943 453/1940 214/1944
f 615/1941 325/1943 594/1945
f 671/1946 615/1947 730/1948
f 730/1948 615/1947 594/1949
f 671/1946 730/1948 760/1950
f 730/1948 594/1949 721/1951
f 730/1948 721/1951 823/1952
f 730/1948 823/1952 760/1950
f 823/1952 721/1951 786/1953
f 760/1950 823/1952 832/1954
f 760/1950 832/1954 822/1955
f 823/1952 786/1953 849/1956
f 823/1952 849/1956 832/1954
f 849/1956 786/1953 834/1957
f 832/1954 849/1956 862/1958
f 849/1956 834/1957 850/1959
f 849/1956 850/1959 862/1958
f 593/1960 729/1961 720/1962
f 760/1963 822/1964 729/1961
f 729/1961 822/1964 720/1962
f 593/1960 720/1962 567/1965
f 593/1960 567/1965 280/1966
f 720/1962 822/1964 785/1967
f 567/1965 720/1962 647/1968
f 647/1968 720/1962 785/1967
f 567/1965 647/1968 571/1969
f 567/1965 571/1969 326/1970
f 785/1967 822/1964 848/1971
f 848/1971 822/1964 832/1972
f 848/1971 832/1972 862/1973
f 848/1971 862/1973 850/1974
f 848/1971 850/1974 833/1975
f 848/1971 833/1975 785/1967
f 785/1967 833/1975 761/1976
f 785/1967 761/1976 647/1968
f 761/1976 833/1975 787/1977
f 804/1978 787/1977 850/1974
f 787/1977 804/1978 789/1979
f 787/1977 789/1979 763/1980
f 787/1977 763/1980 731/1981
f 787/1977 731/1981 761/1976
f 731/1981 763/1980 734/1982
f 731/1981 734/1982 682/1983
f 704/1984 647/1968 761/1976
f 704/1984 761/1976 731/1981
f 647/1968 704/1984 571/1969
f 731/1981 682/1983 677/1985
f 731/1981 677/1985 704/1984
f 677/1985 682/1983 635/1986
f 571/1969 704/1984 617/1987
f 617/1987 704/1984 677/1985
f 571/1969 617/1987 456/1988
f 617/1987 677/1985 636/1989
f 456/1988 617/1987 573/1990
f 573/1990 617/1987 636/1989
f 456/1988 573/1990 497/1991
f 497/1991 573/1990 575/1992
f 573/1990 636/1989 627/1993
f 575/1992 573/1990 639/1994
f 639/1994 573/1990 627/1993
f 639/1994 627/1993 655/1995
f 655/1995 627/1993 624/1996
f 639/1994 655/1995 713/1997
f 639/1994 713/1997 658/1998
f 713/1997 655/1995 653/1999
f 653/1999 655/1995 623/2000
f 653/1999 623/2000 619/2001
f 653/1999 619/2001 650/2002
f 653/1999 650/2002 708/2003
f 713/1997 653/1999 722/2004
f 713/1997 722/2004 724/2005
f 724/2005 722/2004 750/2006
f 280/2007 567/2008 326/2009
f 280/2007 326/2009 151/2010
f 1184/2011 1151/2012 151/2010
f 151/2010 326/2009 47/2013
f 151/2010 47/2013 1184/2011
f 571/2014 456/2015 326/2009
f 497/2016 364/2017 456/2015
f 456/2015 364/2017 252/2018
f 456/2015 252/2018 326/2009
f 326/2009 252/2018 47/2013
f 47/2013 252/2018 9/2019
f 1186/2020 1184/2011 47/2013
f 1186/2020 47/2013 9/2019
f 1184/2011 1186/2020 1291/2021
f 1291/2021 1186/2020 1308/2022
f 1308/2022 1186/2020 1188/2023
f 1188/2023 1186/2020 9/2019
f 9/2019 252/2018 229/2024
f 1188/2023 9/2019 1213/2025
f 9/2019 229/2024 81/2026
f 9/2019 81/2026 1213/2025
f 81/2026 229/2024 284/2027
f 81/2026 284/2027 155/2028
f 1213/2025 81/2026 1352/2029
f 1213/2025 1352/2029 1315/2030
f 1315/2030 1352/2029 1408/2031
f 1352/2029 81/2026 32/2032
f 32/2032 81/2026 155/2028
f 1352/2029 32/2032 1368/2033
f 32/2032 155/2028 98/2034
f 98/2034 155/2028 315/2035
f 32/2032 98/2034 1370/2036
f 32/2032 1370/2036 1368/2033
f 1368/2033 1370/2036 1819/2037
f 149/2038 280/2039 151/2040
f 149/2038 151/2040 1151/2041
f 149/2038 1151/2041 1250/2042
f 1250/2042 1151/2041 1480/2043
f 1184/2044 1252/2045 1151/2041
f 1151/2041 1252/2045 1304/2046
f 1480/2043 1151/2041 1431/2047
f 1431/2047 1151/2041 1304/2046
f 1480/2043 1431/2047 1779/2048
f 1431/2047 1304/2046 1385/2049
f 1779/2048 1431/2047 1749/2050
f 1749/2050 1431/2047 1385/2049
f 1779/2048 1749/2050 2003/2051
f 2003/2051 1749/2050 1967/2052
f 1749/2050 1385/2049 1786/2053
f 1786/2053 1385/2049 1458/2054
f 1749/2050 1786/2053 1974/2055
f 1786/2053 1458/2054 1408/2056
f 1974/2055 1786/2053 1983/2057
f 1786/2053 1408/2056 1795/2058
f 1786/2053 1795/2058 1983/2057
f 1983/2057 1795/2058 1957/2059
f 1795/2058 1408/2056 1352/2060
f 1795/2058 1352/2060 1819/2061
f 1819/2061 1352/2060 1368/2062
f 214/2063 2/2064 150/2065
f 150/2065 2/2064 1251/2066
f 214/2063 150/2065 325/2067
f 325/2067 150/2065 281/2068
f 325/2067 281/2068 594/2069
f 150/2065 1251/2066 1152/2070
f 1152/2070 1251/2066 1481/2071
f 1152/2070 1481/2071 1432/2072
f 1432/2072 1481/2071 1780/2073
f 1152/2070 1432/2072 1306/2074
f 1432/2072 1780/2073 1750/2075
f 1306/2074 1432/2072 1386/2076
f 1386/2076 1432/2072 1750/2075
f 1386/2076 1750/2075 1787/2077
f 1386/2076 1787/2077 1460/2078
f 1460/2078 1787/2077 1409/2079
f 1409/2079 1787/2077 1797/2080
f 594/2081 281/2082 568/2083
f 594/2081 568/2083 721/2084
f 721/2084 568/2083 648/2085
f 721/2084 648/2085 786/2086
f 648/2085 568/2083 572/2087
f 648/2085 572/2087 705/2088
f 705/2088 572/2087 618/2089
f 618/2089 572/2087 457/2090
f 572/2087 568/2083 327/2091
f 327/2091 568/2083 281/2082
f 572/2087 327/2091 457/2090
f 327/2091 281/2082 152/2092
f 152/2092 281/2082 150/2093
f 152/2092 150/2093 1152/2094
f 152/2092 1152/2094 1185/2095
f 327/2091 152/2092 48/2096
f 48/2096 152/2092 1185/2095
f 457/2090 327/2091 253/2097
f 253/2097 327/2091 48/2096
f 457/2090 253/2097 366/2098
f 457/2090 366/2098 498/2099
f 366/2098 253/2097 303/2100
f 253/2097 48/2096 12/2101
f 48/2096 1185/2095 1187/2102
f 48/2096 1187/2102 12/2101
f 1187/2102 1185/2095 1292/2103
f 253/2097 12/2101 230/2104
f 12/2101 1187/2102 1189/2105
f 1187/2102 1292/2103 1309/2106
f 1187/2102 1309/2106 1189/2105
f 1309/2106 1292/2103 1350/2107
f 1189/2105 1309/2106 1234/2108
f 1234/2108 1309/2106 1311/2109
f 12/2101 1189/2105 1214/2110
f 82/2111 230/2104 12/2101
f 82/2111 12/2101 1214/2110
f 230/2104 82/2111 285/2112
f 82/2111 1214/2110 1353/2113
f 1353/2113 1214/2110 1316/2114
f 1353/2113 1316/2114 1409/2115
f 82/2111 1353/2113 33/2116
f 285/2112 82/2111 244/2117
f 244/2117 82/2111 33/2116
f 285/2112 244/2117 430/2118
f 244/2117 33/2116 99/2119
f 430/2118 244/2117 316/2120
f 316/2120 244/2117 99/2119
f 368/2121 366/2098 303/2100
f 366/2098 368/2121 414/2122
f 368/2121 303/2100 337/2123
f 337/2123 303/2100 283/2124
f 414/2122 368/2121 370/2125
f 370/2125 368/2121 337/2123
f 370/2125 337/2123 283/2124
f 370/2125 283/2124 338/2126
f 370/2125 338/2126 426/2127
f 370/2125 426/2127 476/2128
f 834/2129 786/2130 762/2131
f 762/2131 786/2130 648/2132
f 834/2129 762/2131 788/2133
f 834/2129 788/2133 850/2134
f 850/2134 788/2133 804/2135
f 804/2135 788/2133 789/2136
f 789/2136 788/2133 764/2137
f 764/2137 788/2133 732/2138
f 732/2138 788/2133 762/2131
f 732/2138 762/2131 705/2139
f 732/2138 705/2139 678/2140
f 732/2138 678/2140 687/2141
f 687/2141 678/2140 637/2142
f 678/2140 705/2139 618/2143
f 637/2142 678/2140 638/2144
f 638/2144 678/2140 618/2143
f 638/2144 618/2143 574/2145
f 574/2145 618/2143 457/2146
f 638/2144 574/2145 628/2147
f 574/2145 457/2146 498/2148
f 628/2147 574/2145 640/2149
f 628/2147 640/2149 656/2150
f 656/2150 640/2149 714/2151
f 574/2145 498/2148 576/2152
f 574/2145 576/2152 640/2149
f 576/2152 498/2148 500/2153
f 714/2151 640/2149 660/2154
f 660/2154 640/2149 576/2152
f 714/2151 660/2154 725/2155
f 714/2151 725/2155 723/2156
f 723/2156 725/2155 751/2157
f 751/2157 725/2155 737/2158
f 751/2157 737/2158 749/2159
f 749/2159 737/2158 750/2160
f 750/2160 737/2158 724/2161
f 724/2161 737/2158 715/2162
f 715/2162 737/2158 725/2155
f 724/2161 715/2162 716/2163
f 715/2162 725/2155 717/2164
f 717/2164 725/2155 660/2154
f 717/2164 660/2154 659/2165
f 659/2165 660/2154 642/2166
f 630/2167 660/2154 576/2152
f 660/2154 630/2167 644/2168
f 644/2168 630/2167 632/2169
f 630/2167 576/2152 500/2153
f 632/2169 630/2167 539/2170
f 539/2170 630/2167 500/2153
f 632/2169 539/2170 541/2171
f 541/2171 539/2170 502/2172
f 502/2172 539/2170 462/2173
f 462/2173 539/2170 500/2153
f 502/2172 462/2173 468/2174
f 462/2173 500/2153 460/2175
f 460/2175 500/2153 414/2176
f 462/2173 460/2175 370/2177
f 762/2178 648/2179 705/2180
f 833/2181 850/2182 787/2183
f 734/2184 763/2185 733/2186
f 733/2186 763/2185 748/2187
f 748/2187 763/2185 789/2188
f 636/2189 677/2190 635/2191
f 682/2192 734/2193 708/2194
f 708/2194 734/2193 733/2195
f 682/2192 708/2194 650/2196
f 635/2197 682/2198 619/2199
f 635/2197 619/2199 636/2200
f 636/2200 619/2199 620/2201
f 636/2202 620/2203 624/2204
f 624/2205 620/2206 623/2207
f 623/2207 620/2206 619/2208
f 636/2209 624/2210 627/2211
f 624/2212 623/2213 655/2214
f 639/2215 658/2216 575/2217
f 575/2217 658/2216 629/2218
f 575/2217 629/2218 499/2219
f 575/2217 499/2219 497/2220
f 499/2219 629/2218 538/2221
f 538/2221 629/2218 631/2222
f 631/2222 629/2218 643/2223
f 538/2221 631/2222 540/2224
f 538/2221 540/2224 501/2225
f 364/2226 497/2227 499/2228
f 1184/2229 1291/2230 1252/2231
f 1252/2231 1291/2230 1305/2232
f 1305/2232 1291/2230 1360/2233
f 1360/2233 1291/2230 1349/2234
f 1252/2235 1305/2236 1304/2237
f 1305/2238 1360/2239 1304/2240
f 1304/2240 1360/2239 1385/2241
f 1385/2241 1360/2239 1459/2242
f 1459/2242 1360/2239 1349/2243
f 1385/2241 1459/2242 1458/2244
f 1349/2245 1291/2246 1308/2247
f 1349/2245 1308/2247 1387/2248
f 1387/2248 1308/2247 1362/2249
f 1362/2249 1308/2247 1310/2250
f 1310/2250 1308/2247 1233/2251
f 1233/2251 1308/2247 1188/2252
f 1233/2251 1188/2252 1213/2253
f 1480/2254 1779/2255 1251/2256
f 1251/2256 1779/2255 2003/2257
f 1251/2256 2003/2257 2073/2258
f 1251/2256 2073/2258 1481/2259
f 1481/2259 2073/2258 1780/2260
f 1780/2260 2073/2258 2004/2261
f 2003/2262 1967/2263 2073/2264
f 2073/2264 1967/2263 2074/2265
f 2074/2265 1967/2263 1974/2266
f 1974/2266 1967/2263 1749/2267
f 2074/2265 1974/2266 2049/2268
f 2074/2265 2049/2268 1976/2269
f 2049/2268 1974/2266 1983/2270
f 2049/2268 1983/2270 2061/2271
f 2061/2271 1983/2270 1957/2272
f 2061/2271 1957/2272 2033/2273
f 2033/2273 1957/2272 1819/2274
f 1819/2274 1957/2272 1795/2275
f 2033/2273 1819/2274 1886/2276
f 1886/2276 1819/2274 1370/2277
f 1459/2278 1349/2279 1387/2280
f 1459/2278 1387/2280 1410/2281
f 1410/2281 1387/2280 1362/2282
f 1458/2283 1459/2284 1410/2285
f 1458/2283 1410/2285 1408/2286
f 1408/2286 1410/2285 1317/2287
f 1408/2286 1317/2287 1315/2288
f 1410/2289 1362/2290 1317/2291
f 1317/2291 1362/2290 1310/2292
f 1310/2293 1233/2294 1317/2295
f 1317/2296 1233/2297 1213/2298
f 1315/2299 1317/2300 1213/2301
f 229/2302 252/2303 301/2304
f 301/2304 252/2303 364/2305
f 229/2302 301/2304 282/2306
f 413/2307 364/2305 499/2308
f 229/2302 282/2306 284/2309
f 364/2305 413/2307 367/2310
f 364/2305 367/2310 301/2304
f 282/2306 301/2304 336/2311
f 336/2311 301/2304 367/2310
f 284/2309 282/2306 371/2312
f 282/2306 336/2311 369/2313
f 369/2313 336/2311 367/2310
f 369/2313 367/2310 413/2307
f 282/2306 369/2313 371/2312
f 369/2313 413/2307 459/2314
f 369/2313 459/2314 461/2315
f 371/2312 369/2313 425/2316
f 371/2312 425/2316 284/2309
f 369/2313 461/2315 422/2317
f 422/2317 461/2315 477/2318
f 477/2318 461/2315 513/2319
f 284/2309 425/2316 429/2320
f 284/2309 429/2320 155/2321
f 155/2321 429/2320 315/2322
f 429/2320 425/2316 479/2323
f 315/2322 429/2320 551/2324
f 551/2324 429/2320 479/2323
f 551/2324 479/2323 517/2325
f 517/2325 479/2323 515/2326
f 551/2324 517/2325 542/2327
f 542/2327 517/2325 511/2328
f 551/2324 542/2327 589/2329
f 542/2327 511/2328 578/2330
f 589/2329 542/2327 580/2331
f 542/2327 578/2330 577/2332
f 542/2327 577/2332 580/2331
f 413/2333 499/2334 459/2335
f 459/2335 499/2334 461/2336
f 461/2337 499/2338 538/2339
f 643/2340 629/2341 658/2342
f 475/2343 425/2344 369/2345
f 425/2344 475/2343 518/2346
f 425/2344 518/2346 479/2347
f 475/2348 369/2349 422/2350
f 475/2348 422/2350 477/2351
f 475/2352 477/2353 518/2354
f 518/2355 477/2356 513/2357
f 501/2358 461/2359 538/2360
f 461/2361 501/2362 467/2363
f 467/2363 501/2362 505/2364
f 467/2363 505/2364 471/2365
f 471/2365 505/2364 511/2366
f 471/2365 511/2366 513/2367
f 505/2368 501/2369 540/2370
f 505/2368 540/2370 578/2371
f 578/2371 540/2370 631/2372
f 461/2373 467/2374 471/2375
f 461/2373 471/2375 513/2376
f 505/2377 578/2378 511/2379
f 578/2380 631/2381 605/2382
f 578/2380 605/2382 607/2383
f 578/2380 607/2383 577/2384
f 577/2384 607/2383 579/2385
f 579/2385 607/2383 606/2386
f 605/2387 631/2388 663/2389
f 605/2387 663/2389 692/2390
f 663/2389 631/2388 661/2391
f 661/2391 631/2388 643/2392
f 661/2391 643/2392 641/2393
f 663/2389 661/2391 742/2394
f 663/2389 742/2394 692/2390
f 742/2394 661/2391 740/2395
f 742/2394 740/2395 792/2396
f 692/2390 742/2394 753/2397
f 742/2394 792/2396 794/2398
f 742/2394 794/2398 753/2397
f 753/2397 794/2398 796/2399
f 796/2399 794/2398 826/2400
f 753/2397 796/2399 806/2401
f 806/2401 796/2399 826/2400
f 605/2402 692/2403 607/2404
f 607/2404 692/2403 694/2405
f 607/2404 694/2405 606/2406
f 606/2406 694/2405 693/2407
f 694/2405 692/2403 753/2408
f 693/2407 694/2405 754/2409
f 694/2405 753/2408 755/2410
f 694/2405 755/2410 754/2409
f 755/2410 753/2408 806/2411
f 755/2410 806/2411 754/2409
f 641/2412 643/2413 658/2414
f 661/2415 641/2416 657/2417
f 661/2415 657/2417 690/2418
f 690/2418 657/2417 716/2419
f 657/2420 641/2421 658/2422
f 657/2420 658/2422 716/2423
f 661/2424 690/2425 740/2426
f 740/2426 690/2425 738/2427
f 738/2427 690/2425 716/2428
f 738/2427 716/2428 752/2429
f 740/2426 738/2427 792/2430
f 738/2427 752/2429 805/2431
f 792/2430 738/2427 790/2432
f 792/2430 790/2432 824/2433
f 824/2433 790/2432 805/2431
f 824/2433 805/2431 835/2434
f 724/2435 716/2436 658/2437
f 724/2438 658/2439 713/2440
f 790/2441 738/2442 805/2443
f 792/2444 824/2445 794/2446
f 794/2446 824/2445 826/2447
f 826/2447 824/2445 835/2448
f 826/2447 835/2448 836/2449
f 752/2450 716/2451 715/2452
f 752/2450 715/2452 717/2453
f 752/2450 717/2453 739/2454
f 739/2454 717/2453 691/2455
f 752/2450 739/2454 805/2456
f 805/2456 739/2454 791/2457
f 739/2454 691/2455 741/2458
f 739/2454 741/2458 793/2459
f 826/2460 836/2461 806/2462
f 806/2462 836/2461 827/2463
f 806/2462 827/2463 797/2464
f 806/2462 797/2464 754/2465
f 836/2466 835/2467 827/2468
f 827/2468 835/2467 825/2469
f 825/2469 835/2467 805/2470
f 825/2469 805/2470 791/2471
f 825/2469 791/2471 793/2472
f 797/2473 827/2474 795/2475
f 795/2475 827/2474 825/2476
f 797/2473 795/2475 754/2477
f 795/2475 825/2476 793/2478
f 754/2477 795/2475 743/2479
f 743/2479 795/2475 793/2478
f 743/2479 793/2478 741/2480
f 743/2479 741/2480 662/2481
f 743/2479 662/2481 664/2482
f 664/2482 662/2481 632/2483
f 632/2483 662/2481 644/2484
f 791/2485 739/2486 793/2487
f 662/2488 741/2489 691/2490
f 662/2488 691/2490 659/2491
f 662/2488 659/2491 642/2492
f 662/2488 642/2492 644/2493
f 693/2494 754/2495 743/2496
f 693/2494 743/2496 664/2497
f 693/2494 664/2497 606/2498
f 606/2498 664/2497 632/2499
f 579/2500 606/2501 632/2502
f 659/2503 691/2504 717/2505
f 644/2506 642/2507 660/2508
f 749/2509 750/2510 748/2511
f 749/2509 748/2511 751/2512
f 751/2512 748/2511 735/2513
f 751/2512 735/2513 723/2514
f 723/2514 735/2513 709/2515
f 723/2514 709/2515 654/2516
f 654/2516 709/2515 652/2517
f 750/2518 722/2519 733/2520
f 750/2518 733/2520 748/2521
f 733/2520 722/2519 708/2522
f 708/2522 722/2519 653/2523
f 714/2524 723/2525 654/2526
f 748/2527 789/2528 764/2529
f 748/2527 764/2529 735/2530
f 764/2531 732/2532 736/2533
f 764/2534 736/2535 735/2536
f 736/2537 732/2538 687/2539
f 735/2540 736/2541 709/2542
f 709/2542 736/2541 687/2543
f 709/2542 687/2543 652/2544
f 652/2544 687/2543 621/2545
f 621/2545 687/2543 637/2546
f 621/2545 637/2546 638/2547
f 621/2545 638/2547 622/2548
f 622/2549 638/2550 626/2551
f 626/2551 638/2550 628/2552
f 622/2553 626/2554 625/2555
f 622/2553 625/2555 621/2556
f 625/2557 626/2558 656/2559
f 656/2560 626/2561 628/2562
f 625/2563 656/2564 654/2565
f 625/2563 654/2565 621/2566
f 621/2566 654/2565 652/2567
f 654/2568 656/2569 714/2570
f 498/2571 366/2572 500/2573
f 500/2574 366/2575 414/2576
f 460/2577 414/2578 370/2579
f 303/2580 253/2581 230/2582
f 303/2583 230/2584 283/2585
f 283/2585 230/2584 285/2586
f 283/2585 285/2586 338/2587
f 338/2587 285/2586 426/2588
f 426/2588 285/2586 430/2589
f 426/2588 430/2589 480/2590
f 480/2590 430/2589 553/2591
f 480/2590 553/2591 519/2592
f 519/2592 553/2591 543/2593
f 543/2593 553/2591 589/2594
f 543/2593 589/2594 580/2595
f 543/2593 580/2595 577/2596
f 519/2592 543/2593 512/2597
f 512/2597 543/2593 579/2598
f 519/2592 512/2597 516/2599
f 516/2599 512/2597 514/2600
f 516/2599 514/2600 520/2601
f 514/2600 512/2597 472/2602
f 472/2602 512/2597 506/2603
f 472/2602 506/2603 468/2604
f 472/2602 468/2604 462/2605
f 520/2601 514/2600 478/2606
f 478/2606 514/2600 462/2605
f 520/2601 478/2606 476/2607
f 478/2606 462/2605 424/2608
f 424/2608 462/2605 370/2609
f 370/2610 476/2611 424/2612
f 476/2613 426/2614 520/2615
f 520/2615 426/2614 480/2616
f 520/2615 480/2616 516/2617
f 516/2617 480/2616 519/2618
f 476/2619 478/2620 424/2621
f 553/2622 430/2623 316/2624
f 553/2622 316/2624 349/2625
f 553/2622 349/2625 589/2626
f 589/2626 349/2625 551/2627
f 551/2627 349/2625 315/2628
f 349/2625 316/2624 137/2629
f 349/2625 137/2629 315/2628
f 137/2629 316/2624 99/2630
f 315/2628 137/2629 98/2631
f 577/2632 579/2633 543/2634
f 511/2635 517/2636 515/2637
f 511/2635 515/2637 513/2638
f 513/2638 515/2637 518/2639
f 515/2640 479/2641 518/2642
f 98/2643 137/2644 1372/2645
f 1372/2645 137/2644 99/2646
f 98/2643 1372/2645 1370/2647
f 1372/2645 99/2646 1371/2648
f 1370/2647 1372/2645 1886/2649
f 1886/2649 1372/2645 1371/2648
f 1886/2649 1371/2648 1820/2650
f 1371/2651 99/2652 33/2653
f 1371/2651 33/2653 1369/2654
f 1371/2651 1369/2654 1820/2655
f 1369/2654 33/2653 1353/2656
f 1369/2654 1353/2656 1820/2655
f 1820/2655 1353/2656 1797/2657
f 1797/2657 1353/2656 1409/2658
f 1886/2659 1820/2660 2033/2661
f 2033/2662 1820/2663 1958/2664
f 1958/2665 1820/2666 1797/2667
f 1958/2665 1797/2667 1984/2668
f 1984/2668 1797/2667 1787/2669
f 1958/2665 1984/2668 2061/2670
f 1958/2665 2061/2670 2033/2671
f 2061/2670 1984/2668 2049/2672
f 2049/2672 1984/2668 1976/2673
f 1976/2673 1984/2668 1787/2669
f 1976/2673 1787/2669 1750/2674
f 1976/2673 1750/2674 1971/2675
f 1976/2673 1971/2675 2074/2676
f 2074/2676 1971/2675 2073/2677
f 2073/2677 1971/2675 2004/2678
f 2004/2678 1971/2675 1750/2674
f 2004/2678 1750/2674 1780/2679
f 1460/2680 1409/2681 1411/2682
f 1460/2680 1411/2682 1461/2683
f 1411/2682 1409/2681 1319/2684
f 1319/2684 1409/2681 1316/2685
f 1460/2686 1461/2687 1386/2688
f 1386/2688 1461/2687 1361/2689
f 1386/2688 1361/2689 1306/2690
f 1306/2690 1361/2689 1307/2691
f 1152/2692 1306/2693 1253/2694
f 1253/2695 1306/2696 1307/2697
f 1307/2698 1361/2699 1292/2700
f 1307/2698 1292/2700 1253/2701
f 1253/2701 1292/2700 1185/2702
f 1253/2701 1185/2702 1152/2703
f 1361/2704 1461/2705 1350/2706
f 1350/2706 1461/2705 1388/2707
f 1361/2708 1350/2709 1292/2710
f 1388/2711 1461/2712 1411/2713
f 1388/2711 1411/2713 1363/2714
f 1309/2715 1350/2716 1388/2717
f 1309/2715 1388/2717 1363/2718
f 1309/2715 1363/2718 1311/2719
f 1363/2720 1411/2721 1319/2722
f 1311/2723 1363/2724 1319/2725
f 1234/2726 1311/2727 1319/2728
f 1214/2729 1189/2730 1234/2731
f 1214/2732 1234/2733 1319/2734
f 1214/2735 1319/2736 1316/2737
f 1215/2738 1268/2739 1316/2740
f 1268/2739 1215/2738 1158/2741
f 1268/2739 1158/2741 1212/2742
f 1215/2743 1316/2744 1293/2745
f 1293/2745 1316/2744 1391/2746
f 1293/2745 1391/2746 1331/2747
f 1293/2745 1331/2747 1294/2748
f 1294/2748 1331/2747 1332/2749
f 1294/2748 1332/2749 1295/2750
f 1294/2748 1295/2750 1235/2751
f 1293/2745 1294/2748 1255/2752
f 1255/2752 1294/2748 1235/2751
f 1293/2745 1255/2752 1215/2743
f 1255/2752 1235/2751 1159/2753
f 1255/2752 1159/2753 1215/2743
f 1215/2743 1159/2753 1094/2754
f 1094/2754 1159/2753 1068/2755
f 1094/2754 1068/2755 79/2756
f 1094/2754 79/2756 26/2757
f 1212/2758 1158/2759 1156/2760
f 1212/2758 1156/2760 1210/2761
f 1210/2761 1156/2760 1141/2762
f 1210/2761 1141/2762 1208/2763
f 1208/2764 1141/2765 1139/2766
f 1208/2764 1139/2766 1154/2767
f 1154/2767 1139/2766 1113/2768
f 1113/2768 1139/2766 1091/2769
f 1091/2769 1139/2766 1141/2765
f 1091/2769 1141/2765 1065/2770
f 1065/2770 1141/2765 1156/2771
f 1065/2770 1156/2771 1067/2772
f 1113/2773 1091/2774 11/2775
f 11/2775 1091/2774 1065/2776
f 1113/2773 11/2775 10/2777
f 11/2775 1065/2776 54/2778
f 10/2777 11/2775 53/2779
f 53/2779 11/2775 54/2778
f 53/2779 54/2778 55/2780
f 53/2779 55/2780 76/2781
f 76/2781 55/2780 57/2782
f 76/2781 57/2782 78/2783
f 1065/2784 1067/2785 54/2786
f 54/2786 1067/2785 55/2787
f 55/2787 1067/2785 1092/2788
f 55/2787 1092/2788 57/2789
f 57/2789 1092/2788 1094/2790
f 57/2789 1094/2790 26/2791
f 1067/2792 1156/2793 1158/2794
f 1067/2792 1158/2794 1092/2795
f 1092/2795 1158/2794 1094/2796
f 1094/2797 1158/2798 1215/2799
f 78/2800 57/2801 26/2802
f 78/2803 26/2804 60/2805
f 60/2805 26/2804 116/2806
f 60/2805 116/2806 114/2807
f 114/2807 116/2806 130/2808
f 116/2806 26/2804 79/2809
f 116/2806 79/2809 128/2810
f 116/2806 128/2810 162/2811
f 162/2811 128/2810 187/2812
f 187/2812 128/2810 131/2813
f 131/2813 128/2810 80/2814
f 80/2814 128/2810 79/2809
f 80/2814 79/2809 1068/2815
f 80/2814 1068/2815 1070/2816
f 80/2814 1070/2816 1071/2817
f 78/2818 60/2819 114/2820
f 130/2821 116/2822 162/2823
f 130/2821 162/2823 186/2824
f 186/2824 162/2823 231/2825
f 231/2825 162/2823 254/2826
f 186/2824 231/2825 205/2827
f 231/2825 254/2826 265/2828
f 231/2825 265/2828 205/2827
f 265/2828 254/2826 310/2829
f 205/2827 265/2828 242/2830
f 242/2830 265/2828 266/2831
f 242/2830 266/2831 245/2832
f 1070/2833 1068/2834 1161/2835
f 1161/2835 1068/2834 1159/2836
f 1070/2833 1161/2835 1071/2837
f 1071/2837 1161/2835 1163/2838
f 1161/2839 1159/2840 1235/2841
f 1161/2842 1235/2843 1236/2844
f 1161/2842 1236/2844 1163/2845
f 1236/2844 1235/2843 1296/2846
f 1296/2846 1235/2843 1295/2847
f 1236/2844 1296/2846 1270/2848
f 1296/2849 1295/2850 1333/2851
f 1333/2851 1295/2850 1332/2852
f 1333/2851 1332/2852 1393/2853
f 1393/2853 1332/2852 1331/2854
f 1393/2853 1331/2854 1392/2855
f 1392/2855 1331/2854 1391/2856
f 1236/2857 1270/2858 1163/2859
f 1163/2859 1270/2858 1164/2860
f 1164/2860 1270/2858 1257/2861
f 1164/2860 1257/2861 1191/2862
f 1191/2862 1257/2861 1366/2863
f 1164/2860 1191/2862 1074/2864
f 1074/2864 1191/2862 61/2865
f 61/2865 1191/2862 31/2866
f 61/2865 31/2866 164/2867
f 1074/2864 61/2865 83/2868
f 83/2868 61/2865 94/2869
f 1296/2870 1333/2871 1334/2872
f 1296/2870 1334/2872 1270/2873
f 1334/2872 1333/2871 1413/2874
f 1334/2872 1413/2874 1414/2875
f 1334/2872 1414/2875 1351/2876
f 1351/2876 1414/2875 1366/2877
f 1366/2877 1414/2875 1468/2878
f 1468/2878 1414/2875 1413/2874
f 1468/2878 1413/2874 1494/2879
f 1494/2879 1413/2874 1393/2880
f 1494/2879 1393/2880 1493/2881
f 1494/2879 1493/2881 1592/2882
f 1592/2882 1493/2881 1591/2883
f 1592/2882 1591/2883 1705/2884
f 1592/2882 1705/2884 1706/2885
f 1706/2885 1705/2884 1816/2886
f 1592/2882 1706/2885 1708/2887
f 1592/2882 1708/2887 1624/2888
f 1706/2885 1816/2886 1793/2889
f 1706/2885 1793/2889 1708/2887
f 1815/2890 1816/2886 1681/2891
f 1816/2886 1815/2890 1910/2892
f 1816/2886 1910/2892 1793/2889
f 1793/2889 1910/2892 1882/2893
f 1882/2893 1910/2892 1986/2894
f 1882/2893 1986/2894 1987/2895
f 1708/2887 1793/2889 1798/2896
f 1708/2887 1798/2896 1685/2897
f 1708/2887 1685/2897 1624/2888
f 1685/2897 1798/2896 1839/2898
f 1624/2888 1685/2897 1535/2899
f 1685/2897 1839/2898 1709/2900
f 1685/2897 1709/2900 1535/2899
f 1535/2899 1709/2900 1366/2877
f 1413/2901 1333/2902 1393/2903
f 1391/2904 1316/2905 1389/2906
f 1391/2904 1389/2906 1466/2907
f 1466/2907 1389/2906 1464/2908
f 1464/2908 1389/2906 1462/2909
f 1464/2908 1462/2909 1491/2910
f 1391/2904 1466/2907 1467/2911
f 1467/2911 1466/2907 1562/2912
f 1467/2911 1562/2912 1563/2913
f 1391/2904 1467/2911 1392/2914
f 1392/2914 1467/2911 1393/2915
f 1466/2916 1464/2917 1562/2918
f 1562/2918 1464/2917 1560/2919
f 1560/2919 1464/2917 1491/2920
f 1560/2919 1491/2920 1534/2921
f 1491/2922 1462/2923 1436/2924
f 1491/2925 1436/2926 1511/2927
f 1534/2928 1491/2929 1511/2930
f 1511/2931 1436/2932 1489/2933
f 1489/2933 1436/2932 1434/2934
f 1489/2933 1434/2934 1487/2935
f 1534/2936 1511/2937 1621/2938
f 1621/2938 1511/2937 1489/2939
f 1560/2940 1534/2941 1652/2942
f 1652/2942 1534/2941 1650/2943
f 1560/2940 1652/2942 1680/2944
f 1652/2942 1650/2943 1789/2945
f 1652/2942 1789/2945 1680/2944
f 1789/2945 1650/2943 1785/2946
f 1785/2946 1650/2943 1703/2947
f 1680/2944 1789/2945 1791/2948
f 1560/2940 1680/2944 1562/2949
f 1680/2944 1791/2948 1815/2950
f 1815/2950 1791/2948 1863/2951
f 1815/2950 1863/2951 1908/2952
f 1680/2944 1815/2950 1681/2953
f 1680/2944 1681/2953 1562/2949
f 1562/2949 1681/2953 1563/2954
f 1563/2954 1681/2953 1705/2955
f 1705/2955 1681/2953 1816/2956
f 1563/2954 1705/2955 1591/2957
f 1534/2958 1621/2959 1650/2960
f 1650/2960 1621/2959 1703/2961
f 1587/2962 1621/2963 1489/2964
f 1621/2965 1587/2966 1703/2967
f 1703/2967 1587/2966 1701/2968
f 1701/2968 1587/2966 1557/2969
f 1701/2968 1557/2969 1648/2970
f 1701/2968 1648/2970 1751/2971
f 1751/2971 1648/2970 1700/2972
f 1751/2971 1700/2972 1782/2973
f 1751/2971 1782/2973 1835/2974
f 1751/2971 1835/2974 1783/2975
f 1835/2974 1782/2973 1899/2976
f 1835/2974 1899/2976 1836/2977
f 1899/2976 1782/2973 1857/2978
f 1899/2976 1857/2978 1923/2979
f 1489/2980 1487/2981 1587/2982
f 1487/2983 1434/2984 1484/2985
f 1487/2986 1484/2987 1557/2988
f 1487/2989 1557/2990 1587/2991
f 1557/2992 1484/2993 1586/2994
f 1557/2992 1586/2994 1648/2995
f 1648/2995 1586/2994 1700/2996
f 1700/2996 1586/2994 1647/2997
f 1700/2996 1647/2997 1721/2998
f 1700/2996 1721/2998 1782/2999
f 1782/2999 1721/2998 1857/3000
f 1857/3000 1721/2998 1812/3001
f 1857/3000 1812/3001 1854/3002
f 1857/3000 1854/3002 1923/3003
f 1701/3004 1751/3005 1783/3006
f 1701/3004 1783/3006 1703/3007
f 1923/3008 1854/3009 1925/3010
f 1925/3010 1854/3009 1876/3011
f 1923/3008 1925/3010 1977/3012
f 1923/3008 1977/3012 1978/3013
f 1925/3014 1876/3015 1922/3016
f 1925/3014 1922/3016 2005/3017
f 2005/3017 1922/3016 1947/3018
f 2005/3017 1947/3018 2048/3019
f 1836/3020 1783/3021 1835/3022
f 1977/3023 1925/3024 2005/3025
f 1977/3023 2005/3025 2050/3026
f 1978/3027 1899/3028 1923/3029
f 1899/3028 1978/3027 1902/3030
f 1899/3028 1902/3030 1836/3031
f 1902/3030 1978/3027 1981/3032
f 1981/3032 1978/3027 1980/3033
f 1980/3033 1978/3027 1977/3034
f 1980/3033 1977/3034 2050/3035
f 1980/3033 2050/3035 2055/3036
f 2055/3036 2050/3035 2077/3037
f 2077/3037 2050/3035 2048/3038
f 1836/3039 1902/3040 1903/3041
f 1836/3039 1903/3041 1783/3042
f 1981/3043 1980/3044 2081/3045
f 2081/3045 1980/3044 2055/3046
f 2050/3047 2005/3048 2048/3049
f 2048/3050 1947/3051 1972/3052
f 2048/3050 1972/3052 2021/3053
f 2048/3050 2021/3053 2077/3054
f 2077/3054 2021/3053 2053/3055
f 2077/3054 2053/3055 2054/3056
f 2021/3057 1972/3058 2045/3059
f 2045/3060 1972/3061 1970/3062
f 2045/3060 1970/3062 2047/3063
f 2047/3063 1970/3062 1969/3064
f 2053/3065 2021/3066 2045/3067
f 2053/3065 2045/3067 2107/3068
f 2053/3065 2107/3068 2054/3069
f 2047/3070 1969/3071 1949/3072
f 2047/3070 1949/3072 2019/3073
f 2019/3074 1949/3075 1965/3076
f 2019/3074 1965/3076 2046/3077
f 2046/3077 1965/3076 2044/3078
f 2044/3078 1965/3076 1966/3079
f 2045/3080 2047/3081 2106/3082
f 2045/3080 2106/3082 2107/3083
f 2106/3082 2047/3081 2076/3084
f 2076/3084 2047/3081 2019/3085
f 2076/3084 2019/3085 2051/3086
f 2076/3084 2051/3086 2079/3087
f 2076/3084 2079/3087 2110/3088
f 2110/3088 2079/3087 2197/3089
f 2197/3089 2079/3087 2108/3090
f 2197/3089 2108/3090 2109/3091
f 2197/3089 2109/3091 2165/3092
f 2165/3092 2109/3091 2080/3093
f 2107/3094 2106/3095 2078/3096
f 2107/3094 2078/3096 2054/3097
f 2078/3098 2106/3099 2110/3100
f 2110/3101 2106/3102 2076/3103
f 2054/3104 2078/3105 2134/3106
f 2054/3104 2134/3106 2056/3107
f 2134/3108 2078/3109 2110/3110
f 2134/3108 2110/3110 2136/3111
f 2134/3108 2136/3111 2167/3112
f 2056/3113 2077/3114 2054/3115
f 2077/3114 2056/3113 2055/3116
f 2055/3117 2056/3118 2111/3119
f 2055/3117 2111/3119 2081/3120
f 2111/3119 2056/3118 2113/3121
f 2111/3119 2113/3121 2138/3122
f 2056/3123 2134/3124 2113/3125
f 2113/3125 2134/3124 2167/3126
f 2113/3125 2167/3126 2083/3127
f 2083/3127 2167/3126 2115/3128
f 2136/3129 2110/3130 2197/3131
f 2136/3129 2197/3131 2198/3132
f 2136/3129 2198/3132 2114/3133
f 2114/3133 2198/3132 2140/3134
f 2138/3135 2113/3136 2083/3137
f 2138/3135 2083/3137 2084/3138
f 2111/3139 2138/3140 2112/3141
f 2111/3139 2112/3141 2081/3142
f 2081/3142 2112/3141 2007/3143
f 2112/3144 2138/3145 2058/3146
f 2112/3147 2058/3148 2007/3149
f 2081/3150 2007/3151 1981/3152
f 1981/3153 2007/3154 1951/3155
f 2009/3156 2007/3154 2058/3157
f 2007/3154 2009/3156 2008/3158
f 2007/3154 2008/3158 1951/3155
f 2008/3158 2009/3156 2011/3159
f 2008/3158 2011/3159 1982/3160
f 2008/3158 1982/3160 1951/3155
f 1951/3155 1982/3160 1903/3161
f 1981/3162 1951/3163 1902/3164
f 1902/3165 1951/3166 1903/3167
f 1903/3168 1982/3169 1905/3170
f 1982/3171 2011/3172 1952/3173
f 1982/3171 1952/3173 1905/3174
f 1903/3175 1905/3176 1860/3177
f 1860/3177 1905/3176 1878/3178
f 1878/3178 1905/3176 1906/3179
f 1906/3179 1905/3176 1952/3180
f 1878/3178 1906/3179 1880/3181
f 1878/3178 1880/3181 1789/3182
f 1878/3178 1789/3182 1785/3183
f 1789/3182 1880/3181 1863/3184
f 1863/3184 1880/3181 1953/3185
f 1789/3182 1863/3184 1791/3186
f 1903/3187 1860/3188 1783/3189
f 1783/3189 1860/3188 1703/3190
f 1703/3191 1860/3192 1785/3193
f 1785/3194 1860/3195 1878/3196
f 1880/3197 1906/3198 1953/3199
f 1953/3199 1906/3198 1952/3200
f 1953/3199 1952/3200 2026/3201
f 2026/3202 1952/3203 2011/3204
f 2026/3202 2011/3204 2118/3205
f 1863/3206 1953/3207 1928/3208
f 1928/3208 1953/3207 2026/3209
f 1928/3208 2026/3209 2027/3210
f 1928/3208 2027/3210 2012/3211
f 2118/3212 2011/3213 2009/3214
f 2118/3212 2009/3214 2170/3215
f 2170/3215 2009/3214 2058/3216
f 2026/3217 2118/3218 2027/3219
f 2027/3220 2118/3221 2143/3222
f 2143/3223 2118/3224 2170/3225
f 2143/3223 2170/3225 2202/3226
f 2027/3227 2143/3228 2085/3229
f 2027/3230 2085/3231 2012/3232
f 2012/3232 2085/3231 2029/3233
f 2012/3232 2029/3233 1928/3234
f 2029/3233 2085/3231 2063/3235
f 2029/3233 2063/3235 1987/3236
f 1987/3236 2063/3235 1988/3237
f 1988/3237 2063/3235 2064/3238
f 1987/3236 1988/3237 1882/3239
f 1882/3239 1988/3237 1911/3240
f 2029/3233 1987/3236 1986/3241
f 2029/3233 1986/3241 1985/3242
f 1985/3242 1986/3241 1908/3243
f 1908/3243 1986/3241 1910/3244
f 1908/3243 1910/3244 1815/3245
f 1908/3246 1863/3247 1928/3248
f 1908/3246 1928/3248 1985/3249
f 1985/3249 1928/3248 2029/3250
f 1467/3251 1563/3252 1591/3253
f 1467/3254 1591/3255 1493/3256
f 1467/3254 1493/3256 1393/3257
f 1494/3258 1592/3259 1623/3260
f 1494/3258 1623/3260 1514/3261
f 1623/3262 1592/3263 1625/3264
f 1625/3265 1592/3266 1624/3267
f 1514/3268 1623/3269 1627/3270
f 1514/3268 1627/3270 1566/3271
f 1627/3272 1623/3273 1625/3274
f 1627/3272 1625/3274 1626/3275
f 1494/3276 1514/3277 1515/3278
f 1515/3278 1514/3277 1566/3279
f 1566/3280 1627/3281 1626/3282
f 1566/3280 1626/3282 1536/3283
f 1536/3284 1626/3285 1625/3286
f 1536/3284 1625/3286 1515/3287
f 1566/3288 1536/3289 1515/3290
f 1515/3291 1625/3292 1624/3293
f 1515/3291 1624/3293 1468/3294
f 1468/3294 1624/3293 1535/3295
f 1468/3294 1535/3295 1366/3296
f 1468/3297 1494/3298 1515/3299
f 1839/3300 1798/3301 1911/3302
f 1911/3302 1798/3301 1840/3303
f 1911/3302 1840/3303 1932/3304
f 1709/3305 1839/3306 1883/3307
f 1883/3308 1839/3309 1911/3310
f 1883/3308 1911/3310 1988/3311
f 1709/3312 1883/3313 1756/3314
f 1709/3312 1756/3314 1301/3315
f 1709/3312 1301/3315 1300/3316
f 1300/3316 1301/3315 1217/3317
f 1756/3318 1883/3319 1818/3320
f 1818/3320 1883/3319 2067/3321
f 2067/3321 1883/3319 2066/3322
f 1818/3320 2067/3321 2094/3323
f 1818/3320 2094/3323 2034/3324
f 1818/3320 2034/3324 1842/3325
f 1842/3325 2034/3324 2015/3326
f 2034/3324 2094/3323 2127/3327
f 2015/3326 2034/3324 2154/3328
f 2154/3328 2034/3324 2127/3327
f 2154/3328 2127/3327 2187/3329
f 2154/3328 2187/3329 2220/3330
f 2220/3330 2187/3329 2218/3331
f 2220/3330 2218/3331 2217/3332
f 1756/3333 1818/3334 1301/3335
f 1300/3336 1366/3337 1709/3338
f 1366/3337 1300/3336 1191/3339
f 1191/3339 1300/3336 1217/3340
f 1351/3341 1366/3342 1257/3343
f 1351/3341 1257/3343 1338/3344
f 1338/3344 1257/3343 1273/3345
f 1334/3346 1351/3347 1338/3348
f 1334/3346 1338/3348 1336/3349
f 1336/3349 1338/3348 1321/3350
f 1321/3350 1338/3348 1340/3351
f 1334/3352 1336/3353 1272/3354
f 1334/3355 1272/3356 1270/3357
f 1272/3358 1336/3359 1321/3360
f 1272/3361 1321/3362 1298/3363
f 1298/3364 1321/3365 1340/3366
f 1298/3364 1340/3366 1297/3367
f 1340/3368 1338/3369 1297/3370
f 1297/3370 1338/3369 1273/3371
f 1297/3372 1273/3373 1298/3374
f 1298/3375 1273/3376 1272/3377
f 1272/3377 1273/3376 1270/3378
f 1270/3378 1273/3376 1257/3379
f 1163/3380 1164/3381 1143/3382
f 1143/3383 1164/3384 1073/3385
f 1073/3385 1164/3384 1074/3386
f 1143/3383 1073/3385 1075/3387
f 1143/3383 1075/3387 1144/3388
f 1163/3389 1143/3390 1142/3391
f 1142/3392 1143/3393 1144/3394
f 1142/3392 1144/3394 1130/3395
f 1163/3396 1142/3397 1072/3398
f 1163/3396 1072/3398 1071/3399
f 1142/3400 1130/3401 1072/3402
f 1072/3402 1130/3401 1077/3403
f 1130/3404 1144/3405 1129/3406
f 1075/3407 1073/3408 1071/3409
f 1071/3409 1073/3408 1074/3410
f 1075/3407 1071/3409 1072/3411
f 1075/3407 1072/3411 1077/3412
f 1075/3407 1077/3412 1076/3413
f 1129/3414 1144/3415 1076/3416
f 1076/3416 1144/3415 1075/3417
f 1130/3418 1129/3419 1077/3420
f 1077/3420 1129/3419 1076/3421
f 29/3422 1071/3423 1074/3424
f 1071/3423 29/3422 80/3425
f 80/3425 29/3422 131/3426
f 29/3427 1074/3428 83/3429
f 29/3430 83/3431 131/3432
f 131/3432 83/3431 163/3433
f 163/3433 83/3431 188/3434
f 188/3434 83/3431 118/3435
f 187/3436 131/3437 164/3438
f 187/3436 164/3438 255/3439
f 255/3439 164/3438 207/3440
f 255/3439 207/3440 286/3441
f 286/3441 207/3440 246/3442
f 286/3441 246/3442 271/3443
f 162/3444 187/3445 254/3446
f 187/3447 255/3448 254/3449
f 254/3449 255/3448 310/3450
f 310/3450 255/3448 286/3451
f 310/3450 286/3451 311/3452
f 265/3453 310/3454 266/3455
f 266/3455 310/3454 311/3456
f 266/3455 311/3456 270/3457
f 266/3455 270/3457 245/3458
f 242/3459 245/3460 268/3461
f 268/3462 245/3463 269/3464
f 269/3464 245/3463 270/3465
f 268/3462 269/3464 313/3466
f 269/3464 270/3465 387/3467
f 387/3467 270/3465 271/3468
f 313/3466 269/3464 314/3469
f 314/3469 269/3464 387/3467
f 313/3466 314/3469 347/3470
f 314/3469 387/3467 386/3471
f 314/3469 386/3471 347/3470
f 386/3471 387/3467 560/3472
f 386/3471 560/3472 432/3473
f 386/3471 432/3473 347/3470
f 347/3470 432/3473 431/3474
f 270/3475 311/3476 271/3477
f 271/3477 311/3476 286/3478
f 431/3479 432/3480 384/3481
f 384/3481 432/3480 385/3482
f 385/3482 432/3480 560/3483
f 384/3481 385/3482 348/3484
f 384/3481 348/3484 312/3485
f 348/3486 385/3487 560/3488
f 312/3489 348/3490 288/3491
f 312/3492 288/3493 287/3494
f 287/3494 288/3493 256/3495
f 288/3496 348/3497 317/3498
f 317/3498 348/3497 560/3499
f 288/3496 317/3498 267/3500
f 267/3500 317/3498 243/3501
f 243/3501 317/3498 166/3502
f 267/3500 243/3501 256/3503
f 256/3503 243/3501 241/3504
f 243/3501 166/3502 165/3505
f 241/3504 243/3501 204/3506
f 243/3501 165/3505 206/3507
f 243/3501 206/3507 204/3506
f 206/3507 165/3505 153/3508
f 204/3506 206/3507 184/3509
f 256/3510 288/3511 267/3512
f 184/3513 206/3514 185/3515
f 184/3516 185/3517 117/3518
f 184/3519 117/3520 129/3521
f 129/3521 117/3520 92/3522
f 129/3521 92/3522 115/3523
f 115/3523 92/3522 59/3524
f 59/3524 92/3522 27/3525
f 59/3524 27/3525 77/3526
f 27/3525 92/3522 13/3527
f 27/3525 13/3527 1114/3528
f 185/3529 206/3530 153/3531
f 185/3532 153/3533 117/3534
f 153/3535 165/3536 203/3537
f 153/3535 203/3537 117/3538
f 203/3537 165/3536 194/3539
f 194/3539 165/3536 166/3540
f 117/3538 203/3537 161/3541
f 117/3538 161/3541 92/3542
f 194/3543 166/3544 157/3545
f 194/3543 157/3545 167/3546
f 194/3543 167/3546 193/3547
f 194/3543 193/3547 203/3548
f 157/3549 166/3550 317/3551
f 161/3552 203/3553 193/3554
f 161/3552 193/3554 154/3555
f 93/3556 92/3557 161/3558
f 92/3557 93/3556 13/3559
f 161/3560 154/3561 84/3562
f 161/3560 84/3562 93/3563
f 93/3563 84/3562 28/3564
f 28/3564 84/3562 14/3565
f 93/3563 28/3564 13/3566
f 154/3567 193/3568 95/3569
f 154/3567 95/3569 84/3570
f 84/3570 95/3569 30/3571
f 30/3571 95/3569 1078/3572
f 95/3569 193/3568 134/3573
f 134/3573 193/3568 167/3574
f 134/3575 167/3576 96/3577
f 96/3578 167/3579 157/3580
f 134/3581 96/3582 1078/3583
f 134/3584 1078/3585 95/3586
f 96/3587 157/3588 487/3589
f 487/3589 157/3588 317/3590
f 96/3587 487/3589 85/3591
f 96/3587 85/3591 1078/3592
f 487/3589 317/3590 756/3593
f 1078/3592 85/3591 1274/3594
f 1078/3592 1274/3594 1192/3595
f 1192/3595 1274/3594 1299/3596
f 1299/3596 1274/3594 1395/3597
f 756/3593 317/3590 828/3598
f 756/3593 828/3598 871/3599
f 871/3599 828/3598 903/3600
f 903/3600 828/3598 940/3601
f 828/3598 317/3590 560/3602
f 940/3601 828/3598 949/3603
f 949/3603 828/3598 838/3604
f 838/3604 828/3598 560/3602
f 949/3603 838/3604 950/3605
f 950/3605 838/3604 956/3606
f 956/3606 838/3604 837/3607
f 837/3607 838/3604 560/3602
f 837/3607 560/3602 387/3608
f 84/3609 30/3610 14/3611
f 14/3611 30/3610 1098/3612
f 30/3613 1078/3614 1098/3615
f 28/3616 14/3617 1095/3618
f 28/3616 1095/3618 1069/3619
f 14/3620 1098/3621 1115/3622
f 14/3623 1115/3624 1095/3625
f 1095/3625 1115/3624 1190/3626
f 1095/3625 1190/3626 1162/3627
f 1162/3627 1190/3626 1271/3628
f 1271/3628 1190/3626 1299/3629
f 1299/3629 1190/3626 1166/3630
f 1271/3628 1299/3629 1337/3631
f 1271/3628 1337/3631 1335/3632
f 28/3633 1069/3634 13/3635
f 13/3635 1069/3634 1114/3636
f 1069/3637 1095/3638 1162/3639
f 1069/3637 1162/3639 1160/3640
f 1160/3640 1162/3639 1256/3641
f 1160/3640 1256/3641 1269/3642
f 1160/3640 1269/3642 1216/3643
f 1216/3643 1269/3642 1312/3644
f 1312/3644 1269/3642 1330/3645
f 1269/3642 1256/3641 1318/3646
f 1318/3646 1256/3641 1320/3647
f 1318/3646 1320/3647 1364/3648
f 1364/3648 1320/3647 1394/3649
f 27/3650 1114/3651 58/3652
f 58/3652 1114/3651 1093/3653
f 27/3654 58/3655 77/3656
f 77/3657 58/3658 56/3659
f 77/3657 56/3659 75/3660
f 75/3660 56/3659 51/3661
f 56/3662 58/3663 1093/3664
f 51/3665 56/3666 52/3667
f 51/3665 52/3667 8/3668
f 1160/3669 1114/3670 1069/3671
f 1114/3670 1160/3669 1216/3672
f 1093/3673 1114/3674 1157/3675
f 56/3676 1093/3677 1066/3678
f 56/3676 1066/3678 52/3679
f 52/3679 1066/3678 1064/3680
f 52/3679 1064/3680 8/3681
f 1066/3682 1093/3683 1157/3684
f 1066/3682 1157/3684 1155/3685
f 51/3686 8/3687 7/3688
f 7/3689 8/3690 1112/3691
f 1112/3691 8/3690 1090/3692
f 1090/3692 8/3690 1064/3693
f 1090/3692 1064/3693 1140/3694
f 1090/3692 1140/3694 1138/3695
f 1090/3692 1138/3695 1112/3691
f 1112/3691 1138/3695 1153/3696
f 1153/3697 1138/3698 1207/3699
f 1207/3699 1138/3698 1140/3700
f 1207/3699 1140/3700 1209/3701
f 1209/3701 1140/3700 1155/3702
f 1155/3702 1140/3700 1064/3703
f 1155/3702 1064/3703 1066/3704
f 1209/3705 1155/3706 1211/3707
f 1211/3707 1155/3706 1157/3708
f 1211/3709 1157/3710 1254/3711
f 1254/3711 1157/3710 1216/3712
f 1216/3713 1157/3714 1114/3715
f 1254/3716 1216/3717 1315/3718
f 1315/3719 1216/3720 1312/3721
f 1315/3719 1312/3721 1330/3722
f 1330/3723 1269/3724 1318/3725
f 1330/3723 1318/3725 1364/3726
f 1330/3723 1364/3726 1390/3727
f 1315/3728 1330/3729 1390/3730
f 1315/3728 1390/3730 1438/3731
f 1320/3732 1256/3733 1335/3734
f 1320/3732 1335/3734 1394/3735
f 1394/3735 1335/3734 1440/3736
f 1390/3737 1364/3738 1412/3739
f 1412/3739 1364/3738 1439/3740
f 1439/3741 1364/3742 1394/3743
f 1439/3741 1394/3743 1440/3744
f 1439/3741 1440/3744 1495/3745
f 1390/3746 1412/3747 1492/3748
f 1390/3746 1492/3748 1465/3749
f 1465/3749 1492/3748 1561/3750
f 1439/3751 1513/3752 1492/3748
f 1492/3748 1513/3752 1590/3753
f 1492/3748 1590/3753 1561/3750
f 1561/3750 1590/3753 1704/3754
f 1561/3750 1704/3754 1653/3755
f 1653/3755 1704/3754 1837/3756
f 1653/3755 1837/3756 1790/3757
f 1492/3758 1412/3759 1439/3760
f 1271/3761 1335/3762 1256/3763
f 1271/3761 1256/3763 1162/3764
f 1335/3765 1337/3766 1365/3767
f 1365/3767 1337/3766 1367/3768
f 1365/3767 1367/3768 1415/3769
f 1415/3769 1367/3768 1416/3770
f 1335/3771 1365/3772 1440/3773
f 1440/3773 1365/3772 1469/3774
f 1469/3774 1365/3772 1470/3775
f 1470/3775 1365/3772 1415/3776
f 1190/3777 1115/3778 1165/3779
f 1165/3779 1115/3778 1096/3780
f 1165/3779 1096/3780 1117/3781
f 1165/3779 1117/3781 1168/3782
f 1440/3783 1469/3784 1441/3785
f 1367/3786 1337/3787 1441/3788
f 1367/3786 1441/3788 1442/3789
f 1441/3788 1337/3787 1395/3790
f 1395/3790 1337/3787 1299/3791
f 1441/3788 1395/3790 1565/3792
f 1565/3792 1395/3790 1800/3793
f 1440/3794 1441/3795 1495/3796
f 1469/3797 1470/3798 1442/3799
f 1442/3799 1470/3798 1471/3800
f 1469/3801 1442/3802 1441/3803
f 1367/3804 1442/3805 1416/3806
f 1416/3806 1442/3805 1471/3807
f 1415/3808 1416/3809 1471/3810
f 1415/3811 1471/3812 1470/3813
f 1593/3814 1495/3815 1441/3816
f 1513/3817 1439/3818 1495/3819
f 1513/3817 1495/3819 1564/3820
f 1564/3820 1495/3819 1593/3821
f 1513/3817 1564/3820 1622/3822
f 1441/3823 1565/3824 1593/3825
f 1593/3825 1565/3824 1683/3826
f 1513/3827 1622/3828 1590/3829
f 1590/3829 1622/3828 1723/3830
f 1590/3829 1723/3830 1704/3831
f 1704/3831 1723/3830 1838/3832
f 1704/3831 1838/3832 1837/3833
f 1837/3833 1838/3832 1909/3834
f 1837/3833 1909/3834 1907/3835
f 1622/3836 1564/3837 1682/3838
f 1622/3836 1682/3838 1723/3839
f 1723/3839 1682/3838 1792/3840
f 1723/3839 1792/3840 1838/3841
f 1838/3841 1792/3840 1881/3842
f 1838/3841 1881/3842 1909/3843
f 1909/3843 1881/3842 1955/3844
f 1955/3844 1881/3842 1956/3845
f 1881/3842 1792/3840 1864/3846
f 1881/3842 1864/3846 1956/3845
f 1864/3846 1792/3840 1754/3847
f 1864/3846 1754/3847 1796/3848
f 1864/3846 1796/3848 1865/3849
f 1864/3846 1865/3849 1956/3845
f 1956/3845 1865/3849 1929/3850
f 1682/3851 1564/3852 1593/3853
f 1390/3854 1465/3855 1438/3856
f 1438/3857 1465/3858 1463/3859
f 1463/3859 1465/3858 1561/3860
f 1438/3857 1463/3859 1437/3861
f 1437/3861 1463/3859 1490/3862
f 1437/3861 1490/3862 1457/3863
f 1490/3862 1463/3859 1559/3864
f 1490/3862 1559/3864 1558/3865
f 1463/3866 1561/3867 1559/3868
f 1559/3869 1561/3870 1653/3871
f 1559/3869 1653/3871 1679/3872
f 1559/3869 1679/3872 1558/3873
f 1679/3872 1653/3871 1790/3874
f 1558/3873 1679/3872 1651/3875
f 1679/3872 1790/3874 1788/3876
f 1679/3872 1788/3876 1651/3875
f 1788/3876 1790/3874 1862/3877
f 1651/3875 1788/3876 1753/3878
f 1788/3876 1862/3877 1879/3879
f 1788/3876 1879/3879 1753/3878
f 1753/3878 1879/3879 1861/3880
f 1457/3881 1490/3882 1512/3883
f 1457/3884 1512/3885 1435/3886
f 1435/3886 1512/3885 1488/3887
f 1488/3887 1512/3885 1589/3888
f 1490/3889 1558/3890 1512/3891
f 1512/3891 1558/3890 1589/3892
f 1589/3892 1558/3890 1651/3893
f 1589/3892 1651/3893 1753/3894
f 1589/3892 1753/3894 1722/3895
f 1435/3896 1488/3897 1433/3898
f 1433/3898 1488/3897 1486/3899
f 1862/3900 1790/3901 1837/3902
f 1862/3900 1837/3902 1907/3903
f 1862/3900 1907/3903 1954/3904
f 1433/3905 1486/3906 1485/3907
f 1485/3907 1486/3906 1533/3908
f 1485/3907 1533/3908 1556/3909
f 1533/3908 1486/3906 1588/3910
f 1588/3910 1486/3906 1488/3911
f 1533/3908 1588/3910 1702/3912
f 1533/3908 1702/3912 1649/3913
f 1533/3908 1649/3913 1556/3909
f 1556/3909 1649/3913 1699/3914
f 1556/3909 1699/3914 1646/3915
f 1646/3915 1699/3914 1720/3916
f 1720/3916 1699/3914 1814/3917
f 1588/3918 1488/3919 1589/3920
f 1588/3918 1589/3920 1722/3921
f 1588/3918 1722/3921 1702/3922
f 1702/3923 1722/3924 1752/3925
f 1702/3923 1752/3925 1649/3926
f 1649/3926 1752/3925 1699/3927
f 1752/3925 1722/3924 1784/3928
f 1784/3928 1722/3924 1753/3929
f 1814/3930 1699/3931 1752/3932
f 1814/3930 1752/3932 1858/3933
f 1858/3933 1752/3932 1784/3934
f 1858/3933 1784/3934 1859/3935
f 1720/3936 1814/3937 1781/3938
f 1781/3938 1814/3937 1856/3939
f 1781/3938 1856/3939 1877/3940
f 1781/3938 1877/3940 1813/3941
f 1856/3942 1814/3943 1858/3944
f 1856/3942 1858/3944 1901/3945
f 1856/3942 1901/3945 1877/3946
f 1877/3946 1901/3945 1900/3947
f 1900/3947 1901/3945 1926/3948
f 1901/3949 1858/3950 1859/3951
f 1901/3949 1859/3951 1926/3952
f 1813/3953 1877/3954 1855/3955
f 1855/3955 1877/3954 1950/3956
f 1855/3955 1950/3956 1898/3957
f 1898/3957 1950/3956 1973/3958
f 1877/3959 1900/3960 1950/3961
f 1950/3961 1900/3960 1979/3962
f 1979/3962 1900/3960 1926/3963
f 1950/3961 1979/3962 2022/3964
f 1979/3962 1926/3963 2024/3965
f 1979/3962 2024/3965 2022/3964
f 1950/3966 2022/3967 1973/3968
f 1973/3968 2022/3967 2006/3969
f 2006/3969 2022/3967 2023/3970
f 1973/3968 2006/3969 1975/3971
f 1973/3968 1975/3971 1898/3972
f 1898/3973 1975/3974 1924/3975
f 2022/3976 2024/3977 2023/3978
f 1975/3979 2006/3980 2052/3981
f 2052/3981 2006/3980 2023/3982
f 1975/3979 2052/3981 2020/3983
f 1924/3984 1975/3985 2020/3986
f 1924/3984 2020/3986 1966/3987
f 1966/3987 2020/3986 2044/3988
f 2020/3989 2052/3990 2105/3991
f 2020/3989 2105/3991 2044/3992
f 2044/3992 2105/3991 2104/3993
f 2044/3992 2104/3993 2046/3994
f 2052/3995 2023/3996 2057/3997
f 2052/3995 2057/3997 2080/3998
f 2052/3995 2080/3998 2105/3999
f 2105/3999 2080/3998 2109/4000
f 2104/4001 2105/4002 2109/4003
f 2104/4001 2109/4003 2108/4004
f 2019/4005 2046/4006 2051/4007
f 2051/4008 2046/4009 2104/4010
f 2051/4008 2104/4010 2108/4011
f 2079/4012 2051/4013 2108/4014
f 2197/4015 2165/4016 2198/4017
f 2198/4017 2165/4016 2137/4018
f 2198/4017 2137/4018 2139/4019
f 2198/4017 2139/4019 2140/4020
f 2140/4020 2139/4019 2116/4021
f 2165/4022 2080/4023 2137/4024
f 2137/4025 2080/4026 2057/4027
f 2137/4025 2057/4027 2166/4028
f 2166/4028 2057/4027 2135/4029
f 2135/4029 2057/4027 2023/4030
f 2166/4028 2135/4029 2199/4031
f 2135/4029 2023/4030 2024/4032
f 2199/4031 2135/4029 2082/4033
f 2082/4033 2135/4029 2024/4032
f 2082/4033 2024/4032 1926/4034
f 2082/4033 1926/4034 2025/4035
f 2136/4036 2114/4037 2167/4038
f 2167/4038 2114/4037 2115/4039
f 2139/4040 2137/4041 2200/4042
f 2200/4042 2137/4041 2166/4043
f 2200/4042 2166/4043 2199/4044
f 2139/4040 2200/4042 2116/4045
f 2116/4045 2200/4042 2168/4046
f 2200/4047 2199/4048 2168/4049
f 2168/4049 2199/4048 2117/4050
f 2199/4051 2082/4052 2117/4053
f 2025/4054 1926/4055 1859/4056
f 2082/4057 2025/4058 2059/4059
f 2059/4059 2025/4058 2010/4060
f 2082/4057 2059/4059 2117/4061
f 2025/4062 1859/4063 1904/4064
f 2025/4062 1904/4064 2010/4065
f 2010/4065 1904/4064 1927/4066
f 2117/4067 2059/4068 2142/4069
f 2142/4069 2059/4068 2010/4070
f 2142/4069 2010/4070 2060/4071
f 2117/4067 2142/4069 2174/4072
f 2117/4067 2174/4072 2233/4073
f 2117/4067 2233/4073 2168/4074
f 2264/4075 2286/4076 2233/4073
f 2233/4073 2286/4076 2259/4077
f 2233/4073 2259/4077 2168/4074
f 2168/4074 2259/4077 2232/4078
f 2168/4074 2232/4078 2116/4079
f 2116/4079 2232/4078 2172/4080
f 2116/4079 2172/4080 2140/4081
f 1904/4082 1859/4083 1861/4084
f 1904/4082 1861/4084 1879/4085
f 1904/4082 1879/4085 1927/4086
f 1861/4087 1859/4088 1784/4089
f 1861/4090 1784/4091 1753/4092
f 1927/4093 1879/4094 1862/4095
f 2010/4096 1927/4097 2060/4098
f 1927/4099 1862/4100 1954/4101
f 1927/4099 1954/4101 2060/4102
f 2060/4102 1954/4101 2062/4103
f 2060/4102 2062/4103 2142/4104
f 2142/4104 2062/4103 2144/4105
f 2062/4106 1954/4107 2028/4108
f 1954/4109 1907/4110 1955/4111
f 1955/4112 1907/4113 1909/4114
f 1954/4115 1955/4116 2028/4117
f 2144/4118 2062/4119 2028/4120
f 2144/4118 2028/4120 2086/4121
f 2144/4118 2086/4121 2145/4122
f 2145/4122 2086/4121 2147/4123
f 2144/4118 2145/4122 2174/4124
f 2144/4118 2174/4124 2142/4125
f 2028/4126 1955/4127 2087/4128
f 2087/4128 1955/4127 2030/4129
f 2028/4126 2087/4128 2086/4130
f 2087/4128 2030/4129 2120/4131
f 2086/4130 2087/4128 2148/4132
f 2087/4128 2120/4131 2149/4133
f 2148/4132 2087/4128 2179/4134
f 2179/4134 2087/4128 2149/4133
f 2174/4135 2145/4136 2264/4137
f 2174/4135 2264/4137 2233/4138
f 2264/4137 2145/4136 2237/4139
f 2237/4139 2145/4136 2147/4140
f 2286/4141 2264/4142 2237/4143
f 2286/4141 2237/4143 2266/4144
f 2232/4145 2259/4146 2286/4147
f 2232/4148 2286/4149 2263/4150
f 2232/4151 2263/4152 2172/4153
f 2172/4153 2263/4152 2203/4154
f 2266/4155 2263/4152 2286/4156
f 2263/4152 2266/4155 2236/4157
f 2263/4152 2236/4157 2203/4154
f 2203/4154 2236/4157 2205/4158
f 2203/4154 2205/4158 2204/4159
f 2266/4160 2237/4161 2206/4162
f 2206/4162 2237/4161 2147/4163
f 2266/4164 2206/4165 2236/4166
f 2205/4167 2236/4168 2206/4169
f 2172/4170 2203/4171 2261/4172
f 2172/4170 2261/4172 2257/4173
f 2172/4170 2257/4173 2231/4174
f 2172/4170 2231/4174 2140/4175
f 2203/4176 2204/4177 2261/4178
f 2261/4178 2204/4177 2262/4179
f 2262/4179 2204/4177 2260/4180
f 2262/4179 2260/4180 2285/4181
f 2262/4179 2285/4181 2261/4178
f 2261/4178 2285/4181 2257/4182
f 2257/4183 2285/4184 2231/4185
f 2231/4185 2285/4184 2229/4186
f 2229/4186 2285/4184 2230/4187
f 2231/4185 2229/4186 2140/4188
f 2229/4186 2230/4187 2114/4189
f 2229/4186 2114/4189 2140/4188
f 2230/4190 2285/4191 2258/4192
f 2258/4192 2285/4191 2260/4193
f 2230/4194 2258/4195 2171/4196
f 2171/4196 2258/4195 2260/4197
f 2230/4194 2171/4196 2115/4198
f 2114/4199 2230/4200 2115/4201
f 2260/4202 2204/4203 2175/4204
f 2260/4202 2175/4204 2171/4205
f 2175/4206 2204/4207 2265/4208
f 2265/4208 2204/4207 2205/4209
f 2175/4206 2265/4208 2235/4210
f 2175/4206 2235/4210 2234/4211
f 2175/4206 2234/4211 2171/4212
f 2171/4212 2234/4211 2201/4213
f 2171/4212 2201/4213 2115/4214
f 2115/4214 2201/4213 2083/4215
f 2083/4215 2201/4213 2169/4216
f 2083/4215 2169/4216 2084/4217
f 2084/4217 2169/4216 2141/4218
f 2084/4217 2141/4218 2058/4219
f 2058/4219 2141/4218 2170/4220
f 2170/4220 2141/4218 2202/4221
f 2202/4221 2141/4218 2173/4222
f 2287/4223 2265/4208 2268/4224
f 2268/4224 2265/4208 2205/4209
f 2268/4224 2205/4209 2206/4225
f 2268/4224 2206/4225 2238/4226
f 2268/4224 2238/4226 2327/4227
f 2327/4227 2238/4226 2328/4228
f 2328/4228 2238/4226 2302/4229
f 2302/4229 2238/4226 2207/4230
f 2207/4230 2238/4226 2206/4225
f 2207/4230 2206/4225 2147/4231
f 2207/4230 2147/4231 2239/4232
f 2239/4232 2147/4231 2086/4233
f 2239/4232 2086/4233 2178/4234
f 2239/4232 2178/4234 2241/4235
f 2239/4232 2241/4235 2273/4236
f 2239/4232 2273/4236 2270/4237
f 2239/4232 2270/4237 2240/4238
f 2169/4239 2201/4240 2234/4241
f 2169/4239 2234/4241 2173/4242
f 2169/4239 2173/4242 2141/4243
f 2173/4242 2234/4241 2176/4244
f 2176/4244 2234/4241 2235/4245
f 2173/4242 2176/4244 2146/4246
f 2138/4247 2084/4248 2058/4249
f 2143/4250 2202/4251 2146/4252
f 2146/4252 2202/4251 2173/4253
f 2143/4250 2146/4252 2085/4254
f 2146/4255 2176/4256 2267/4257
f 2267/4257 2176/4256 2235/4258
f 2267/4257 2235/4258 2288/4259
f 2288/4259 2235/4258 2269/4260
f 2267/4257 2288/4259 2329/4261
f 2267/4257 2329/4261 2330/4262
f 2085/4263 2146/4264 2208/4265
f 2208/4265 2146/4264 2267/4266
f 2085/4267 2208/4268 2177/4269
f 2177/4269 2208/4268 2242/4270
f 2177/4269 2242/4270 2243/4271
f 2085/4272 2177/4273 2063/4274
f 2063/4274 2177/4273 2213/4275
f 2213/4275 2177/4273 2243/4276
f 2063/4274 2213/4275 2184/4277
f 2184/4278 2213/4279 2215/4280
f 2215/4281 2213/4282 2243/4283
f 2215/4281 2243/4283 2246/4284
f 2246/4285 2243/4286 2242/4287
f 2184/4288 2215/4289 2121/4290
f 2184/4288 2121/4290 2064/4291
f 2121/4290 2215/4289 2246/4292
f 2121/4290 2246/4292 2182/4293
f 2121/4290 2182/4293 2013/4294
f 2013/4294 2182/4293 2209/4295
f 2013/4294 2209/4295 2091/4296
f 2064/4297 2063/4298 2184/4299
f 2246/4300 2242/4301 2182/4302
f 2182/4303 2242/4304 2208/4305
f 2064/4306 2121/4307 2014/4308
f 2064/4306 2014/4308 1883/4309
f 1988/4310 2064/4311 1883/4312
f 2014/4313 2121/4314 2013/4315
f 1883/4316 2014/4317 2066/4318
f 2066/4319 2014/4320 2013/4321
f 2066/4319 2013/4321 2091/4322
f 2066/4319 2091/4322 2214/4323
f 2066/4319 2214/4323 2092/4324
f 2214/4323 2091/4322 2123/4325
f 2214/4323 2123/4325 2090/4326
f 2214/4323 2090/4326 2089/4327
f 2214/4323 2089/4327 2122/4328
f 2089/4327 2090/4326 2065/4329
f 2065/4329 2090/4326 2032/4330
f 2065/4329 2032/4330 1929/4331
f 2209/4332 2182/4333 2208/4334
f 1882/4335 1911/4336 1930/4337
f 1930/4337 1911/4336 1932/4338
f 1882/4339 1930/4340 1793/4341
f 1793/4341 1930/4340 1866/4342
f 1866/4342 1930/4340 1933/4343
f 1866/4342 1933/4343 1885/4344
f 1793/4345 1866/4346 1798/4347
f 1798/4347 1866/4346 1840/4348
f 1840/4348 1866/4346 1885/4349
f 1933/4350 1930/4351 1932/4352
f 1933/4350 1932/4352 1934/4353
f 1840/4354 1885/4355 1884/4356
f 1840/4357 1884/4358 1932/4359
f 1884/4360 1885/4361 1933/4362
f 1933/4363 1934/4364 1884/4365
f 1884/4366 1934/4367 1932/4368
f 2303/4369 2209/4370 2208/4371
f 2303/4369 2208/4371 2267/4372
f 2209/4373 2303/4374 2289/4375
f 2289/4375 2303/4374 2332/4376
f 2209/4377 2289/4378 2245/4379
f 2245/4379 2289/4378 2332/4380
f 2245/4379 2332/4380 2331/4381
f 2245/4379 2331/4381 2271/4382
f 2303/4383 2267/4384 2330/4385
f 2303/4383 2330/4385 2332/4386
f 2332/4386 2330/4385 2331/4387
f 2331/4387 2330/4385 2329/4388
f 2331/4389 2329/4390 2271/4391
f 2271/4391 2329/4390 2288/4392
f 2288/4393 2269/4394 2271/4395
f 2271/4395 2269/4394 2212/4396
f 2212/4396 2269/4394 2287/4397
f 2271/4395 2212/4396 2091/4398
f 2271/4395 2091/4398 2245/4399
f 2091/4398 2212/4396 2123/4400
f 2212/4396 2287/4397 2244/4401
f 2212/4396 2244/4401 2123/4400
f 2244/4401 2287/4397 2268/4402
f 2244/4401 2268/4402 2210/4403
f 2244/4401 2210/4403 2123/4400
f 2123/4400 2210/4403 2090/4404
f 2090/4404 2210/4403 2183/4405
f 2269/4406 2235/4407 2265/4408
f 2269/4406 2265/4408 2287/4409
f 2245/4410 2091/4411 2209/4412
f 2210/4413 2268/4414 2327/4415
f 2210/4416 2327/4417 2304/4418
f 2210/4419 2304/4420 2183/4421
f 2183/4421 2304/4420 2305/4422
f 2183/4421 2305/4422 2290/4423
f 2183/4421 2290/4423 2180/4424
f 2183/4421 2180/4424 2090/4425
f 2304/4426 2327/4427 2328/4428
f 2304/4426 2328/4428 2305/4429
f 2305/4429 2328/4428 2290/4430
f 2290/4430 2328/4428 2302/4431
f 2290/4432 2302/4433 2180/4434
f 2302/4435 2207/4436 2180/4437
f 2180/4438 2207/4439 2240/4440
f 2240/4440 2207/4439 2239/4441
f 2180/4438 2240/4440 2272/4442
f 2272/4442 2240/4440 2270/4443
f 2272/4442 2270/4443 2273/4444
f 2272/4445 2273/4446 2247/4447
f 2273/4448 2241/4449 2211/4450
f 2211/4450 2241/4449 2178/4451
f 2273/4448 2211/4450 2247/4452
f 2272/4453 2247/4454 2150/4455
f 2150/4456 2247/4457 2211/4458
f 2150/4456 2211/4458 2119/4459
f 2272/4460 2150/4461 2180/4462
f 2211/4463 2178/4464 2119/4465
f 2119/4465 2178/4464 2086/4466
f 2180/4467 2150/4468 2032/4469
f 2032/4469 2150/4468 2119/4470
f 2180/4467 2032/4469 2090/4471
f 2119/4472 2086/4473 2148/4474
f 2119/4472 2148/4474 2181/4475
f 2181/4475 2148/4474 2179/4476
f 2032/4477 2119/4478 1929/4479
f 1929/4479 2119/4478 2031/4480
f 2031/4480 2119/4478 2181/4481
f 1929/4479 2031/4480 1956/4482
f 2031/4480 2181/4481 2151/4483
f 1956/4482 2031/4480 2088/4484
f 2088/4484 2031/4480 2151/4483
f 2179/4485 2149/4486 2181/4487
f 2181/4487 2149/4486 2151/4488
f 2151/4488 2149/4486 2120/4489
f 2088/4490 2151/4491 2120/4492
f 2088/4490 2120/4492 2030/4493
f 2088/4490 2030/4493 1956/4494
f 1956/4494 2030/4493 1955/4495
f 1929/4496 1865/4497 1931/4498
f 1929/4496 1931/4498 2065/4499
f 2065/4499 1931/4498 2124/4500
f 2124/4500 1931/4498 1841/4501
f 2065/4502 2124/4503 2089/4504
f 2089/4504 2124/4503 2122/4505
f 1931/4506 1865/4507 1800/4508
f 1800/4509 1865/4510 1796/4511
f 1841/4512 1931/4513 1800/4514
f 1841/4512 1800/4514 1341/4515
f 1800/4516 1796/4517 1683/4518
f 1800/4516 1683/4518 1565/4519
f 1683/4520 1796/4521 1754/4522
f 1683/4520 1754/4522 1593/4523
f 1593/4523 1754/4522 1684/4524
f 1684/4524 1754/4522 1799/4525
f 1800/4526 1395/4527 1339/4528
f 1800/4526 1339/4528 1341/4529
f 1339/4528 1395/4527 1274/4530
f 1339/4528 1274/4530 1341/4529
f 1341/4529 1274/4530 1342/4531
f 1342/4531 1274/4530 1275/4532
f 1275/4532 1274/4530 85/4533
f 1275/4532 85/4533 97/4534
f 97/4534 85/4533 488/4535
f 488/4535 85/4533 487/4536
f 488/4535 487/4536 756/4537
f 488/4535 756/4537 757/4538
f 757/4538 756/4537 871/4539
f 757/4538 871/4539 872/4540
f 872/4540 871/4539 903/4541
f 1754/4542 1792/4543 1794/4544
f 1754/4542 1794/4544 1799/4545
f 1799/4545 1794/4544 1817/4546
f 1799/4545 1817/4546 1801/4547
f 1794/4548 1792/4549 1682/4550
f 1794/4548 1682/4550 1707/4551
f 1707/4551 1682/4550 1593/4552
f 1841/4553 1341/4554 1867/4555
f 1841/4553 1867/4555 2124/4556
f 1867/4555 1341/4554 1417/4557
f 1867/4555 1417/4557 1887/4558
f 1867/4555 1887/4558 2095/4559
f 1887/4558 1417/4557 1537/4560
f 1887/4558 1537/4560 1654/4561
f 1707/4562 1593/4563 1684/4564
f 1794/4565 1707/4566 1755/4567
f 1794/4565 1755/4567 1817/4568
f 1755/4569 1707/4570 1684/4571
f 1755/4569 1684/4571 1724/4572
f 1817/4573 1755/4574 1801/4575
f 1755/4576 1724/4577 1801/4578
f 1724/4579 1684/4580 1799/4581
f 1724/4579 1799/4581 1801/4582
f 1417/4583 1341/4584 1342/4585
f 1417/4583 1342/4585 1418/4586
f 1417/4583 1418/4586 1537/4587
f 1418/4588 1342/4589 1275/4590
f 1418/4588 1275/4590 1354/4591
f 1354/4591 1275/4590 97/4592
f 1418/4588 1354/4591 1538/4593
f 1538/4593 1354/4591 1472/4594
f 1538/4593 1472/4594 1540/4595
f 1538/4593 1540/4595 1654/4596
f 1654/4596 1540/4595 1657/4597
f 1540/4595 1472/4594 1237/4598
f 1237/4598 1472/4594 1354/4591
f 1540/4595 1237/4598 1322/4599
f 1322/4599 1237/4598 15/4600
f 1237/4598 1354/4591 1079/4601
f 1237/4598 1079/4601 15/4600
f 1079/4601 1354/4591 97/4592
f 15/4600 1079/4601 209/4602
f 209/4602 1079/4601 350/4603
f 350/4603 1079/4601 97/4592
f 350/4603 97/4592 488/4604
f 350/4603 488/4604 757/4605
f 350/4603 757/4605 809/4606
f 809/4606 757/4605 872/4607
f 809/4606 872/4607 898/4608
f 809/4606 898/4608 925/4609
f 1537/4610 1418/4611 1538/4612
f 1537/4613 1538/4614 1654/4615
f 1078/4616 1192/4617 1098/4618
f 1192/4619 1299/4620 1166/4621
f 1192/4619 1166/4621 1098/4622
f 1098/4622 1166/4621 1097/4623
f 1097/4623 1166/4621 1167/4624
f 1166/4625 1190/4626 1167/4627
f 1167/4627 1190/4626 1165/4628
f 1098/4629 1097/4630 1115/4631
f 1115/4631 1097/4630 1096/4632
f 1096/4633 1097/4634 1117/4635
f 1097/4636 1167/4637 1116/4638
f 1116/4638 1167/4637 1169/4639
f 1097/4640 1116/4641 1117/4642
f 1167/4643 1165/4644 1168/4645
f 1167/4643 1168/4645 1169/4646
f 1116/4647 1169/4648 1117/4649
f 1169/4650 1168/4651 1117/4652
f 616/4653 733/4654 748/4655
f 616/4656 748/4657 735/4658
f 616/4656 735/4658 570/4659
f 570/4659 735/4658 709/4660
f 570/4659 709/4660 652/4661
f 570/4659 652/4661 403/4662
f 748/4663 733/4664 458/4665
f 748/4663 458/4665 735/4666
f 458/4665 733/4664 411/4667
f 411/4667 733/4664 708/4668
f 411/4667 708/4668 650/4669
f 411/4667 650/4669 619/4670
f 411/4667 619/4670 330/4671
f 735/4666 458/4665 412/4672
f 735/4666 412/4672 709/4673
f 709/4673 412/4672 652/4674
f 652/4674 412/4672 621/4675
f 621/4675 412/4672 331/4676
f 733/4677 616/4678 569/4679
f 616/4680 570/4681 1206/4682
f 1206/4682 570/4681 4/4683
f 616/4680 1206/4682 569/4684
f 569/4684 1206/4682 3/4685
f 412/4686 458/4687 1063/4688
f 1063/4688 458/4687 411/4689
f 1063/4688 411/4689 330/4690
f 1063/4688 330/4690 49/4691
f 403/4692 652/4693 621/4694
f 403/4692 621/4694 329/4695
f 329/4695 621/4694 331/4696
f 331/4697 412/4698 1063/4699
f 329/4700 331/4701 50/4702
f 329/4700 50/4702 6/4703
f 50/4704 331/4705 1063/4706
f 329/4707 6/4708 403/4709
f 6/4710 50/4711 1063/4712
f 6/4710 1063/4712 1267/4713
f 6/4710 1267/4713 4/4714
f 4/4714 1267/4713 1206/4715
f 4/4716 570/4717 403/4718
f 4/4719 403/4720 6/4721
f 1206/4722 1267/4723 3/4724
f 1267/4725 1063/4726 5/4727
f 5/4727 1063/4726 49/4728
f 1267/4725 5/4727 3/4729
f 569/4730 3/4731 402/4732
f 402/4733 3/4734 5/4735
f 402/4733 5/4735 328/4736
f 5/4737 49/4738 328/4739
f 328/4739 49/4738 330/4740
f 328/4739 330/4740 619/4741
f 328/4742 619/4743 402/4744
f 402/4744 619/4743 650/4745
f 402/4744 650/4745 569/4746
f 569/4746 650/4745 708/4747
f 569/4746 708/4747 733/4748
f 650/4749 619/4750 682/4751
f 222/4752 406/4753 409/4754
f 222/4752 409/4754 227/4755
f 222/4756 227/4757 220/4758
f 222/4759 220/4760 406/4761
f 406/4761 220/4760 359/4762
f 406/4761 359/4762 597/4763
f 406/4761 597/4763 598/4764
f 598/4764 597/4763 680/4765
f 680/4765 597/4763 649/4766
f 680/4765 649/4766 711/4767
f 711/4767 649/4766 679/4768
f 711/4767 679/4768 651/4769
f 711/4767 651/4769 686/4770
f 686/4770 651/4769 600/4771
f 686/4770 600/4771 601/4772
f 601/4772 600/4771 407/4773
f 407/4773 600/4771 360/4774
f 407/4773 360/4774 223/4775
f 407/4773 223/4775 226/4776
f 227/4777 409/4778 359/4779
f 227/4777 359/4779 220/4780
f 359/4779 409/4778 603/4781
f 359/4779 603/4781 597/4782
f 603/4783 409/4784 599/4785
f 599/4785 409/4784 406/4786
f 603/4783 599/4785 688/4787
f 406/4786 404/4788 599/4785
f 599/4785 404/4788 595/4789
f 599/4785 595/4789 674/4790
f 688/4787 599/4785 681/4791
f 681/4791 599/4785 674/4790
f 688/4787 681/4791 712/4792
f 681/4791 674/4790 706/4793
f 712/4792 681/4791 711/4794
f 711/4794 681/4791 706/4793
f 597/4795 603/4796 688/4797
f 597/4795 688/4797 649/4798
f 649/4799 688/4800 679/4801
f 679/4801 688/4800 712/4802
f 679/4801 712/4802 689/4803
f 679/4801 689/4803 651/4804
f 651/4804 689/4803 600/4805
f 600/4805 689/4803 604/4806
f 598/4807 680/4808 406/4809
f 712/4810 711/4811 686/4812
f 686/4812 711/4811 706/4813
f 712/4810 686/4812 689/4814
f 707/4813 676/4815 686/4812
f 689/4814 686/4812 602/4816
f 689/4814 602/4816 604/4817
f 675/4815 596/4818 602/4816
f 675/4815 602/4816 684/4812
f 600/4819 604/4820 360/4821
f 360/4822 604/4823 410/4824
f 360/4822 410/4824 228/4825
f 360/4822 228/4825 223/4826
f 410/4827 604/4828 602/4829
f 410/4827 602/4829 407/4830
f 410/4827 407/4830 226/4831
f 410/4827 226/4831 228/4832
f 405/4833 602/4829 596/4834
f 602/4829 405/4833 408/4830
f 408/4830 405/4833 218/4835
f 408/4830 218/4835 225/4836
f 223/4837 228/4838 226/4839
f 683/4840 601/4841 407/4842
f 596/4843 675/4844 683/4845
f 405/4846 596/4847 224/4848
f 596/4849 683/4850 407/4851
f 596/4852 407/4853 224/4854
f 224/4855 408/4856 225/4857
f 225/4858 218/4859 224/4860
f 224/4860 218/4859 217/4861
f 217/4862 405/4863 224/4864
f 405/4865 217/4866 218/4867
f 685/4868 706/4869 674/4870
f 685/4871 674/4872 710/4873
f 680/4874 710/4875 595/4876
f 595/4877 710/4878 674/4879
f 680/4880 595/4881 406/4882
f 595/4883 404/4884 219/4885
f 595/4886 219/4887 406/4888
f 219/4889 404/4890 215/4891
f 406/4892 219/4893 221/4894
f 215/4895 404/4896 216/4897
f 215/4898 216/4899 219/4900
f 219/4900 216/4899 221/4901
f 216/4902 404/4903 406/4904
f 216/4902 406/4904 221/4905
f 295/4906 495/4907 454/4908
f 295/4906 454/4908 298/4909
f 454/4910 495/4911 537/4912
f 495/4913 295/4914 536/4915
f 495/4916 536/4917 537/4918
f 537/4919 536/4920 496/4921
f 536/4922 295/4923 294/4924
f 294/4924 295/4923 179/4925
f 496/4926 536/4927 296/4928
f 296/4928 536/4927 294/4929
f 296/4928 294/4929 180/4930
f 180/4930 294/4929 178/4931
f 178/4931 294/4929 179/4932
f 180/4930 178/4931 74/4933
f 178/4931 179/4932 73/4934
f 74/4933 178/4931 72/4935
f 72/4935 178/4931 73/4934
f 74/4933 72/4935 1111/4936
f 72/4935 73/4934 1110/4937
f 1111/4936 72/4935 1128/4938
f 1128/4938 72/4935 1110/4937
f 496/4939 296/4940 455/4941
f 496/4942 455/4943 537/4944
f 297/4945 454/4946 537/4947
f 297/4945 537/4947 455/4948
f 298/4949 454/4950 297/4951
f 455/4952 296/4953 299/4954
f 455/4952 299/4954 297/4955
f 299/4956 296/4957 180/4958
f 299/4956 180/4958 183/4959
f 183/4959 180/4958 74/4960
f 183/4959 74/4960 46/4961
f 46/4961 74/4960 1111/4962
f 297/4963 299/4964 183/4965
f 297/4963 183/4965 181/4966
f 181/4966 183/4965 44/4967
f 44/4967 183/4965 46/4968
f 297/4963 181/4966 182/4969
f 182/4969 181/4966 44/4967
f 297/4963 182/4969 298/4970
f 182/4969 44/4967 45/4971
f 182/4969 45/4971 73/4972
f 179/4973 295/4974 298/4975
f 179/4976 298/4977 182/4978
f 179/4976 182/4978 73/4979
f 73/4980 45/4981 1110/4982
f 1110/4982 45/4981 1128/4983
f 1128/4983 45/4981 44/4984
f 1128/4983 44/4984 46/4985
f 1128/4983 46/4985 1111/4986
f 332/4987 361/4988 463/4989
f 332/4987 463/4989 334/4990
f 334/4990 463/4989 465/4991
f 465/4991 463/4989 507/4992
f 463/4989 361/4988 503/4993
f 503/4993 361/4988 363/4994
f 503/4993 363/4994 415/4995
f 503/4993 415/4995 417/4996
f 509/4997 507/4992 503/4993
f 509/4997 503/4993 417/4996
f 509/4997 417/4996 419/4998
f 507/4992 509/4997 513/4999
f 513/4999 509/4997 421/5000
f 363/5001 361/5002 421/5003
f 421/5004 361/5005 332/5006
f 421/5004 332/5006 374/5007
f 374/5007 332/5006 378/5008
f 378/5008 332/5006 334/5009
f 378/5008 334/5009 300/5010
f 378/5008 300/5010 344/5011
f 415/5012 363/5013 421/5014
f 415/5012 421/5014 419/5015
f 415/5012 419/5015 417/5016
f 509/5017 419/5018 421/5019
f 503/5020 507/5021 463/5022
f 513/5023 421/5024 374/5025
f 513/5023 374/5025 378/5026
f 513/5023 378/5026 473/5027
f 473/5027 378/5026 344/5028
f 473/5027 344/5028 422/5029
f 422/5029 344/5028 341/5030
f 473/5031 507/5032 513/5033
f 507/5032 473/5031 469/5034
f 469/5034 473/5031 422/5035
f 507/5032 469/5034 465/5036
f 469/5034 422/5035 308/5037
f 308/5037 422/5035 341/5038
f 469/5034 308/5037 306/5039
f 469/5034 306/5039 465/5036
f 465/5036 306/5039 304/5040
f 300/5041 334/5042 465/5043
f 300/5041 465/5043 304/5044
f 341/5045 344/5046 300/5047
f 308/5048 341/5049 300/5050
f 308/5048 300/5050 306/5051
f 306/5051 300/5050 304/5052
f 872/5053 903/5054 898/5055
f 898/5055 903/5054 940/5056
f 898/5055 940/5056 925/5057
f 925/5057 940/5056 949/5058
f 925/5057 949/5058 944/5059
f 809/5060 925/5061 944/5062
f 809/5060 944/5062 829/5063
f 829/5063 944/5062 945/5064
f 809/5060 829/5063 350/5065
f 829/5063 945/5064 951/5066
f 350/5065 829/5063 561/5067
f 829/5063 951/5066 839/5068
f 561/5067 829/5063 433/5069
f 433/5069 829/5063 839/5068
f 944/5070 949/5071 950/5072
f 944/5070 950/5072 945/5073
f 945/5073 950/5072 951/5074
f 951/5074 950/5072 956/5075
f 951/5074 956/5075 943/5076
f 943/5076 956/5075 948/5077
f 839/5078 951/5079 943/5080
f 839/5078 943/5080 914/5081
f 839/5078 914/5081 887/5082
f 839/5078 887/5082 808/5083
f 839/5078 808/5083 433/5084
f 433/5084 808/5083 592/5085
f 433/5084 592/5085 136/5086
f 948/5087 956/5088 837/5089
f 948/5087 837/5089 924/5090
f 924/5090 837/5089 886/5091
f 886/5091 837/5089 807/5092
f 807/5092 837/5089 387/5093
f 807/5092 387/5093 559/5094
f 559/5094 387/5093 271/5095
f 559/5094 271/5095 208/5096
f 559/5094 208/5096 135/5097
f 943/5098 948/5099 914/5100
f 914/5100 948/5099 924/5101
f 914/5100 924/5101 887/5102
f 887/5102 924/5101 886/5103
f 808/5104 887/5105 886/5106
f 808/5104 886/5106 807/5107
f 808/5108 807/5109 592/5110
f 592/5110 807/5109 559/5111
f 592/5110 559/5111 135/5112
f 592/5110 135/5112 136/5113
f 208/5114 271/5115 246/5116
f 208/5114 246/5116 156/5117
f 156/5117 246/5116 207/5118
f 156/5117 207/5118 164/5119
f 208/5120 156/5121 135/5122
f 135/5122 156/5121 31/5123
f 31/5123 156/5121 164/5124
f 135/5122 31/5123 1131/5125
f 135/5122 1131/5125 136/5126
f 136/5126 1131/5125 1218/5127
f 1276/5128 1356/5129 1218/5127
f 1218/5127 1356/5129 1313/5130
f 1218/5127 1313/5130 136/5126
f 1313/5130 1356/5129 1473/5131
f 1313/5130 1473/5131 1396/5132
f 1313/5130 1396/5132 1193/5133
f 136/5126 1313/5130 62/5134
f 62/5134 1313/5130 1193/5133
f 136/5126 62/5134 433/5135
f 62/5134 1193/5133 34/5136
f 433/5135 62/5134 247/5137
f 247/5137 62/5134 34/5136
f 1131/5138 31/5139 1191/5140
f 1131/5141 1191/5142 1217/5143
f 1131/5144 1217/5145 1218/5146
f 1218/5146 1217/5145 1276/5147
f 1276/5147 1217/5145 1301/5148
f 1276/5149 1301/5150 1355/5151
f 1355/5151 1301/5150 1818/5152
f 1355/5151 1818/5152 1842/5153
f 1355/5151 1842/5153 1496/5154
f 1496/5154 1842/5153 1595/5155
f 2015/5156 1843/5157 1842/5153
f 1842/5153 1843/5157 1595/5155
f 1595/5155 1843/5157 1629/5158
f 1595/5155 1629/5158 1600/5159
f 1595/5155 1600/5159 1498/5160
f 1595/5155 1498/5160 1473/5161
f 1473/5161 1498/5160 1396/5162
f 1396/5162 1498/5160 1193/5163
f 1193/5163 1498/5160 1314/5164
f 1356/5165 1276/5166 1355/5167
f 1356/5165 1355/5167 1496/5168
f 1356/5169 1496/5170 1473/5171
f 1473/5171 1496/5170 1595/5172
f 34/5173 1193/5174 1314/5175
f 34/5173 1314/5175 63/5176
f 1322/5177 15/5178 63/5176
f 63/5176 1314/5175 1323/5179
f 63/5176 1323/5179 1322/5177
f 1323/5179 1314/5175 1518/5180
f 1518/5180 1314/5175 1498/5181
f 1518/5180 1498/5181 1600/5182
f 1518/5180 1600/5182 1661/5183
f 1323/5179 1518/5180 1573/5184
f 1573/5184 1518/5180 1661/5183
f 1322/5177 1323/5179 1571/5185
f 1571/5185 1323/5179 1573/5184
f 1571/5185 1573/5184 1661/5183
f 1322/5177 1571/5185 1540/5186
f 1571/5185 1661/5183 1657/5187
f 1571/5185 1657/5187 1540/5186
f 247/5188 34/5189 63/5190
f 247/5188 63/5190 289/5191
f 289/5191 63/5190 209/5192
f 209/5192 63/5190 15/5193
f 247/5188 289/5191 561/5194
f 561/5194 289/5191 209/5192
f 247/5188 561/5194 433/5195
f 561/5194 209/5192 350/5196
f 1661/5197 1600/5198 1659/5199
f 1661/5197 1659/5199 1657/5200
f 1657/5200 1659/5199 1656/5201
f 1657/5200 1656/5201 1654/5202
f 1659/5203 1600/5204 1629/5205
f 1659/5206 1629/5207 1869/5208
f 1869/5208 1629/5207 1843/5209
f 1656/5210 1659/5211 1869/5212
f 1656/5210 1869/5212 1868/5213
f 1656/5210 1868/5213 1654/5214
f 1654/5214 1868/5213 1887/5215
f 1868/5213 1869/5212 2068/5216
f 2068/5216 1869/5212 1843/5217
f 1887/5215 1868/5213 2035/5218
f 2035/5218 1868/5213 2068/5216
f 1887/5215 2035/5218 2095/5219
f 2068/5216 1843/5217 2015/5220
f 2068/5216 2015/5220 2154/5221
f 2068/5216 2154/5221 2220/5222
f 2035/5218 2068/5216 2188/5223
f 2188/5223 2068/5216 2220/5222
f 2035/5218 2188/5223 2095/5219
f 2188/5223 2220/5222 2217/5224
f 2188/5223 2217/5224 2153/5225
f 2188/5223 2153/5225 2095/5219
f 2095/5219 2153/5225 2125/5226
f 1867/5227 2095/5228 2125/5229
f 1867/5230 2125/5231 2124/5232
f 2124/5233 2125/5234 2185/5235
f 2185/5235 2125/5234 2153/5236
f 2185/5235 2153/5236 2216/5237
f 2124/5238 2185/5239 2152/5240
f 2124/5238 2152/5240 2122/5241
f 2122/5242 2152/5243 2248/5244
f 2122/5242 2248/5244 2214/5245
f 2248/5244 2152/5243 2185/5246
f 2248/5244 2185/5246 2216/5247
f 2248/5244 2216/5247 2249/5248
f 2216/5249 2153/5250 2217/5251
f 2216/5249 2217/5251 2249/5252
f 2249/5252 2217/5251 2218/5253
f 2249/5252 2218/5253 2274/5254
f 2274/5254 2218/5253 2219/5255
f 2219/5255 2218/5253 2187/5256
f 2219/5255 2187/5256 2186/5257
f 2186/5257 2187/5256 2127/5258
f 2249/5259 2274/5260 2248/5261
f 2248/5261 2274/5260 2219/5262
f 2248/5261 2219/5262 2186/5263
f 2248/5261 2186/5263 2126/5264
f 2248/5261 2126/5264 2093/5265
f 2248/5261 2093/5265 2092/5266
f 2248/5261 2092/5266 2214/5267
f 2126/5268 2186/5269 2127/5270
f 2126/5268 2127/5270 2094/5271
f 2126/5272 2094/5273 2093/5274
f 2093/5274 2094/5273 2067/5275
f 2067/5276 2066/5277 2092/5278
f 2067/5279 2092/5280 2093/5281
f 1541/5282 1516/5283 1595/5284
f 1541/5282 1595/5284 1599/5285
f 1516/5286 1541/5287 1497/5288
f 1497/5288 1541/5287 1542/5289
f 1516/5290 1497/5291 1595/5292
f 1595/5292 1497/5291 1498/5293
f 1595/5292 1498/5293 1569/5294
f 1541/5295 1599/5296 1542/5297
f 1497/5298 1542/5299 1517/5300
f 1599/5301 1595/5302 1569/5303
f 1599/5301 1569/5303 1570/5304
f 1498/5305 1497/5306 1517/5307
f 1517/5308 1542/5309 1570/5310
f 1570/5310 1542/5309 1599/5311
f 1517/5308 1570/5310 1498/5312
f 1498/5312 1570/5310 1569/5313
f 375/5314 427/5315 372/5316
f 375/5314 372/5316 339/5317
f 339/5318 372/5319 342/5320
f 342/5320 372/5319 379/5321
f 342/5320 379/5321 382/5322
f 339/5323 342/5324 375/5325
f 375/5325 342/5324 382/5326
f 375/5325 382/5326 481/5327
f 481/5327 382/5326 523/5328
f 523/5328 382/5326 485/5329
f 523/5328 485/5329 528/5330
f 523/5328 528/5330 522/5331
f 522/5331 528/5330 555/5332
f 522/5331 555/5332 545/5333
f 545/5333 555/5332 550/5334
f 545/5333 550/5334 544/5335
f 544/5335 550/5334 583/5336
f 379/5337 372/5338 427/5339
f 379/5337 427/5339 483/5340
f 483/5340 427/5339 521/5341
f 483/5340 521/5341 526/5342
f 526/5342 521/5341 549/5343
f 526/5342 549/5343 557/5344
f 557/5344 549/5343 586/5345
f 481/5346 427/5347 375/5348
f 379/5349 483/5350 382/5351
f 427/5352 481/5353 521/5354
f 521/5354 481/5353 523/5355
f 521/5354 523/5355 549/5356
f 549/5356 523/5355 522/5357
f 549/5356 522/5357 586/5358
f 382/5359 483/5360 485/5361
f 485/5361 483/5360 526/5362
f 485/5361 526/5362 528/5363
f 528/5363 526/5362 557/5364
f 528/5363 557/5364 555/5365
f 555/5365 557/5364 590/5366
f 557/5367 586/5368 590/5369
f 590/5369 586/5368 610/5370
f 590/5369 610/5370 585/5371
f 585/5371 610/5370 608/5372
f 586/5373 522/5374 610/5375
f 522/5376 545/5377 610/5378
f 610/5378 545/5377 581/5379
f 610/5378 581/5379 608/5380
f 555/5381 590/5382 585/5383
f 550/5384 555/5385 585/5386
f 550/5387 585/5388 583/5389
f 583/5389 585/5388 608/5390
f 544/5391 583/5392 608/5393
f 545/5394 544/5395 581/5396
f 581/5396 544/5395 608/5397
f 1808/5398 1741/5399 1742/5400
f 1808/5398 1742/5400 1773/5401
f 1741/5399 1808/5398 1806/5402
f 1741/5399 1806/5402 1739/5403
f 1739/5403 1806/5402 1825/5404
f 1808/5405 1773/5406 1874/5407
f 1808/5405 1874/5407 1916/5408
f 1773/5409 1742/5410 1827/5411
f 1773/5412 1827/5413 1874/5414
f 1827/5415 1742/5416 1775/5417
f 1827/5415 1775/5417 1894/5418
f 1775/5419 1742/5420 1777/5421
f 1777/5421 1742/5420 1741/5422
f 1777/5421 1741/5422 1810/5423
f 1810/5423 1741/5422 1739/5424
f 1810/5423 1739/5424 1830/5425
f 1830/5425 1739/5424 1829/5426
f 1829/5426 1739/5424 1745/5427
f 1894/5428 1775/5429 1777/5430
f 1894/5428 1777/5430 1939/5431
f 1939/5431 1777/5430 1810/5432
f 1939/5431 1810/5432 1938/5433
f 1938/5433 1810/5432 1830/5434
f 1938/5433 1830/5434 1999/5435
f 1999/5435 1830/5434 1829/5436
f 1999/5435 1829/5436 2040/5437
f 2040/5437 1829/5436 1745/5438
f 1611/5439 1673/5440 1745/5438
f 1745/5438 1673/5440 1942/5441
f 1745/5438 1942/5441 2040/5437
f 1942/5441 1673/5440 1920/5442
f 1942/5441 1920/5442 2345/5443
f 2345/5443 1920/5442 2281/5444
f 2345/5443 2281/5444 2373/5445
f 2345/5443 2373/5445 2424/5446
f 1942/5441 2345/5443 2325/5447
f 1942/5441 2325/5447 2040/5437
f 2325/5447 2345/5443 2406/5448
f 2325/5447 2406/5448 2404/5449
f 2040/5437 2325/5447 2297/5450
f 2325/5447 2404/5449 2352/5451
f 2040/5437 2297/5450 2100/5452
f 2352/5451 2404/5449 2428/5453
f 2100/5452 2297/5450 2321/5454
f 2352/5451 2428/5453 2375/5455
f 2100/5452 2321/5454 2132/5456
f 2375/5455 2428/5453 2386/5457
f 2132/5456 2321/5454 2161/5458
f 2386/5457 2428/5453 2438/5459
f 2386/5457 2438/5459 2426/5460
f 2426/5460 2438/5459 2459/5461
f 2161/5458 2321/5454 2322/5462
f 2161/5458 2322/5462 2319/5463
f 2161/5458 2319/5463 2225/5464
f 1874/5465 1827/5466 1918/5467
f 1918/5467 1827/5466 1894/5468
f 1916/5469 1874/5470 1918/5471
f 1916/5469 1918/5471 1997/5472
f 1916/5469 1997/5472 1936/5473
f 1936/5473 1997/5472 2038/5474
f 1936/5473 2038/5474 1993/5475
f 1806/5476 1808/5477 1916/5478
f 1806/5476 1916/5478 1936/5479
f 1894/5480 1939/5481 1918/5482
f 1918/5482 1939/5481 1997/5483
f 1997/5483 1939/5481 1938/5484
f 1997/5483 1938/5484 2038/5485
f 2038/5485 1938/5484 1999/5486
f 2038/5485 1999/5486 2040/5487
f 1806/5488 1936/5489 1825/5490
f 1825/5490 1936/5489 1993/5491
f 1825/5492 1993/5493 2036/5494
f 2036/5495 1993/5496 2038/5497
f 1739/5498 1825/5499 1804/5500
f 1739/5498 1804/5500 1714/5501
f 1714/5501 1804/5500 1771/5502
f 1739/5498 1714/5501 1745/5503
f 1804/5504 1825/5505 2036/5506
f 1771/5507 1804/5508 2036/5509
f 1771/5507 2036/5509 2189/5510
f 2189/5510 2036/5509 2333/5511
f 2333/5511 2036/5509 2315/5512
f 2315/5512 2036/5509 2098/5513
f 1714/5514 1771/5515 1693/5516
f 1714/5514 1693/5516 1671/5517
f 1714/5518 1671/5519 1697/5520
f 1714/5518 1697/5520 1745/5521
f 1697/5520 1671/5519 1476/5522
f 1476/5522 1671/5519 1507/5523
f 1476/5522 1507/5523 1427/5524
f 1427/5524 1507/5523 1451/5525
f 1427/5524 1451/5525 1248/5526
f 1248/5526 1451/5525 1264/5527
f 1745/5528 1697/5529 1611/5530
f 1507/5531 1671/5532 1693/5533
f 1507/5531 1693/5533 1474/5534
f 1507/5531 1474/5534 1451/5535
f 1697/5536 1476/5537 1429/5538
f 1697/5536 1429/5538 1611/5539
f 1429/5538 1476/5537 1383/5540
f 1383/5540 1476/5537 1427/5541
f 1383/5540 1427/5541 1202/5542
f 1202/5542 1427/5541 1248/5543
f 1611/5544 1429/5545 1552/5546
f 1611/5544 1552/5546 1584/5547
f 1611/5544 1584/5547 1673/5548
f 1552/5546 1429/5545 1404/5549
f 1552/5546 1404/5549 1582/5550
f 1404/5549 1429/5545 1383/5551
f 1404/5549 1383/5551 1358/5552
f 1358/5552 1383/5551 1202/5553
f 1358/5552 1202/5553 1225/5554
f 1552/5555 1582/5556 1584/5557
f 1584/5558 1582/5559 1642/5560
f 1582/5561 1404/5562 1423/5563
f 1423/5564 1404/5565 1358/5566
f 1423/5564 1358/5566 1381/5567
f 1381/5567 1358/5566 1246/5568
f 1246/5568 1358/5566 1225/5569
f 1582/5570 1423/5571 1693/5572
f 1693/5572 1423/5571 1474/5573
f 1582/5570 1693/5572 1642/5574
f 1642/5574 1693/5572 1771/5575
f 1642/5574 1771/5575 2189/5576
f 1737/5577 1642/5574 2069/5578
f 2069/5578 1642/5574 2189/5576
f 2069/5578 2189/5576 2348/5579
f 2348/5579 2189/5576 2395/5580
f 2395/5580 2189/5576 2412/5581
f 2412/5581 2189/5576 2333/5582
f 2395/5580 2412/5581 2452/5583
f 1474/5584 1423/5585 1381/5586
f 1474/5587 1381/5588 1424/5589
f 1424/5589 1381/5588 1262/5590
f 1262/5590 1381/5588 1246/5591
f 1474/5592 1424/5593 1451/5594
f 1451/5594 1424/5593 1262/5595
f 1451/5594 1262/5595 1264/5596
f 1262/5597 1246/5598 1200/5599
f 1200/5599 1246/5598 1225/5600
f 1200/5599 1225/5600 1202/5601
f 1262/5602 1200/5603 1264/5604
f 1264/5604 1200/5603 1248/5605
f 1248/5605 1200/5603 1202/5606
f 2159/5607 2279/5608 2191/5609
f 2191/5609 2279/5608 2317/5610
f 2279/5611 2159/5612 2225/5613
f 2279/5611 2225/5613 2319/5614
f 2191/5615 2317/5616 2294/5617
f 2191/5615 2294/5617 2157/5618
f 2157/5618 2294/5617 2293/5619
f 2157/5618 2293/5619 2130/5620
f 2130/5620 2293/5619 2098/5621
f 2098/5621 2293/5619 2315/5622
f 2317/5623 2279/5624 2337/5625
f 2337/5625 2279/5624 2319/5626
f 2317/5627 2337/5628 2294/5629
f 2294/5629 2337/5628 2343/5630
f 2294/5629 2343/5630 2293/5631
f 2293/5631 2343/5630 2335/5632
f 2293/5631 2335/5632 2315/5633
f 2225/5634 2159/5635 2161/5636
f 2161/5636 2159/5635 2071/5637
f 2157/5638 2159/5639 2191/5640
f 2159/5639 2157/5638 2071/5641
f 2071/5641 2157/5638 2130/5642
f 2071/5641 2130/5642 2038/5643
f 2038/5643 2130/5642 2098/5644
f 2038/5643 2098/5644 2036/5645
f 2337/5646 2319/5647 2322/5648
f 2337/5646 2322/5648 2343/5649
f 2343/5649 2322/5648 2321/5650
f 2343/5649 2321/5650 2335/5651
f 2335/5651 2321/5650 2297/5652
f 2335/5651 2297/5652 2325/5653
f 2132/5654 2161/5655 2071/5656
f 2071/5657 2038/5658 2132/5659
f 2132/5660 2038/5661 2100/5662
f 2100/5662 2038/5661 2040/5663
f 2333/5664 2315/5665 2335/5666
f 1920/5667 1673/5668 1695/5669
f 1695/5669 1673/5668 1584/5670
f 1737/5671 1584/5672 1642/5673
f 1584/5672 1737/5671 1695/5674
f 1737/5675 2069/5676 1695/5677
f 1695/5677 2069/5676 1920/5678
f 1920/5679 2069/5680 2281/5681
f 2281/5682 2069/5683 2373/5684
f 2373/5684 2069/5683 2348/5685
f 2373/5684 2348/5685 2379/5686
f 2373/5687 2379/5688 2424/5689
f 2424/5689 2379/5688 2444/5690
f 2424/5689 2444/5690 2479/5691
f 2479/5691 2444/5690 2452/5692
f 2424/5689 2479/5691 2458/5693
f 2479/5691 2452/5692 2474/5694
f 2458/5693 2479/5691 2468/5695
f 2479/5691 2474/5694 2504/5696
f 2479/5691 2504/5696 2468/5695
f 2504/5696 2474/5694 2491/5697
f 2468/5695 2504/5696 2493/5698
f 2493/5698 2504/5696 2508/5699
f 2504/5696 2491/5697 2499/5700
f 2508/5699 2504/5696 2526/5701
f 2526/5701 2504/5696 2499/5700
f 2526/5701 2499/5700 2518/5702
f 2348/5703 2395/5704 2379/5705
f 2379/5705 2395/5704 2444/5706
f 2444/5706 2395/5704 2452/5707
f 2406/5708 2345/5709 2424/5710
f 2424/5711 2458/5712 2406/5713
f 2406/5713 2458/5712 2430/5714
f 2430/5714 2458/5712 2468/5715
f 2430/5714 2468/5715 2481/5716
f 2481/5716 2468/5715 2493/5717
f 2481/5716 2493/5717 2508/5718
f 2481/5716 2508/5718 2486/5719
f 2486/5719 2508/5718 2522/5720
f 2486/5719 2522/5720 2515/5721
f 2474/5722 2452/5723 2412/5724
f 2474/5722 2412/5724 2432/5725
f 2406/5726 2430/5727 2422/5728
f 2422/5728 2430/5727 2481/5729
f 2522/5730 2508/5731 2526/5732
f 2522/5730 2526/5732 2520/5733
f 2481/5734 2486/5735 2464/5736
f 2464/5736 2486/5735 2506/5737
f 2506/5737 2486/5735 2515/5738
f 2481/5739 2464/5740 2422/5741
f 2515/5742 2522/5743 2520/5744
f 2515/5745 2520/5746 2506/5747
f 2506/5747 2520/5746 2513/5748
f 2464/5749 2506/5750 2484/5751
f 2484/5752 2506/5753 2513/5754
f 2513/5755 2520/5756 2518/5757
f 2518/5757 2520/5756 2526/5758
f 2513/5759 2518/5760 2484/5761
f 2484/5761 2518/5760 2499/5762
f 2464/5763 2484/5764 2477/5765
f 2464/5766 2477/5767 2422/5768
f 2422/5768 2477/5767 2432/5769
f 2484/5770 2499/5771 2491/5772
f 2484/5773 2491/5774 2477/5775
f 2477/5775 2491/5774 2432/5776
f 2432/5776 2491/5774 2474/5777
f 2432/5778 2412/5779 2422/5780
f 2422/5781 2412/5782 2414/5783
f 2414/5783 2412/5782 2350/5784
f 2350/5785 2412/5786 2333/5787
f 2414/5788 2350/5789 2418/5790
f 2418/5790 2350/5789 2369/5791
f 2418/5790 2369/5791 2381/5792
f 2418/5790 2381/5792 2434/5793
f 2414/5794 2418/5795 2422/5796
f 2422/5796 2418/5795 2446/5797
f 2446/5797 2418/5795 2434/5798
f 2446/5797 2434/5798 2466/5799
f 2422/5796 2446/5797 2428/5800
f 2428/5800 2446/5797 2438/5801
f 2422/5796 2428/5800 2404/5802
f 2350/5803 2333/5804 2335/5805
f 2350/5803 2335/5805 2369/5806
f 2369/5806 2335/5805 2364/5807
f 2369/5806 2364/5807 2381/5808
f 2364/5807 2335/5805 2375/5809
f 2375/5809 2335/5805 2352/5810
f 2364/5807 2375/5809 2386/5811
f 2364/5807 2386/5811 2401/5812
f 2364/5807 2401/5812 2381/5808
f 2381/5808 2401/5812 2416/5813
f 2434/5814 2381/5815 2416/5816
f 2434/5814 2416/5816 2456/5817
f 2456/5817 2416/5816 2447/5818
f 2447/5818 2416/5816 2401/5819
f 2466/5820 2434/5821 2456/5822
f 2456/5823 2447/5824 2466/5825
f 2466/5825 2447/5824 2459/5826
f 2446/5827 2466/5828 2438/5829
f 2438/5829 2466/5828 2459/5830
f 2459/5831 2447/5832 2426/5833
f 2426/5833 2447/5832 2401/5834
f 2426/5833 2401/5834 2386/5835
f 2352/5836 2335/5837 2325/5838
f 2404/5839 2406/5840 2422/5841
f 1539/5842 1540/5843 1568/5844
f 1539/5842 1568/5844 1598/5845
f 1539/5842 1598/5845 1594/5846
f 1539/5842 1594/5846 1567/5847
f 1568/5848 1540/5849 1597/5850
f 1597/5851 1540/5852 1596/5853
f 1568/5854 1597/5855 1598/5856
f 1598/5856 1597/5855 1655/5857
f 1655/5857 1597/5855 1596/5858
f 1596/5859 1540/5860 1654/5861
f 1654/5861 1540/5860 1628/5862
f 1628/5862 1540/5860 1539/5863
f 1628/5862 1539/5863 1567/5864
f 1596/5865 1654/5866 1655/5867
f 1654/5868 1628/5869 1655/5870
f 1655/5870 1628/5869 1598/5871
f 1594/5872 1598/5873 1628/5874
f 1628/5875 1567/5876 1594/5877
f 1601/5878 1574/5879 1543/5880
f 1574/5879 1601/5878 1634/5881
f 1574/5879 1634/5881 1633/5882
f 1574/5879 1633/5882 1631/5883
f 1601/5884 1543/5885 1572/5886
f 1572/5887 1543/5888 1574/5889
f 1572/5887 1574/5889 1631/5890
f 1572/5887 1631/5890 1660/5891
f 1572/5887 1660/5891 1630/5892
f 1630/5892 1660/5891 1658/5893
f 1634/5894 1601/5895 1572/5896
f 1634/5894 1572/5896 1632/5897
f 1634/5894 1632/5897 1658/5898
f 1634/5894 1658/5898 1661/5899
f 1631/5900 1633/5901 1660/5902
f 1660/5902 1633/5901 1634/5903
f 1660/5902 1634/5903 1661/5904
f 1660/5902 1661/5904 1686/5905
f 1686/5905 1661/5904 1658/5906
f 1632/5907 1572/5908 1630/5909
f 1632/5907 1630/5909 1658/5910
f 1686/5911 1658/5912 1660/5913
f 36/5914 391/5915 235/5916
f 36/5914 235/5916 1083/5917
f 258/5918 260/5919 235/5916
f 235/5916 260/5919 211/5920
f 235/5916 211/5920 1083/5917
f 1083/5917 211/5920 1101/5921
f 1101/5921 211/5920 173/5922
f 173/5922 211/5920 196/5923
f 1101/5921 173/5922 1099/5924
f 1099/5924 173/5922 1195/5925
f 1195/5925 173/5922 175/5926
f 1195/5925 175/5926 1181/5927
f 175/5926 173/5922 262/5928
f 175/5926 262/5928 319/5929
f 175/5926 319/5929 237/5930
f 237/5930 319/5929 451/5931
f 237/5930 451/5931 275/5932
f 275/5932 451/5931 352/5933
f 352/5933 451/5931 563/5934
f 391/5935 36/5936 1220/5937
f 1220/5937 36/5936 1444/5938
f 391/5935 1220/5937 533/5939
f 533/5939 1220/5937 249/5940
f 1220/5937 1444/5938 1845/5941
f 1220/5937 1845/5941 1603/5942
f 235/5943 391/5944 258/5945
f 258/5945 391/5944 533/5946
f 258/5945 533/5946 123/5947
f 123/5947 533/5946 249/5948
f 258/5949 123/5950 125/5951
f 258/5949 125/5951 260/5952
f 260/5953 125/5954 65/5955
f 260/5953 65/5955 196/5956
f 260/5953 196/5956 211/5957
f 36/5958 1083/5959 1444/5960
f 1444/5960 1083/5959 1446/5961
f 1444/5960 1446/5961 1845/5962
f 1845/5962 1446/5961 1822/5963
f 65/5964 125/5965 1259/5966
f 65/5964 1259/5966 1241/5967
f 65/5964 1241/5967 109/5968
f 109/5968 1241/5967 1325/5969
f 109/5968 1325/5969 87/5970
f 87/5970 1325/5969 147/5971
f 147/5971 1325/5969 1327/5972
f 147/5971 1327/5972 1243/5973
f 147/5971 1243/5973 198/5974
f 198/5974 1243/5973 251/5975
f 251/5975 1243/5973 1224/5976
f 1083/5977 1101/5978 1446/5979
f 1822/5980 1446/5981 1528/5982
f 1822/5980 1528/5982 1871/5983
f 1220/5984 1603/5985 1133/5986
f 1220/5984 1133/5986 249/5987
f 1133/5988 1603/5989 1222/5990
f 1222/5990 1603/5989 1605/5991
f 1222/5990 1605/5991 1239/5992
f 1239/5992 1605/5991 1259/5993
f 1239/5992 1259/5993 125/5994
f 1259/5993 1605/5991 1688/5995
f 1259/5993 1688/5995 1636/5996
f 1259/5993 1636/5996 1241/5997
f 1241/5997 1636/5996 1325/5998
f 1325/5998 1636/5996 1732/5999
f 1325/5998 1732/5999 1768/6000
f 1325/5998 1768/6000 1327/6001
f 1133/6002 1222/6003 249/6004
f 249/6004 1222/6003 123/6005
f 123/6005 1222/6003 1239/6006
f 123/6005 1239/6006 125/6007
f 1871/6008 1528/6009 1803/6010
f 1803/6010 1528/6009 1448/6011
f 1803/6012 1448/6013 1580/6014
f 1803/6012 1580/6014 1889/6015
f 65/6016 109/6017 196/6018
f 196/6018 109/6017 262/6019
f 196/6018 262/6019 173/6020
f 109/6021 87/6022 262/6023
f 1243/6024 1327/6025 1638/6026
f 1638/6027 1327/6028 1768/6029
f 1243/6030 1638/6031 1224/6032
f 1224/6032 1638/6031 1663/6033
f 1224/6032 1663/6033 1374/6034
f 1224/6032 1374/6034 1197/6035
f 1197/6035 1374/6034 1199/6036
f 1197/6035 1199/6036 110/6037
f 1199/6036 1374/6034 1397/6038
f 1397/6038 1374/6034 1641/6039
f 1199/6036 1397/6038 1399/6040
f 1199/6036 1399/6040 1182/6041
f 1199/6036 1182/6041 111/6042
f 111/6042 1182/6041 158/6043
f 1182/6041 1399/6040 1135/6044
f 1135/6044 1399/6040 1377/6045
f 175/6046 237/6047 1181/6048
f 1181/6048 237/6047 275/6049
f 1181/6048 275/6049 1119/6050
f 1119/6050 275/6049 352/6051
f 1119/6050 352/6051 1087/6052
f 1607/6053 1500/6054 1913/6055
f 1913/6055 1500/6054 1847/6056
f 1607/6053 1913/6055 1889/6057
f 1847/6058 1500/6059 1530/6060
f 1847/6058 1530/6060 1873/6061
f 1873/6062 1530/6063 1502/6064
f 1873/6062 1502/6064 1849/6065
f 1087/6066 352/6067 1084/6068
f 492/6069 646/6070 668/6071
f 1103/6072 747/6073 696/6074
f 1103/6072 696/6074 238/6075
f 1103/6072 238/6075 1121/6076
f 238/6075 696/6074 634/6077
f 634/6077 696/6074 565/6078
f 238/6075 634/6077 613/6079
f 238/6075 613/6079 200/6080
f 238/6075 200/6080 1121/6076
f 1121/6076 200/6080 1148/6081
f 1736/6082 1103/6083 1378/6084
f 1378/6084 1103/6083 1121/6085
f 1378/6084 1121/6085 1420/6086
f 1420/6086 1121/6085 1148/6087
f 1378/6084 1420/6086 1734/6088
f 1378/6084 1734/6088 1692/6089
f 613/6090 634/6091 565/6092
f 613/6093 565/6094 177/6095
f 613/6093 177/6095 200/6096
f 200/6096 177/6095 1135/6097
f 200/6096 1135/6097 1148/6098
f 1148/6098 1135/6097 1420/6099
f 1420/6099 1135/6097 1377/6100
f 1420/6099 1377/6100 1734/6101
f 1734/6101 1377/6100 1690/6102
f 565/6103 393/6104 177/6105
f 177/6105 393/6104 158/6106
f 158/6106 393/6104 263/6107
f 158/6106 263/6107 111/6108
f 177/6105 158/6106 1182/6109
f 177/6105 1182/6109 1135/6110
f 1692/6111 1734/6112 1690/6113
f 1639/6114 1641/6115 1374/6116
f 1224/6117 1197/6118 110/6119
f 1224/6120 110/6121 251/6122
f 251/6123 110/6124 290/6125
f 110/6126 1199/6127 111/6128
f 110/6126 111/6128 263/6129
f 110/6126 263/6129 290/6130
f 916/6131 918/6132 770/6133
f 916/6131 770/6133 765/6134
f 770/6133 918/6132 905/6135
f 905/6135 918/6132 973/6136
f 770/6133 905/6135 773/6137
f 770/6133 773/6137 443/6138
f 773/6137 905/6135 779/6139
f 770/6133 443/6138 440/6140
f 779/6139 905/6135 907/6141
f 440/6140 443/6138 107/6142
f 779/6139 907/6141 745/6143
f 779/6139 745/6143 447/6144
f 745/6143 907/6141 895/6145
f 895/6145 907/6141 960/6146
f 895/6145 960/6146 933/6147
f 447/6144 745/6143 490/6148
f 447/6144 490/6148 121/6149
f 121/6149 490/6148 233/6150
f 121/6149 233/6150 1284/6151
f 121/6149 1284/6151 1282/6152
f 1280/6153 1282/6152 1545/6154
f 1282/6152 1280/6153 105/6155
f 1282/6152 105/6155 107/6142
f 107/6142 105/6155 440/6140
f 105/6155 1280/6153 103/6156
f 105/6155 103/6156 440/6140
f 440/6140 103/6156 389/6157
f 103/6156 1280/6153 1277/6158
f 103/6156 1277/6158 100/6159
f 918/6160 916/6161 983/6162
f 918/6160 983/6162 987/6163
f 983/6164 916/6165 927/6166
f 983/6164 927/6166 985/6167
f 927/6166 916/6165 768/6168
f 768/6168 916/6165 765/6169
f 768/6168 765/6169 434/6170
f 434/6170 765/6169 139/6171
f 139/6171 765/6169 389/6172
f 139/6171 389/6172 103/6173
f 139/6171 103/6173 1173/6174
f 973/6175 918/6176 987/6177
f 973/6175 987/6177 975/6178
f 975/6178 987/6177 989/6179
f 975/6178 989/6179 929/6180
f 975/6178 929/6180 920/6181
f 987/6182 983/6183 985/6184
f 987/6182 985/6184 989/6185
f 989/6185 985/6184 929/6186
f 929/6186 985/6184 927/6187
f 929/6188 927/6189 774/6190
f 774/6190 927/6189 768/6191
f 907/6192 905/6193 973/6194
f 907/6192 973/6194 977/6195
f 907/6192 977/6195 960/6196
f 920/6197 929/6198 774/6199
f 920/6197 774/6199 776/6200
f 776/6200 774/6199 441/6201
f 441/6201 774/6199 437/6202
f 441/6201 437/6202 141/6203
f 441/6201 141/6203 143/6204
f 143/6204 141/6203 1175/6205
f 143/6204 1175/6205 1177/6206
f 1177/6206 1175/6205 1522/6207
f 1177/6206 1522/6207 1524/6208
f 1524/6208 1522/6207 1728/6209
f 1728/6209 1522/6207 1764/6210
f 973/6211 975/6212 977/6213
f 977/6213 975/6212 991/6214
f 991/6214 975/6212 931/6215
f 931/6215 975/6212 920/6216
f 977/6217 991/6218 960/6219
f 960/6219 991/6218 962/6220
f 960/6219 962/6220 933/6221
f 991/6222 931/6223 909/6224
f 991/6222 909/6224 962/6225
f 909/6224 931/6223 780/6226
f 780/6226 931/6223 920/6227
f 780/6226 920/6227 776/6228
f 962/6229 909/6230 891/6231
f 962/6232 891/6233 935/6234
f 962/6232 935/6234 933/6235
f 935/6234 891/6233 864/6236
f 935/6234 864/6236 933/6235
f 864/6236 891/6233 811/6237
f 933/6235 864/6236 895/6238
f 864/6236 811/6237 666/6239
f 864/6236 666/6239 895/6238
f 666/6239 811/6237 531/6240
f 666/6239 531/6240 169/6241
f 895/6238 666/6239 745/6242
f 745/6242 666/6239 490/6243
f 891/6244 909/6245 811/6246
f 811/6246 909/6245 780/6247
f 811/6246 780/6247 531/6248
f 531/6248 780/6247 445/6249
f 531/6248 445/6249 145/6250
f 531/6248 145/6250 169/6251
f 169/6251 145/6250 1179/6252
f 169/6251 1179/6252 1146/6253
f 1146/6253 1179/6252 1526/6254
f 169/6251 1146/6253 171/6255
f 773/6256 779/6257 443/6258
f 443/6258 779/6257 447/6259
f 490/6260 666/6261 449/6262
f 490/6260 449/6262 233/6263
f 233/6263 449/6262 273/6264
f 273/6264 449/6262 171/6265
f 443/6266 447/6267 107/6268
f 107/6268 447/6267 121/6269
f 107/6268 121/6269 1282/6270
f 233/6271 273/6272 1146/6273
f 1146/6273 273/6272 171/6274
f 233/6271 1146/6273 1284/6275
f 1284/6275 1146/6273 1526/6276
f 1284/6275 1526/6276 1547/6277
f 1547/6277 1526/6276 1730/6278
f 1730/6278 1526/6276 1766/6279
f 171/6280 449/6281 169/6282
f 169/6283 449/6284 666/6285
f 445/6286 780/6287 776/6288
f 445/6286 776/6288 441/6289
f 445/6286 441/6289 143/6290
f 445/6286 143/6290 145/6291
f 145/6291 143/6290 1177/6292
f 145/6291 1177/6292 1179/6293
f 1179/6293 1177/6292 1524/6294
f 1179/6293 1524/6294 1526/6295
f 1175/6296 141/6297 1173/6298
f 1175/6296 1173/6298 1522/6299
f 1522/6299 1173/6298 1519/6300
f 1519/6300 1173/6298 1170/6301
f 1173/6298 141/6297 139/6302
f 139/6302 141/6297 437/6303
f 139/6302 437/6303 434/6304
f 434/6304 437/6303 768/6305
f 768/6305 437/6303 774/6306
f 765/6307 770/6308 389/6309
f 389/6309 770/6308 440/6310
f 1173/6311 103/6312 1170/6313
f 1170/6313 103/6312 100/6314
f 1519/6315 1170/6316 100/6317
f 1519/6315 100/6317 1277/6318
f 1519/6315 1277/6318 1575/6319
f 1519/6315 1575/6319 1758/6320
f 1758/6320 1575/6319 1757/6321
f 1545/6322 1282/6323 1284/6324
f 1545/6322 1284/6324 1547/6325
f 1545/6322 1547/6325 1727/6326
f 1727/6326 1547/6325 1730/6327
f 1277/6328 1280/6329 1578/6330
f 1578/6330 1280/6329 1545/6331
f 1277/6328 1578/6330 1575/6332
f 1575/6332 1578/6330 1763/6333
f 1575/6332 1763/6333 1757/6334
f 1578/6335 1545/6336 1727/6337
f 1578/6335 1727/6337 1763/6338
f 1763/6338 1727/6337 1764/6339
f 1764/6339 1727/6337 1728/6340
f 1730/6341 1766/6342 1727/6343
f 1766/6344 1526/6345 1728/6346
f 1728/6346 1526/6345 1524/6347
f 1766/6344 1728/6346 1727/6348
f 1764/6349 1522/6350 1519/6351
f 1764/6349 1519/6351 1758/6352
f 1764/6349 1758/6352 1763/6353
f 1763/6353 1758/6352 1757/6354
f 1060/6355 1053/6356 1054/6357
f 1054/6357 1053/6356 1042/6358
f 1053/6359 1060/6360 1044/6361
f 1053/6359 1044/6361 1030/6362
f 1044/6363 1060/6364 1041/6365
f 1041/6365 1060/6364 1040/6366
f 1040/6366 1060/6364 1054/6367
f 1040/6366 1054/6367 1037/6368
f 1041/6365 1040/6366 1026/6369
f 1041/6365 1026/6369 1028/6370
f 1030/6371 1044/6372 1041/6373
f 1030/6371 1041/6373 1027/6374
f 1053/6375 1030/6376 1027/6377
f 1053/6375 1027/6377 1023/6378
f 1053/6375 1023/6378 1042/6379
f 1042/6379 1023/6378 1020/6380
f 1023/6378 1027/6377 1006/6381
f 1006/6381 1027/6377 1013/6382
f 1054/6383 1042/6384 1020/6385
f 1054/6383 1020/6385 1037/6386
f 1040/6387 1037/6388 1020/6389
f 1040/6387 1020/6389 1023/6390
f 1026/6391 1040/6392 1023/6393
f 1026/6391 1023/6393 1006/6394
f 1041/6395 1028/6396 1027/6397
f 1027/6397 1028/6396 1013/6398
f 1026/6399 1006/6400 1028/6401
f 1028/6401 1006/6400 1013/6402
f 362/6403 333/6404 464/6405
f 464/6405 333/6404 335/6406
f 362/6403 464/6405 504/6407
f 362/6403 504/6407 365/6408
f 464/6405 335/6406 466/6409
f 466/6409 335/6406 302/6410
f 466/6409 302/6410 305/6411
f 464/6405 466/6409 508/6412
f 464/6405 508/6412 504/6407
f 508/6412 466/6409 470/6413
f 504/6407 508/6412 510/6414
f 510/6414 508/6412 514/6415
f 335/6416 333/6417 309/6418
f 309/6419 333/6420 362/6421
f 309/6419 362/6421 343/6422
f 335/6423 309/6424 302/6425
f 305/6426 302/6427 307/6428
f 307/6428 302/6427 309/6429
f 305/6430 307/6431 466/6432
f 466/6432 307/6431 470/6433
f 470/6433 307/6431 309/6434
f 470/6433 309/6434 424/6435
f 424/6435 309/6434 343/6436
f 508/6437 470/6438 474/6439
f 474/6439 470/6438 424/6440
f 508/6437 474/6439 514/6441
f 474/6439 424/6440 345/6442
f 345/6442 424/6440 343/6443
f 474/6439 345/6442 380/6444
f 474/6439 380/6444 514/6441
f 514/6441 380/6444 376/6445
f 514/6441 376/6445 423/6446
f 345/6447 343/6448 362/6449
f 345/6447 362/6449 365/6450
f 345/6451 365/6452 416/6453
f 345/6451 416/6453 380/6454
f 416/6455 365/6456 504/6457
f 416/6455 504/6457 418/6458
f 418/6458 504/6457 510/6459
f 418/6458 510/6459 420/6460
f 420/6460 510/6459 423/6461
f 423/6461 510/6459 514/6462
f 380/6463 416/6464 376/6465
f 416/6466 418/6467 420/6468
f 416/6466 420/6468 423/6469
f 423/6470 376/6471 416/6472
f 514/6473 472/6474 462/6475
f 506/6476 512/6477 579/6478
f 506/6476 579/6478 541/6479
f 541/6479 579/6478 632/6480
f 506/6476 541/6479 502/6481
f 506/6476 502/6481 468/6482
f 609/6483 611/6484 587/6485
f 609/6486 587/6487 584/6488
f 584/6488 587/6487 552/6489
f 611/6490 609/6491 582/6492
f 582/6492 609/6491 546/6493
f 582/6492 546/6493 547/6494
f 582/6492 547/6494 611/6490
f 611/6490 547/6494 548/6495
f 611/6490 548/6495 588/6496
f 588/6496 548/6495 554/6497
f 554/6497 548/6495 524/6498
f 554/6497 524/6498 525/6499
f 525/6499 524/6498 482/6500
f 525/6499 482/6500 428/6501
f 609/6502 584/6503 546/6504
f 546/6505 584/6506 552/6507
f 547/6508 546/6509 552/6510
f 547/6508 552/6510 556/6511
f 547/6508 556/6511 548/6512
f 552/6513 587/6514 556/6515
f 556/6515 587/6514 591/6516
f 591/6517 587/6518 611/6519
f 591/6520 611/6521 588/6522
f 591/6520 588/6522 558/6523
f 558/6523 588/6522 554/6524
f 558/6523 554/6524 527/6525
f 527/6525 554/6524 525/6526
f 527/6525 525/6526 484/6527
f 556/6528 591/6529 558/6530
f 556/6528 558/6530 529/6531
f 529/6531 558/6530 527/6532
f 529/6531 527/6532 486/6533
f 556/6534 529/6535 548/6536
f 548/6536 529/6535 486/6537
f 548/6536 486/6537 524/6538
f 524/6538 486/6537 383/6539
f 524/6538 383/6539 482/6540
f 486/6541 527/6542 484/6543
f 486/6544 484/6545 383/6546
f 484/6547 525/6548 428/6549
f 484/6547 428/6549 381/6550
f 381/6550 428/6549 373/6551
f 383/6552 484/6553 381/6554
f 383/6552 381/6554 346/6555
f 482/6556 383/6557 377/6558
f 377/6558 383/6557 346/6559
f 377/6558 346/6559 340/6560
f 482/6561 377/6562 428/6563
f 428/6563 377/6562 373/6564
f 373/6564 377/6562 340/6565
f 381/6566 373/6567 346/6568
f 346/6568 373/6567 340/6569
f 189/6570 164/6571 131/6572
f 189/6570 131/6572 163/6573
f 164/6574 189/6575 61/6576
f 61/6576 189/6575 94/6577
f 94/6577 189/6575 190/6578
f 94/6577 190/6578 119/6579
f 189/6580 163/6581 190/6582
f 163/6583 188/6584 190/6585
f 83/6586 94/6587 119/6588
f 118/6589 83/6590 119/6591
f 118/6589 119/6591 132/6592
f 132/6592 119/6591 133/6593
f 188/6594 118/6595 191/6596
f 191/6596 118/6595 132/6597
f 188/6598 191/6599 190/6600
f 190/6600 191/6599 192/6601
f 119/6602 190/6603 192/6604
f 119/6602 192/6604 133/6605
f 133/6606 192/6607 191/6608
f 133/6606 191/6608 132/6609
f 1585/6610 1696/6611 1738/6612
f 1585/6610 1738/6612 1643/6613
f 1696/6611 1585/6610 1674/6614
f 1674/6614 1585/6610 1612/6615
f 1612/6615 1585/6610 1553/6616
f 1553/6616 1585/6610 1583/6617
f 1612/6615 1553/6616 1430/6618
f 1738/6619 1696/6620 2070/6621
f 2070/6621 1696/6620 1921/6622
f 2070/6621 1921/6622 2282/6623
f 1643/6624 1738/6625 2070/6626
f 1643/6624 2070/6626 2190/6627
f 2190/6627 2070/6626 2349/6628
f 2190/6627 2349/6628 2396/6629
f 1643/6624 2190/6627 1772/6630
f 1643/6624 1772/6630 1694/6631
f 1643/6624 1694/6631 1583/6632
f 1583/6632 1694/6631 1425/6633
f 1425/6633 1694/6631 1475/6634
f 2190/6627 2396/6629 2413/6635
f 2413/6635 2396/6629 2453/6636
f 2413/6635 2453/6636 2476/6637
f 2190/6627 2413/6635 2334/6638
f 2334/6638 2413/6635 2351/6639
f 2190/6627 2334/6638 2037/6640
f 2190/6627 2037/6640 1772/6630
f 1772/6630 2037/6640 1805/6641
f 2037/6640 2334/6638 2316/6642
f 1805/6641 2037/6640 1826/6643
f 2037/6640 2316/6642 2099/6644
f 1826/6643 2037/6640 1994/6645
f 2099/6644 2316/6642 2295/6646
f 1826/6643 1994/6645 1937/6647
f 2099/6644 2295/6646 2131/6648
f 1826/6643 1937/6647 1807/6649
f 2131/6648 2295/6646 2158/6650
f 1807/6649 1937/6647 1917/6651
f 2158/6650 2295/6646 2296/6652
f 2158/6650 2296/6652 2192/6653
f 2192/6653 2296/6652 2318/6654
f 1807/6649 1917/6651 1809/6655
f 1809/6655 1917/6651 1875/6656
f 1809/6655 1875/6656 1774/6657
f 1921/6658 1696/6659 1674/6660
f 2282/6661 1921/6662 2346/6663
f 2346/6663 1921/6662 1943/6664
f 1943/6664 1921/6662 1674/6665
f 1943/6664 1674/6665 1746/6666
f 1746/6666 1674/6665 1612/6667
f 2346/6663 1943/6664 2326/6668
f 2346/6663 2326/6668 2407/6669
f 2407/6669 2326/6668 2405/6670
f 2405/6670 2326/6668 2353/6671
f 2405/6670 2353/6671 2429/6672
f 2429/6672 2353/6671 2376/6673
f 2429/6672 2376/6673 2388/6674
f 2429/6672 2388/6674 2439/6675
f 2439/6675 2388/6674 2427/6676
f 2439/6675 2427/6676 2461/6677
f 2041/6678 2326/6668 1943/6664
f 2041/6678 1943/6664 1746/6666
f 2326/6668 2041/6678 2298/6679
f 2041/6678 1746/6666 1831/6680
f 2298/6679 2041/6678 2101/6681
f 2041/6678 1831/6680 2000/6682
f 2298/6679 2101/6681 2323/6683
f 2000/6682 1831/6680 1832/6684
f 2323/6683 2101/6681 2133/6685
f 2000/6682 1832/6684 1940/6686
f 2323/6683 2133/6685 2162/6687
f 1940/6686 1832/6684 1811/6688
f 2323/6683 2162/6687 2324/6689
f 2324/6689 2162/6687 2320/6690
f 2320/6690 2162/6687 2226/6691
f 1940/6686 1811/6688 1941/6692
f 1941/6692 1811/6688 1778/6693
f 1941/6692 1778/6693 1895/6694
f 1895/6694 1778/6693 1776/6695
f 2070/6696 2282/6697 2374/6698
f 2374/6699 2282/6700 2346/6701
f 2374/6699 2346/6701 2425/6702
f 2425/6702 2346/6701 2407/6703
f 2374/6699 2425/6702 2380/6704
f 2380/6704 2425/6702 2445/6705
f 2445/6705 2425/6702 2480/6706
f 2480/6706 2425/6702 2460/6707
f 2480/6706 2460/6707 2469/6708
f 2480/6706 2469/6708 2505/6709
f 2505/6709 2469/6708 2494/6710
f 2349/6711 2070/6712 2374/6713
f 2349/6714 2374/6715 2380/6716
f 2349/6717 2380/6718 2396/6719
f 2396/6719 2380/6718 2445/6720
f 2396/6719 2445/6720 2453/6721
f 2453/6721 2445/6720 2480/6722
f 2453/6721 2480/6722 2476/6723
f 2476/6723 2480/6722 2505/6724
f 2476/6723 2505/6724 2492/6725
f 2492/6725 2505/6724 2500/6726
f 2500/6726 2505/6724 2527/6727
f 2500/6726 2527/6727 2519/6728
f 2460/6729 2425/6730 2407/6731
f 2460/6729 2407/6731 2431/6732
f 2460/6729 2431/6732 2469/6733
f 2469/6733 2431/6732 2482/6734
f 2469/6733 2482/6734 2494/6735
f 2494/6735 2482/6734 2509/6736
f 2509/6736 2482/6734 2487/6737
f 2509/6736 2487/6737 2523/6738
f 2523/6738 2487/6737 2516/6739
f 2431/6740 2407/6741 2423/6742
f 2482/6743 2431/6744 2423/6745
f 2494/6746 2509/6747 2505/6748
f 2505/6749 2509/6750 2527/6751
f 2527/6751 2509/6750 2523/6752
f 2487/6753 2482/6754 2465/6755
f 2465/6755 2482/6754 2423/6756
f 2516/6757 2487/6758 2507/6759
f 2507/6759 2487/6758 2465/6760
f 2523/6761 2516/6762 2521/6763
f 2521/6763 2516/6762 2507/6764
f 2523/6765 2521/6766 2527/6767
f 2527/6767 2521/6766 2519/6768
f 2519/6768 2521/6766 2514/6769
f 2521/6770 2507/6771 2514/6772
f 2507/6773 2465/6774 2485/6775
f 2507/6773 2485/6775 2514/6776
f 2485/6775 2465/6774 2478/6777
f 2478/6777 2465/6774 2423/6778
f 2478/6777 2423/6778 2433/6779
f 2519/6780 2514/6781 2485/6782
f 2519/6780 2485/6782 2500/6783
f 2500/6783 2485/6782 2492/6784
f 2492/6784 2485/6782 2478/6785
f 2492/6784 2478/6785 2433/6786
f 2492/6784 2433/6786 2476/6787
f 2476/6788 2433/6789 2413/6790
f 2413/6790 2433/6789 2423/6791
f 2413/6792 2423/6793 2415/6794
f 2413/6795 2415/6796 2351/6797
f 2415/6798 2423/6799 2419/6800
f 2419/6800 2423/6799 2448/6801
f 2419/6800 2448/6801 2435/6802
f 2435/6802 2448/6801 2467/6803
f 2435/6802 2467/6803 2457/6804
f 2415/6805 2419/6806 2351/6807
f 2351/6807 2419/6806 2370/6808
f 2370/6808 2419/6806 2382/6809
f 2382/6809 2419/6806 2435/6810
f 2382/6809 2435/6810 2417/6811
f 2417/6811 2435/6810 2457/6812
f 2334/6813 2351/6814 2336/6815
f 2351/6816 2370/6817 2336/6818
f 2336/6818 2370/6817 2365/6819
f 2365/6819 2370/6817 2382/6820
f 2365/6819 2382/6820 2403/6821
f 2403/6821 2382/6820 2417/6822
f 2334/6823 2336/6824 2316/6825
f 2316/6825 2336/6824 2295/6826
f 2417/6827 2457/6828 2449/6829
f 2417/6827 2449/6829 2403/6830
f 2449/6831 2457/6832 2467/6833
f 2449/6831 2467/6833 2461/6834
f 2403/6835 2449/6836 2427/6837
f 2427/6837 2449/6836 2461/6838
f 2461/6839 2467/6840 2439/6841
f 2439/6841 2467/6840 2448/6842
f 2439/6841 2448/6842 2429/6843
f 2429/6843 2448/6842 2423/6844
f 2429/6843 2423/6844 2405/6845
f 2405/6845 2423/6844 2407/6846
f 2403/6847 2427/6848 2388/6849
f 2403/6847 2388/6849 2365/6850
f 2365/6850 2388/6849 2376/6851
f 2365/6850 2376/6851 2336/6852
f 2336/6852 2376/6851 2353/6853
f 2353/6854 2326/6855 2336/6856
f 2336/6857 2326/6858 2298/6859
f 2336/6860 2298/6861 2323/6862
f 2336/6860 2323/6862 2344/6863
f 2344/6863 2323/6862 2324/6864
f 2344/6863 2324/6864 2338/6865
f 2338/6865 2324/6864 2320/6866
f 2101/6867 2041/6868 2039/6869
f 2101/6867 2039/6869 2133/6870
f 2133/6870 2039/6869 2072/6871
f 2133/6870 2072/6871 2162/6872
f 2162/6872 2072/6871 2160/6873
f 2162/6872 2160/6873 2226/6874
f 2336/6875 2344/6876 2295/6877
f 2295/6877 2344/6876 2296/6878
f 2296/6878 2344/6876 2338/6879
f 2296/6878 2338/6879 2318/6880
f 2338/6881 2320/6882 2280/6883
f 2280/6883 2320/6882 2226/6884
f 2338/6885 2280/6886 2318/6887
f 2318/6887 2280/6886 2192/6888
f 2192/6888 2280/6886 2160/6889
f 2280/6890 2226/6891 2160/6892
f 2158/6893 2192/6894 2160/6895
f 2158/6893 2160/6895 2072/6896
f 2158/6893 2072/6896 2131/6897
f 2131/6897 2072/6896 2039/6898
f 2131/6897 2039/6898 2099/6899
f 2099/6899 2039/6898 2037/6900
f 2037/6901 2039/6902 1994/6903
f 1994/6903 2039/6902 1937/6904
f 1937/6904 2039/6902 1998/6905
f 1937/6904 1998/6905 1917/6906
f 1917/6906 1998/6905 1919/6907
f 1919/6907 1998/6905 1941/6908
f 1919/6907 1941/6908 1895/6909
f 1772/6910 1805/6911 1715/6912
f 1715/6912 1805/6911 1740/6913
f 1740/6913 1805/6911 1826/6914
f 1740/6913 1826/6914 1807/6915
f 1740/6913 1807/6915 1743/6916
f 1743/6916 1807/6915 1809/6917
f 1743/6916 1809/6917 1744/6918
f 1744/6918 1809/6917 1774/6919
f 1694/6920 1772/6921 1715/6922
f 1643/6923 1583/6924 1585/6925
f 1553/6926 1583/6927 1405/6928
f 1405/6928 1583/6927 1425/6929
f 1405/6928 1425/6929 1359/6930
f 1359/6930 1425/6929 1382/6931
f 1359/6930 1382/6931 1247/6932
f 1359/6930 1247/6932 1226/6933
f 1430/6934 1553/6935 1405/6936
f 1430/6934 1405/6936 1384/6937
f 1384/6937 1405/6936 1359/6938
f 1384/6937 1359/6938 1203/6939
f 1612/6940 1430/6941 1698/6942
f 1698/6942 1430/6941 1477/6943
f 1612/6940 1698/6942 1746/6944
f 1430/6945 1384/6946 1477/6947
f 1477/6947 1384/6946 1428/6948
f 1746/6949 1698/6950 1715/6951
f 1698/6952 1477/6953 1672/6954
f 1672/6954 1477/6953 1508/6955
f 1508/6955 1477/6953 1428/6956
f 1698/6957 1672/6958 1715/6959
f 1715/6959 1672/6958 1694/6960
f 1746/6961 1715/6962 1740/6963
f 1746/6961 1740/6963 1831/6964
f 1831/6964 1740/6963 1832/6965
f 1832/6965 1740/6963 1811/6966
f 1811/6966 1740/6963 1743/6967
f 1672/6968 1508/6969 1694/6970
f 1694/6970 1508/6969 1475/6971
f 1475/6971 1508/6969 1452/6972
f 1475/6971 1452/6972 1426/6973
f 1426/6973 1452/6972 1263/6974
f 1263/6974 1452/6972 1265/6975
f 1508/6976 1428/6977 1452/6978
f 1452/6978 1428/6977 1249/6979
f 1452/6978 1249/6979 1265/6980
f 1428/6981 1384/6982 1203/6983
f 1428/6981 1203/6983 1249/6984
f 1249/6984 1203/6983 1201/6985
f 1425/6986 1475/6987 1382/6988
f 1475/6989 1426/6990 1382/6991
f 1382/6991 1426/6990 1263/6992
f 1382/6991 1263/6992 1247/6993
f 1203/6994 1359/6995 1226/6996
f 1203/6994 1226/6996 1201/6997
f 1201/6997 1226/6996 1247/6998
f 1249/6999 1201/7000 1265/7001
f 1265/7001 1201/7000 1263/7002
f 1263/7002 1201/7000 1247/7003
f 2041/7004 2000/7005 2039/7006
f 2039/7006 2000/7005 1940/7007
f 2039/7008 1940/7009 1998/7010
f 1998/7010 1940/7009 1941/7011
f 1811/7012 1743/7013 1778/7014
f 1743/7015 1744/7016 1778/7017
f 1778/7017 1744/7016 1776/7018
f 1776/7019 1744/7020 1828/7021
f 1828/7021 1744/7020 1774/7022
f 1776/7023 1828/7024 1895/7025
f 1895/7026 1828/7027 1919/7028
f 1919/7028 1828/7027 1875/7029
f 1875/7029 1828/7027 1774/7030
f 1875/7031 1917/7032 1919/7033
